dataset,method,q99_cum_deficit_error,core_q99_cum_deficit_error,netload_ramp_max_mae,imbalance_duration_mae,max_imbalance_run_mae,extreme_degree_match_rate,risk_score,risk_rank,generated_path,load_wasserstein,load_js,load_acf_mae,wind_power_wasserstein,wind_power_js,wind_power_acf_mae,solar_power_wasserstein,solar_power_js,solar_power_acf_mae,mean_wasserstein,mean_js,acf_mae,corr_matrix_error,cum_deficit_mae,cum_deficit_relative_error,q95_cum_deficit_error,netload_ramp_max_relative_error,q95_netload_ramp_max_error,q99_netload_ramp_max_error,imbalance_duration_relative_error,q95_imbalance_duration_error,q99_imbalance_duration_error,core_cum_deficit_mae,core_q95_cum_deficit_error,core_netload_ramp_max_mae,core_q95_netload_ramp_max_error,core_q99_netload_ramp_max_error,core_imbalance_duration_mae,core_q95_imbalance_duration_error,core_q99_imbalance_duration_error,extreme_degree_adjacent_match_rate,highrisk_wasserstein,highrisk_js,highrisk_acf_mae,highrisk_corr_matrix_error,highrisk_cum_deficit_mae,highrisk_q99_cum_deficit_error,highrisk_netload_ramp_max_mae,highrisk_imbalance_duration_mae,model_name,norm_q99_cum_deficit_error,norm_core_q99_cum_deficit_error,norm_netload_ramp_max_mae,norm_imbalance_duration_mae
singleton,TargetSelected_empirical_ganfix_model_pool_q99_guard,0.19796906165257155,1.9666838367744148,0.8778594589537188,6.666666666666667,,0.42857142857142855,0.06914974010270244,1,C:\Users\13411\MyPython\project\ExtremeScene\results\method_pool_risk_target_selection_expanded_fast\singleton\generated_samples_TargetSelected_empirical_ganfix_model_pool_q99_guard.npy,0.794259336890367,0.08404848803663482,0.08136467223621069,0.5894444954566775,0.16204793057155967,0.21017221490149016,0.3475875104260306,0.1485620985977743,0.10590014815576983,0.5770971142576917,0.13155283906865625,0.13247901176449023,0.14767227114887882,24.29322336769028,0.15789808171817846,4.979010850213442,0.006860365367879796,0.7684023082256317,0.33907101750373947,0.32824427454606386,5.0,7.400000000000002,9.111526078680113,1.6470575394783005,1.3217005282640457,2.308952569961548,3.2622864246368413,2.4285714285714284,1.0,1.0,0.6666666666666666,,,,,,,,,TargetSelected_empirical_ganfix_model_pool_q99_guard,0.0,0.11418324246106563,0.04150214638060788,0.16346153846153857
singleton,TargetSelected_empirical_targeted_expanded_pool_duration_guard,0.19796906165257155,1.9666838367744148,0.9692181320029444,6.190476190476191,,0.42857142857142855,0.07870504683579464,2,C:\Users\13411\MyPython\project\ExtremeScene\results\method_pool_risk_target_selection_expanded_fast\singleton\generated_samples_TargetSelected_empirical_targeted_expanded_pool_duration_guard.npy,0.6217712911348494,0.05843072276330672,0.05445755459772713,0.5578199211340495,0.17618080081945442,0.13541426384257615,0.28771863289818167,0.12879215964693919,0.08716432401602749,0.4891032817223602,0.12113456107656677,0.09234538081877693,0.13292230596127597,25.71558805178189,0.14404834198777483,4.979010850213442,0.019840090353314317,0.9048795998096466,0.31177555918693756,0.2748091600850766,5.0,7.400000000000002,9.580204750766248,1.6470575394783005,1.0845433310383843,1.115410566329956,1.9122472286224368,2.238095238095238,1.0,0.1999999999999993,0.6666666666666666,,,,,,,,,TargetSelected_empirical_targeted_expanded_pool_duration_guard,0.0,0.11418324246106563,0.13741568100528434,0.06730769230769242
singleton,TargetSelected_empirical_targeted_expanded_pool_q99_guard,0.19796906165257155,1.9666838367744148,0.9818458343423637,6.380952380952381,,0.42857142857142855,0.08778859775969045,3,C:\Users\13411\MyPython\project\ExtremeScene\results\method_pool_risk_target_selection_expanded_fast\singleton\generated_samples_TargetSelected_empirical_targeted_expanded_pool_q99_guard.npy,0.6837625207093657,0.06720274773230103,0.06881781670014055,0.5728817061427487,0.18411155937923296,0.15596817881088354,0.34644893125884846,0.15138798983393878,0.10605237517834727,0.5343643860369877,0.13423409898182426,0.11027945689645711,0.16117971142053877,25.593569472897748,0.16962412092359347,4.979010850213442,0.010381969133751964,0.9048795998096466,0.31177555918693756,0.2977099234254996,5.0,7.400000000000002,9.921118738257075,1.6470575394783005,1.189601331239655,2.2718474864959717,2.1435346126556394,2.5714285714285716,1.0,1.0,0.6666666666666666,,,,,,,,,TargetSelected_empirical_targeted_expanded_pool_q99_guard,0.0,0.11418324246106563,0.15067296162394447,0.10576923076923091
singleton,TargetSelected_empirical_all_method_pool_q99_guard,0.19796906165257155,1.9666838367744148,0.961007166393323,6.571428571428571,,0.42857142857142855,0.08808842361871218,4,C:\Users\13411\MyPython\project\ExtremeScene\results\method_pool_risk_target_selection_expanded_fast\singleton\generated_samples_TargetSelected_empirical_all_method_pool_q99_guard.npy,0.699504827380811,0.06676183375310463,0.06509251754330438,0.5656797358490251,0.1640456305798381,0.16202764410776113,0.31138150963968697,0.13709856024695755,0.09961389853764828,0.5255220242898411,0.12263534152663343,0.10891135339623793,0.1537144900815295,25.697818036688666,0.18509596682578983,4.979010850213442,0.0068263394347411405,0.7684023082256317,0.33907101750373947,0.3129770989857816,5.0,7.400000000000002,9.811569892847992,1.6470575394783005,1.135014194108191,2.2718474864959717,2.1435346126556394,2.5714285714285716,1.0,1.0,0.6666666666666666,,,,,,,,,TargetSelected_empirical_all_method_pool_q99_guard,0.0,0.11418324246106563,0.1287953419831084,0.14423076923076922
singleton,TargetSelected_empirical_ganfix_model_pool_duration_guard,0.19796906165257155,1.9666838367744148,0.9567454726091542,6.666666666666667,,0.42857142857142855,0.08985449683134519,5,C:\Users\13411\MyPython\project\ExtremeScene\results\method_pool_risk_target_selection_expanded_fast\singleton\generated_samples_TargetSelected_empirical_ganfix_model_pool_duration_guard.npy,0.6913727480898457,0.07214934562821661,0.048618512094380874,0.580191730107698,0.17142946803995804,0.18678540705831337,0.30983812556425816,0.1259385980599088,0.08336335130988388,0.527134201253934,0.12317247057602781,0.10625575682085937,0.13857547427982994,24.69516024952273,0.13966776239707498,4.979010850213442,0.003550699875064138,0.7020208537578583,0.35234730839729345,0.32824427454606386,5.0,7.400000000000002,9.190887473254406,1.6470575394783005,1.2174738936481022,2.2718474864959717,2.1435346126556394,2.380952380952381,1.0,1.0,0.6666666666666666,,,,,,,,,TargetSelected_empirical_ganfix_model_pool_duration_guard,0.0,0.11418324246106563,0.12432117329517889,0.16346153846153857
singleton,TargetSelected_empirical_ganfix_model_pool_paper_weights,0.19796906165257155,1.9666838367744148,0.9317120667602423,6.904761904761905,,0.38095238095238093,0.0904956617352208,6,C:\Users\13411\MyPython\project\ExtremeScene\results\method_pool_risk_target_selection_expanded_fast\singleton\generated_samples_TargetSelected_empirical_ganfix_model_pool_paper_weights.npy,0.7918937433333624,0.08802434480790815,0.10528542395142056,0.6075911222755042,0.1791749130561546,0.2325691831560165,0.3745521521967059,0.1730642134421678,0.12265879809672488,0.5913456726018574,0.1467544904354102,0.1535044684013873,0.16891441365761173,23.51624028479346,0.15163496927316353,4.979010850213442,0.0053625411533509,0.7684023082256317,0.33907101750373947,0.3549618317765573,5.0,7.400000000000002,9.115051411357758,1.6470575394783005,1.4510646895283745,2.308952569961548,3.2622864246368413,2.5238095238095237,1.0,1.0,0.7142857142857143,,,,,,,,,TargetSelected_empirical_ganfix_model_pool_paper_weights,0.0,0.11418324246106563,0.0980396790645275,0.21153846153846165
singleton,TargetSelected_empirical_ganfix_model_pool_core_ramp_guard,0.19796906165257155,1.9666838367744148,0.9317120667602423,6.904761904761905,,0.38095238095238093,0.0904956617352208,6,C:\Users\13411\MyPython\project\ExtremeScene\results\method_pool_risk_target_selection_expanded_fast\singleton\generated_samples_TargetSelected_empirical_ganfix_model_pool_core_ramp_guard.npy,0.7918937433333624,0.08802434480790815,0.10528542395142056,0.6075911222755042,0.1791749130561546,0.2325691831560165,0.3745521521967059,0.1730642134421678,0.12265879809672488,0.5913456726018574,0.1467544904354102,0.1535044684013873,0.16891441365761173,23.51624028479346,0.15163496927316353,4.979010850213442,0.0053625411533509,0.7684023082256317,0.33907101750373947,0.3549618317765573,5.0,7.400000000000002,9.115051411357758,1.6470575394783005,1.4510646895283745,2.308952569961548,3.2622864246368413,2.5238095238095237,1.0,1.0,0.7142857142857143,,,,,,,,,TargetSelected_empirical_ganfix_model_pool_core_ramp_guard,0.0,0.11418324246106563,0.0980396790645275,0.21153846153846165
singleton,TargetSelected_empirical_riskfirst_evt_pool_q99_guard,0.19796906165257155,1.9666838367744148,1.0159168796048366,6.238095238095238,,0.3333333333333333,0.09240410529830487,8,C:\Users\13411\MyPython\project\ExtremeScene\results\method_pool_risk_target_selection_expanded_fast\singleton\generated_samples_TargetSelected_empirical_riskfirst_evt_pool_q99_guard.npy,0.8337300044518927,0.09354365612748268,0.08651505398924819,0.7159834229806191,0.2668121496667157,0.24056535843373952,0.5066560740804504,0.27727900657458915,0.10913257223624777,0.6854565005043206,0.2125449374562625,0.14540432821974517,0.21471199120703885,22.594749351023353,0.05957895168255635,4.979010850213442,0.015161439582807938,0.9048795998096466,0.31177555918693756,0.24045801507444203,5.0,7.400000000000002,7.987811994523681,1.6470575394783005,1.424965745636395,2.308952569961548,3.2622864246368413,2.2857142857142856,1.0,1.0,0.8571428571428571,,,,,,,,,TargetSelected_empirical_riskfirst_evt_pool_q99_guard,0.0,0.11418324246106563,0.18644268408609452,0.076923076923077
singleton,TargetSelected_empirical_riskfirst_evt_pool_duration_guard,0.19796906165257155,1.9666838367744148,1.0046309756968792,6.428571428571429,,0.3333333333333333,0.09521119000324413,9,C:\Users\13411\MyPython\project\ExtremeScene\results\method_pool_risk_target_selection_expanded_fast\singleton\generated_samples_TargetSelected_empirical_riskfirst_evt_pool_duration_guard.npy,0.7963536738087892,0.09009161898047151,0.0797712350280063,0.7174140445188318,0.26946947374116087,0.23841871651543803,0.49764287422693176,0.27502727097204277,0.0908128556318978,0.6704701975181843,0.21152945456455838,0.13633426905844737,0.20873719307622277,22.453047704871427,0.053830095273840965,4.979010850213442,0.0170871142570936,0.9048795998096466,0.31177555918693756,0.255725190634724,5.0,7.400000000000002,7.8458092533203425,1.6470575394783005,1.4058759219589687,2.308952569961548,3.2622864246368413,2.238095238095238,2.0,2.0,0.8571428571428571,,,,,,,,,TargetSelected_empirical_riskfirst_evt_pool_duration_guard,0.0,0.11418324246106563,0.1745940998289284,0.11538461538461549
singleton,TargetSelected_empirical_ganfix_model_pool_global_main,0.24529180772731252,1.9666838367744148,0.9546115768995757,6.9523809523809526,,0.38095238095238093,0.09829730594100654,10,C:\Users\13411\MyPython\project\ExtremeScene\results\method_pool_risk_target_selection_expanded_fast\singleton\generated_samples_TargetSelected_empirical_ganfix_model_pool_global_main.npy,0.6770951259073127,0.07901001864143288,0.055280202638267086,0.6009692791898651,0.18166404197468264,0.20940075648242942,0.3405674114625197,0.17757850596404734,0.07476783212973141,0.5395439388532325,0.14608418886005428,0.11314959708347598,0.16097402286054324,28.508220920635598,0.1857063876762906,5.215624580587146,0.01341540391434099,0.03170916438102722,0.48640964627266037,0.3358778623262048,5.0,7.400000000000002,9.226585904235208,1.6470575394783005,1.2683495801119578,2.2718474864959717,2.1435346126556394,2.4285714285714284,2.0,2.0,0.6666666666666666,,,,,,,,,TargetSelected_empirical_ganfix_model_pool_global_main,0.0011634474911280859,0.11418324246106563,0.12208088812908598,0.22115384615384623
singleton,TargetSelected_empirical_ganfix_model_pool_global_q99,0.24529180772731252,2.00640653546796,0.8939598846482113,7.476190476190476,,0.3333333333333333,0.09903754641046422,11,C:\Users\13411\MyPython\project\ExtremeScene\results\method_pool_risk_target_selection_expanded_fast\singleton\generated_samples_TargetSelected_empirical_ganfix_model_pool_global_q99.npy,0.941801721772189,0.10674335829499067,0.1676754194910588,0.5941950469548818,0.165690445001645,0.23344343100197631,0.3984915996814419,0.20592161200921463,0.16612959803489816,0.6448294561361708,0.15945180510195012,0.18908281617597775,0.18206984948587765,26.6308365325946,0.20667693684053068,5.215624580587146,0.008775331193759258,0.03170916438102722,0.48640964627266037,0.4236641217978265,9.0,8.2,9.574292864976604,1.4484440460105859,1.5218860315425056,2.308952569961548,3.2622864246368413,2.380952380952381,2.0,1.1999999999999993,0.7142857142857143,,,,,,,,,TargetSelected_empirical_ganfix_model_pool_global_q99,0.0011634474911280859,0.11682909405999349,0.058405289626664816,0.3269230769230769
singleton,TargetSelected_empirical_targeted_expanded_pool_paper_weights,0.19796906165257155,1.9666838367744148,0.9729544193140187,6.857142857142857,,0.42857142857142855,0.09987799629537429,12,C:\Users\13411\MyPython\project\ExtremeScene\results\method_pool_risk_target_selection_expanded_fast\singleton\generated_samples_TargetSelected_empirical_targeted_expanded_pool_paper_weights.npy,0.7064399697162485,0.06925714341774486,0.08958485484889152,0.5710916851533862,0.18285128877277199,0.1608848115857983,0.34854241782555595,0.15509171275140135,0.12468977828604917,0.5420246908983969,0.13573338164730606,0.12505314824024633,0.17011533142029273,26.094124099885963,0.1819150374806759,4.979010850213442,0.011899080468234896,0.9048795998096466,0.31177555918693756,0.3358778623262048,5.0,7.400000000000002,9.918540526016423,1.6470575394783005,1.2648625721534092,2.2718474864959717,2.1435346126556394,2.619047619047619,1.0,1.0,0.6666666666666666,,,,,,,,,TargetSelected_empirical_targeted_expanded_pool_paper_weights,0.0,0.11418324246106563,0.1413382480743723,0.20192307692307687
singleton,TargetSelected_empirical_all_method_pool_paper_weights,0.19796906165257155,1.9666838367744148,0.952115751364978,7.0476190476190474,,0.42857142857142855,0.10017782215439607,13,C:\Users\13411\MyPython\project\ExtremeScene\results\method_pool_risk_target_selection_expanded_fast\singleton\generated_samples_TargetSelected_empirical_all_method_pool_paper_weights.npy,0.7215730273534381,0.06886068532446835,0.08585955569205532,0.5605965787347742,0.1626408988477446,0.16694427688267588,0.3136845480037366,0.1400878939156178,0.11825130164535018,0.5319513846973162,0.12386315936261023,0.12368504474002713,0.16265011008128344,26.198372663676878,0.19738688338287208,4.979010850213442,0.008343450769224074,0.7684023082256317,0.33907101750373947,0.3511450378864868,5.0,7.400000000000002,9.808991680607338,1.6470575394783005,1.2102754350219453,2.2718474864959717,2.1435346126556394,2.619047619047619,1.0,1.0,0.6666666666666666,,,,,,,,,TargetSelected_empirical_all_method_pool_paper_weights,0.0,0.11418324246106563,0.11946062843353628,0.24038461538461536
singleton,TargetSelected_empirical_all_method_pool_duration_guard,0.19796906165257155,1.9666838367744148,1.0101757488668053,6.571428571428571,,0.42857142857142855,0.10099341769348268,14,C:\Users\13411\MyPython\project\ExtremeScene\results\method_pool_risk_target_selection_expanded_fast\singleton\generated_samples_TargetSelected_empirical_all_method_pool_duration_guard.npy,0.6136380948086895,0.05691630696170002,0.04882515467306391,0.5493434972361361,0.1680218971285295,0.12600789116355476,0.2516755037131444,0.11314346971024461,0.07466251242226077,0.4715523652526566,0.11269389126682472,0.08316518608629316,0.1387902514615753,26.400332715804492,0.1737740350126896,4.979010850213442,0.005065422626074902,0.7020208537578583,0.35234730839729345,0.3129770989857816,5.0,7.400000000000002,9.915330935880885,1.6470575394783005,1.0380453502848035,0.9844858646392822,1.8860622882843026,2.4285714285714284,1.0,0.1999999999999993,0.6666666666666666,,,,,,,,,TargetSelected_empirical_all_method_pool_duration_guard,0.0,0.11418324246106563,0.1804153182821904,0.14423076923076922
singleton,TargetSelected_empirical_rf_duration_pool_q99_guard,0.19796906165257155,1.9666838367744148,0.9921317227417603,6.761904761904762,,0.3333333333333333,0.10202673706330927,15,C:\Users\13411\MyPython\project\ExtremeScene\results\method_pool_risk_target_selection_expanded_fast\singleton\generated_samples_TargetSelected_empirical_rf_duration_pool_q99_guard.npy,0.8808120615267878,0.11076344529248243,0.10616631444909459,0.7630501215114558,0.2997829124038723,0.2581548412528433,0.553664068006222,0.3381857266017219,0.11347659194847959,0.7325087503481552,0.24957736143269224,0.1592659158834725,0.2197342036977621,23.983630043415815,0.04429197068973764,4.979010850213442,0.0035668364327963507,0.9048795998096466,0.31177555918693756,0.20610687006380743,5.0,7.400000000000002,7.359385884600083,1.6470575394783005,1.435818945368131,2.308952569961548,3.2622864246368413,2.238095238095238,1.0,1.0,0.8571428571428571,,,,,,,,,TargetSelected_empirical_rf_duration_pool_q99_guard,0.0,0.11418324246106563,0.16147167268457369,0.1826923076923077
singleton,TargetSelected_empirical_rf_duration_pool_duration_guard,0.19796906165257155,1.9666838367744148,0.9850322872987904,6.904761904761905,,0.38095238095238093,0.10449031229254623,16,C:\Users\13411\MyPython\project\ExtremeScene\results\method_pool_risk_target_selection_expanded_fast\singleton\generated_samples_TargetSelected_empirical_rf_duration_pool_duration_guard.npy,0.811609416096299,0.1048399837966629,0.08817203461132335,0.7674397090449928,0.30497669513690534,0.25113968193145325,0.5373347160556472,0.3294291914548493,0.08837671421667574,0.7054612803989797,0.2464152901294725,0.1425628102531508,0.2134079713357177,24.043329711380938,0.04348844214901894,4.979010850213442,0.004778188500450756,0.9048795998096466,0.31177555918693756,0.2175572517340189,5.0,7.400000000000002,7.429022568457954,1.6470575394783005,1.444520848847571,2.308952569961548,3.2622864246368413,2.1904761904761907,2.0,2.0,0.8095238095238095,,,,,,,,,TargetSelected_empirical_rf_duration_pool_duration_guard,0.0,0.11418324246106563,0.15401828129382913,0.21153846153846165
singleton,TargetSelected_empirical_riskfirst_evt_pool_paper_weights,0.19796906165257155,1.9666838367744148,1.0070254645764916,6.714285714285714,,0.3333333333333333,0.10449350383398875,17,C:\Users\13411\MyPython\project\ExtremeScene\results\method_pool_risk_target_selection_expanded_fast\singleton\generated_samples_TargetSelected_empirical_riskfirst_evt_pool_paper_weights.npy,0.857103688691659,0.09700741647161315,0.10667519955451765,0.7088262487705503,0.2626269596564137,0.2454819912086543,0.5067390745338267,0.2820172132648535,0.1277699753439497,0.6908896706653453,0.2138838631309601,0.15997572203570723,0.2160625467821401,23.095303978011565,0.0718698682396386,4.979010850213442,0.01667855091729072,0.9048795998096466,0.31177555918693756,0.2786259539751471,5.0,7.400000000000002,7.98523378228303,1.6470575394783005,1.5002269865501494,2.308952569961548,3.2622864246368413,2.3333333333333335,1.0,1.0,0.8571428571428571,,,,,,,,,TargetSelected_empirical_riskfirst_evt_pool_paper_weights,0.0,0.11418324246106563,0.17710797053652236,0.17307692307692316
singleton,TargetSelected_empirical_targeted_expanded_pool_core_ramp_guard,0.19796906165257155,1.9666838367744148,0.9993018734191234,6.904761904761905,,0.42857142857142855,0.10823556820737026,18,C:\Users\13411\MyPython\project\ExtremeScene\results\method_pool_risk_target_selection_expanded_fast\singleton\generated_samples_TargetSelected_empirical_targeted_expanded_pool_core_ramp_guard.npy,0.71605822144362,0.06843813577317781,0.0881614674597263,0.544705463903488,0.1735754420048934,0.1552036397262948,0.3094956845155731,0.13995930459119432,0.12267978302098442,0.523419789954227,0.12732429412308852,0.12201496340233518,0.15362837201824178,26.544409136519477,0.16439970873979984,4.979010850213442,0.016394655259220983,0.9048795998096466,0.31177555918693756,0.3320610684361343,5.0,7.400000000000002,10.361973614499986,1.6470575394783005,1.1163139577422823,1.115410566329956,1.9122472286224368,2.5238095238095237,1.0,0.1999999999999993,0.6666666666666666,,,,,,,,,TargetSelected_empirical_targeted_expanded_pool_core_ramp_guard,0.0,0.11418324246106563,0.16899930495312532,0.21153846153846165
singleton,TargetSelected_empirical_all_method_pool_core_ramp_guard,0.19796906165257155,1.9666838367744148,0.9784632054700827,7.095238095238095,,0.42857142857142855,0.10853539406639202,19,C:\Users\13411\MyPython\project\ExtremeScene\results\method_pool_risk_target_selection_expanded_fast\singleton\generated_samples_TargetSelected_empirical_all_method_pool_core_ramp_guard.npy,0.7319465538181325,0.06885279748904805,0.08443616830289012,0.5346147226485074,0.15482798073186235,0.16016724726261744,0.2748193918867968,0.12084492789450009,0.11624130638028542,0.5137935561178123,0.11484190203847017,0.120281573981931,0.1461631506792325,26.64865770031039,0.17987155464199586,4.979010850213442,0.012839025560210006,0.7684023082256317,0.33907101750373947,0.3473282439964163,5.0,7.400000000000002,10.252424769090899,1.6470575394783005,1.0617268206108184,0.9844858646392822,1.8860622882843026,2.5238095238095237,1.0,0.1999999999999993,0.6666666666666666,,,,,,,,,TargetSelected_empirical_all_method_pool_core_ramp_guard,0.0,0.11418324246106563,0.1471216853122894,0.24999999999999994
singleton,TargetSelected_empirical_riskfirst_evt_pool_core_ramp_guard,0.19796906165257155,1.9666838367744148,0.9756378175834903,7.190476190476191,,0.3333333333333333,0.11067844619859787,20,C:\Users\13411\MyPython\project\ExtremeScene\results\method_pool_risk_target_selection_expanded_fast\singleton\generated_samples_TargetSelected_empirical_riskfirst_evt_pool_core_ramp_guard.npy,0.8631873178103612,0.1025279171897185,0.11064117493991625,0.7234149563259311,0.27765470010533927,0.25105188273072926,0.5311896540129464,0.31352079089838064,0.13127703376770986,0.7059306427164129,0.23123446939781278,0.16432336381278512,0.21964611776849458,24.101029859061857,0.04717467571357208,4.979010850213442,0.011322985479840522,0.9048795998096466,0.31177555918693756,0.24045801507444203,5.0,7.400000000000002,7.915041270181412,1.6470575394783005,1.5164911981139864,2.308952569961548,3.2622864246368413,2.380952380952381,1.0,1.0,0.8571428571428571,,,,,,,,,TargetSelected_empirical_riskfirst_evt_pool_core_ramp_guard,0.0,0.11418324246106563,0.14415543230265118,0.2692307692307693
singleton,TargetSelected_empirical_rf_duration_pool_core_ramp_guard,0.19796906165257155,1.9666838367744148,0.9874267761784029,7.190476190476191,,0.38095238095238093,0.11377262612329087,21,C:\Users\13411\MyPython\project\ExtremeScene\results\method_pool_risk_target_selection_expanded_fast\singleton\generated_samples_TargetSelected_empirical_rf_duration_pool_core_ramp_guard.npy,0.8765907401130316,0.1127889254842971,0.11236590527495671,0.7587947152288896,0.298608031743607,0.25820295662466947,0.5461506215783798,0.33793028483937415,0.12533383392872763,0.727178692306767,0.24977574735575944,0.16530089860945127,0.2241351521024336,24.685585984521076,0.061528215114816744,4.979010850213442,0.0043696251606478755,0.9048795998096466,0.31177555918693756,0.24045801507444203,5.0,7.400000000000002,7.568447097420643,1.6470575394783005,1.5388719134387516,2.308952569961548,3.2622864246368413,2.2857142857142856,1.0,1.0,0.8095238095238095,,,,,,,,,TargetSelected_empirical_rf_duration_pool_core_ramp_guard,0.0,0.11418324246106563,0.1565321520014232,0.2692307692307693
singleton,TargetSelected_empirical_rf_duration_pool_paper_weights,0.19796906165257155,1.9666838367744148,0.9832403077134153,7.238095238095238,,0.3333333333333333,0.11411613559899314,22,C:\Users\13411\MyPython\project\ExtremeScene\results\method_pool_risk_target_selection_expanded_fast\singleton\generated_samples_TargetSelected_empirical_rf_duration_pool_paper_weights.npy,0.9049696256874729,0.11431782564314702,0.12693335259784555,0.7558191387751508,0.2954355062406338,0.26307147402775805,0.5535948605880048,0.3445060497833982,0.13251984368019093,0.7381278750168762,0.25141979388905966,0.17417489010193152,0.22536708049227627,24.484184670404023,0.05658288724682006,4.979010850213442,0.005083947767279284,0.9048795998096466,0.31177555918693756,0.24427480896451254,5.0,7.400000000000002,7.35680767235943,1.6470575394783005,1.5110801862818855,2.308952569961548,3.2622864246368413,2.2857142857142856,1.0,1.0,0.8571428571428571,,,,,,,,,TargetSelected_empirical_rf_duration_pool_paper_weights,0.0,0.11418324246106563,0.15213695913500155,0.27884615384615385
singleton,TargetSelected_empirical_targeted_expanded_pool_global_q99,2.340542345043417,3.205792848651569,0.8591668862195331,7.0,,0.42857142857142855,0.11490294442592844,23,C:\Users\13411\MyPython\project\ExtremeScene\results\method_pool_risk_target_selection_expanded_fast\singleton\generated_samples_TargetSelected_empirical_targeted_expanded_pool_global_q99.npy,0.6536450291436815,0.06465286950543683,0.08635435602381171,0.672228803912365,0.1802256961264798,0.1595229425523829,0.3311121562879952,0.14412904783917246,0.10433410506152241,0.5523286631146805,0.12966920449036304,0.11673713454590567,0.1436225532219588,27.124775185350693,0.1478116387859524,6.533682961197286,0.0334602815337741,1.186618983745575,0.7883457779884333,0.2862595417552881,4.0,6.400000000000002,9.113684359377235,1.6470575394783005,1.1364753594001133,1.115410566329956,1.8825631618499759,2.4761904761904763,1.0,1.0,0.6666666666666666,,,,,,,,,TargetSelected_empirical_targeted_expanded_pool_global_q99,0.05267596912449019,0.19671788054329253,0.021877619640836045,0.2307692307692308
singleton,TargetSelected_empirical_all_method_pool_global_q99,2.340542345043417,3.205792848651569,0.8383282182704923,7.190476190476191,,0.42857142857142855,0.11520277028495018,24,C:\Users\13411\MyPython\project\ExtremeScene\results\method_pool_risk_target_selection_expanded_fast\singleton\generated_samples_TargetSelected_empirical_all_method_pool_global_q99.npy,0.6684053792524591,0.06735213419892919,0.08262905686697554,0.6575951613830747,0.1698420078030191,0.16448655008870552,0.2953850372408823,0.13041044720035236,0.09838653788841141,0.5404618592921387,0.12253486306743355,0.11516738161469749,0.1361573318829495,27.229023749141604,0.1632834846881484,6.533682961197286,0.029904651834763277,0.7684023082256317,0.7047024428844448,0.30152671731557007,4.0,6.400000000000002,9.004135513968148,1.6470575394783005,1.0818882222686494,0.9844858646392822,1.8563782215118416,2.4761904761904763,1.0,1.0,0.6666666666666666,,,,,,,,,TargetSelected_empirical_all_method_pool_global_q99,0.05267596912449019,0.19671788054329253,0.0,0.2692307692307693
singleton,TargetSelected_empirical_all_method_pool_global_main,4.5608553049796825,1.8195230885197304,1.0077636681020348,6.476190476190476,,0.38095238095238093,0.12671404935986688,25,C:\Users\13411\MyPython\project\ExtremeScene\results\method_pool_risk_target_selection_expanded_fast\singleton\generated_samples_TargetSelected_empirical_all_method_pool_global_main.npy,0.4930589823495774,0.05935047414656148,0.024980534988145734,0.5849984530211677,0.13214917658462966,0.13432557704144213,0.21233106040823957,0.09329567075166634,0.05338609938932246,0.4301294985929949,0.09493177382761915,0.07089740380630344,0.08651751709187011,30.49179699659569,0.1308204763988876,3.2799800256524634,0.008464650435267333,0.7684023082256317,0.9399622142314907,0.23664122118437153,2.0,6.800000000000004,10.699784514464161,1.6470575394783005,1.1698384746199562,1.5305984020233154,1.901636266708374,2.3333333333333335,1.0,0.1999999999999993,0.6190476190476191,,,,,,,,,TargetSelected_empirical_all_method_pool_global_main,0.10726319740319405,0.10438115161942932,0.17788297861231936,0.12500000000000006
singleton,TargetSelected_empirical_riskfirst_evt_pool_global_main,0.19796906165257155,1.9666838367744148,1.086065500359317,7.190476190476191,,0.38095238095238093,0.1396617627845753,26,C:\Users\13411\MyPython\project\ExtremeScene\results\method_pool_risk_target_selection_expanded_fast\singleton\generated_samples_TargetSelected_empirical_riskfirst_evt_pool_global_main.npy,0.814977806081217,0.0973149292170173,0.07656891241458207,0.6494053307398366,0.24176942206521068,0.22177654561385884,0.46068554411499585,0.23944505242561454,0.10102289960607382,0.6416895603120164,0.19284313456928084,0.13312278587817158,0.20372771027607492,29.00159394946092,0.13683289433212165,4.979010850213442,0.022877411479591,0.41851506754755974,0.40904846563935315,0.3167938928758521,5.0,7.400000000000002,8.448154024887568,1.6470575394783005,1.3991175953830992,2.308952569961548,3.2622864246368413,2.5238095238095237,2.0,2.0,0.7142857142857143,,,,,,,,,TargetSelected_empirical_riskfirst_evt_pool_global_main,0.0,0.11418324246106563,0.2600886986465608,0.2692307692307693
singleton,TargetSelected_val_calibrated_rf_duration_pool_paper_weights,7.163008848158242,2.138747570164462,0.9527057238155976,7.190476190476191,,0.47619047619047616,0.15946927691305562,27,C:\Users\13411\MyPython\project\ExtremeScene\results\method_pool_risk_target_selection_expanded_fast\singleton\generated_samples_TargetSelected_val_calibrated_rf_duration_pool_paper_weights.npy,0.7674017081815729,0.1071014282938002,0.07344997016293885,0.7575131902944237,0.2874423201392146,0.23359259197169815,0.5276650857946372,0.3103862160842965,0.08821434499826768,0.6841933280902112,0.23497665483910377,0.13175230237763488,0.21568120937081633,25.50912554303847,0.08828452755932413,10.502783602363522,0.002516551495569352,0.33326688408851624,0.5594048559665676,0.255725190634724,5.0,9.000000000000004,7.478755195603718,0.7867388725280726,1.3328023985737847,2.308952569961548,2.41713719367981,2.1904761904761907,1.0,1.0,0.8095238095238095,,,,,,,,,TargetSelected_val_calibrated_rf_duration_pool_paper_weights,0.17123811987619691,0.1256440726433194,0.1200800150903414,0.2692307692307693
singleton,TargetSelected_val_calibrated_rf_duration_pool_core_ramp_guard,7.163008848158242,2.138747570164462,0.9527057238155976,7.190476190476191,,0.47619047619047616,0.15946927691305562,27,C:\Users\13411\MyPython\project\ExtremeScene\results\method_pool_risk_target_selection_expanded_fast\singleton\generated_samples_TargetSelected_val_calibrated_rf_duration_pool_core_ramp_guard.npy,0.7674017081815729,0.1071014282938002,0.07344997016293885,0.7575131902944237,0.2874423201392146,0.23359259197169815,0.5276650857946372,0.3103862160842965,0.08821434499826768,0.6841933280902112,0.23497665483910377,0.13175230237763488,0.21568120937081633,25.50912554303847,0.08828452755932413,10.502783602363522,0.002516551495569352,0.33326688408851624,0.5594048559665676,0.255725190634724,5.0,9.000000000000004,7.478755195603718,0.7867388725280726,1.3328023985737847,2.308952569961548,2.41713719367981,2.1904761904761907,1.0,1.0,0.8095238095238095,,,,,,,,,TargetSelected_val_calibrated_rf_duration_pool_core_ramp_guard,0.17123811987619691,0.1256440726433194,0.1200800150903414,0.2692307692307693
singleton,TargetSelected_val_calibrated_rf_duration_pool_q99_guard,7.163008848158242,2.138747570164462,0.9527057238155976,7.190476190476191,,0.47619047619047616,0.15946927691305562,27,C:\Users\13411\MyPython\project\ExtremeScene\results\method_pool_risk_target_selection_expanded_fast\singleton\generated_samples_TargetSelected_val_calibrated_rf_duration_pool_q99_guard.npy,0.7674017081815729,0.1071014282938002,0.07344997016293885,0.7575131902944237,0.2874423201392146,0.23359259197169815,0.5276650857946372,0.3103862160842965,0.08821434499826768,0.6841933280902112,0.23497665483910377,0.13175230237763488,0.21568120937081633,25.50912554303847,0.08828452755932413,10.502783602363522,0.002516551495569352,0.33326688408851624,0.5594048559665676,0.255725190634724,5.0,9.000000000000004,7.478755195603718,0.7867388725280726,1.3328023985737847,2.308952569961548,2.41713719367981,2.1904761904761907,1.0,1.0,0.8095238095238095,,,,,,,,,TargetSelected_val_calibrated_rf_duration_pool_q99_guard,0.17123811987619691,0.1256440726433194,0.1200800150903414,0.2692307692307693
singleton,TargetSelected_val_calibrated_rf_duration_pool_global_q99,7.163008848158242,2.138747570164462,0.9527057238155976,7.190476190476191,,0.47619047619047616,0.15946927691305562,27,C:\Users\13411\MyPython\project\ExtremeScene\results\method_pool_risk_target_selection_expanded_fast\singleton\generated_samples_TargetSelected_val_calibrated_rf_duration_pool_global_q99.npy,0.7674017081815729,0.1071014282938002,0.07344997016293885,0.7575131902944237,0.2874423201392146,0.23359259197169815,0.5276650857946372,0.3103862160842965,0.08821434499826768,0.6841933280902112,0.23497665483910377,0.13175230237763488,0.21568120937081633,25.50912554303847,0.08828452755932413,10.502783602363522,0.002516551495569352,0.33326688408851624,0.5594048559665676,0.255725190634724,5.0,9.000000000000004,7.478755195603718,0.7867388725280726,1.3328023985737847,2.308952569961548,2.41713719367981,2.1904761904761907,1.0,1.0,0.8095238095238095,,,,,,,,,TargetSelected_val_calibrated_rf_duration_pool_global_q99,0.17123811987619691,0.1256440726433194,0.1200800150903414,0.2692307692307693
singleton,TargetSelected_val_calibrated_rf_duration_pool_duration_guard,7.163008848158242,2.138747570164462,1.0339726563598517,6.523809523809524,,0.47619047619047616,0.16060663198912214,31,C:\Users\13411\MyPython\project\ExtremeScene\results\method_pool_risk_target_selection_expanded_fast\singleton\generated_samples_TargetSelected_val_calibrated_rf_duration_pool_duration_guard.npy,0.7351710897274121,0.09715596896119767,0.0567172385198997,0.7686699153264127,0.2997087406805375,0.22606550843800569,0.5228836840144053,0.3025765715728516,0.07313665130816836,0.6755748963560767,0.23314709373819556,0.11863979942202459,0.21322138940790242,24.728961102140197,0.08285931697321232,10.502783602363522,0.008315520917687938,0.9454337060451508,0.3036647379398367,0.19465648839359595,5.0,9.000000000000004,7.392974633883857,0.7867388725280726,1.3157990780614672,2.308952569961548,2.41713719367981,2.0476190476190474,1.0,1.0,0.8095238095238095,,,,,,,,,TargetSelected_val_calibrated_rf_duration_pool_duration_guard,0.17123811987619691,0.1256440726433194,0.20539866616383826,0.13461538461538464
singleton,DurationAware_RiskFirst_TCN_Empirical,7.163008848158242,2.138747570164462,1.022686752451894,6.714285714285714,3.142857142857143,0.4761904761904761,0.16341371669406135,32,C:\Users\13411\MyPython\project\ExtremeScene\results\duration_aware_riskfirst\formal\singleton\generated_samples_DurationAware_RiskFirst_TCN_Empirical.npy,0.6950518075751249,0.0926798002970629,0.0605032311856693,0.7701005368646253,0.3017591537503537,0.2238197327531216,0.5147294482735874,0.3005816340016108,0.0542860395864234,0.6599605975711126,0.2316735293496758,0.1128696678417381,0.2072465912770863,24.58725945598827,0.0771104605644969,10.502783602363522,0.0102411955919735,0.9454337060451508,0.3036647379398367,0.2099236639538779,5.0,9.000000000000004,7.250971892680515,0.7867388725280726,1.2967092543840408,2.308952569961548,2.41713719367981,2.0,2.0,2.0,0.8095238095238095,0.7742792265689652,0.412955872323453,0.1234542466876831,0.1903138524991277,22.85051648854367,16.730902223293313,0.59394870698452,2.6,DurationAware_RiskFirst_TCN_Empirical,0.17123811987619691,0.1256440726433194,0.19355008190667192,0.17307692307692316
singleton,TargetSelected_empirical_targeted_expanded_pool_global_main,4.5608553049796825,1.8195230885197304,1.0780463203665844,7.095238095238095,,0.2857142857142857,0.16391073147689417,33,C:\Users\13411\MyPython\project\ExtremeScene\results\method_pool_risk_target_selection_expanded_fast\singleton\generated_samples_TargetSelected_empirical_targeted_expanded_pool_global_main.npy,0.549284578000427,0.059206212483781696,0.03571634004638057,0.5781581514717016,0.12975803356210816,0.10498587966675126,0.2356892972732244,0.1014244214224671,0.07025072148249775,0.45437734224845094,0.09679622248945231,0.07031764706520986,0.09472321810121313,32.56920576420563,0.18433308005152516,3.2799800256524634,0.02045673583766419,0.9048795998096466,0.9672576725482935,0.30152671731557007,7.0,7.800000000000001,10.991064805345726,1.6470575394783005,1.0266397119987578,0.9095425605773926,1.7774250984191897,2.5238095238095237,1.0,0.1999999999999993,0.6190476190476191,,,,,,,,,TargetSelected_empirical_targeted_expanded_pool_global_main,0.10726319740319405,0.10438115161942932,0.2516697070804286,0.24999999999999994
singleton,TargetSelected_val_calibrated_rf_duration_pool_global_main,7.163008848158242,2.138747570164462,0.9838754278441358,7.142857142857143,,0.47619047619047616,0.16620790154714915,34,C:\Users\13411\MyPython\project\ExtremeScene\results\method_pool_risk_target_selection_expanded_fast\singleton\generated_samples_TargetSelected_val_calibrated_rf_duration_pool_global_main.npy,0.8024198356128875,0.11684514424001789,0.08427627930046144,0.7559465061745079,0.2851243079382337,0.24250997512135478,0.5388808479658023,0.3166197159796224,0.09789305753068837,0.6990823965843992,0.23952972271929132,0.14155977065083486,0.21774798148756785,25.51738151367395,0.08552222094259719,10.502783602363522,0.007834930080240509,0.33326688408851624,0.5594048559665676,0.24427480896451254,5.0,9.000000000000004,7.634310849681425,0.7867388725280726,1.3335657240379424,2.308952569961548,2.41713719367981,2.380952380952381,1.0,1.0,0.8095238095238095,,,,,,,,,TargetSelected_val_calibrated_rf_duration_pool_global_main,0.17123811987619691,0.1256440726433194,0.1528037443959463,0.2596153846153847
singleton,TargetSelected_empirical_riskfirst_evt_pool_global_q99,0.19796906165257155,0.8594444157447114,1.2028900790305452,8.047619047619047,,0.3333333333333333,0.1741602557426384,35,C:\Users\13411\MyPython\project\ExtremeScene\results\method_pool_risk_target_selection_expanded_fast\singleton\generated_samples_TargetSelected_empirical_riskfirst_evt_pool_global_q99.npy,0.9327967371890152,0.09896213792755967,0.17144754756854486,0.6032896737701128,0.19726724258919937,0.22506383582282694,0.5044354897289605,0.2586137880539001,0.18346520414603504,0.6801739668960295,0.1849477228568864,0.19332552917913562,0.22752356176400756,32.035941199561826,0.047293054521346675,4.979010850213442,0.014638484361740976,0.41851506754755974,0.40904846563935315,0.2786259539751471,5.0,7.400000000000002,10.601464914326744,7.183254644626853,1.4546721215759004,2.308952569961548,3.2622864246368413,2.8095238095238093,1.0,1.0,0.7142857142857143,,,,,,,,,TargetSelected_empirical_riskfirst_evt_pool_global_q99,0.0,0.040432181005529214,0.3827377903793032,0.44230769230769224
singleton,TargetSelected_empirical_rf_duration_pool_global_main,7.163008848158242,1.9666838367744148,1.017230177126337,7.428571428571429,,0.38095238095238093,0.18017792718987968,36,C:\Users\13411\MyPython\project\ExtremeScene\results\method_pool_risk_target_selection_expanded_fast\singleton\generated_samples_TargetSelected_empirical_rf_duration_pool_global_main.npy,0.8284094860314062,0.11015173582728338,0.07713246712747403,0.7609255877446639,0.2921844232332081,0.24694744206891384,0.5356314728851814,0.32038194878134,0.08104767288160208,0.7083221822204172,0.24090603594727714,0.13504252735932998,0.2162088972570218,25.42312369714432,0.07860840047282679,10.502783602363522,0.01228358950398897,1.0996226966381073,0.27282693982124506,0.26717557230493566,5.0,9.000000000000004,7.660812304868223,1.6470575394783005,1.4230403226046335,2.308952569961548,3.2622864246368413,2.2857142857142856,2.0,2.0,0.8095238095238095,,,,,,,,,TargetSelected_empirical_rf_duration_pool_global_main,0.17123811987619691,0.11418324246106563,0.18782145857018825,0.31730769230769235
singleton,TargetSelected_empirical_rf_duration_pool_global_q99,7.163008848158242,1.9666838367744148,1.0315923193258987,7.476190476190476,,0.42857142857142855,0.18538978345695692,37,C:\Users\13411\MyPython\project\ExtremeScene\results\method_pool_risk_target_selection_expanded_fast\singleton\generated_samples_TargetSelected_empirical_rf_duration_pool_global_q99.npy,1.0350135842328347,0.128364303325844,0.15632163138270916,0.7516421526522628,0.2809424193006056,0.26570338530130844,0.5881770534448036,0.3643702712876667,0.15388720727768038,0.7916109301099671,0.25789233130470546,0.191970741320566,0.23412974830657385,24.780204878513207,0.07936234274318346,10.502783602363522,0.029218968295172478,1.186618983745575,0.2554276823997519,0.3167938928758521,5.0,9.000000000000004,8.25810894449513,1.6470575394783005,1.5773864821309136,2.86952805519104,3.37440152168274,2.2857142857142856,1.0,1.0,0.8571428571428571,,,,,,,,,TargetSelected_empirical_rf_duration_pool_global_q99,0.17123811987619691,0.11418324246106563,0.20289965286926648,0.3269230769230769
singleton,TargetSelected_val_calibrated_riskfirst_evt_pool_core_ramp_guard,7.163008848158242,2.138747570164462,1.0970539515449975,7.619047619047619,,0.3333333333333333,0.21033629239784657,38,C:\Users\13411\MyPython\project\ExtremeScene\results\method_pool_risk_target_selection_expanded_fast\singleton\generated_samples_TargetSelected_val_calibrated_riskfirst_evt_pool_core_ramp_guard.npy,0.6848755768997961,0.0840708015722828,0.051989187001564886,0.6283622589110145,0.20841827152691375,0.1932504959580517,0.41934824692352246,0.19696514397509096,0.09948187361642742,0.5775286942447777,0.1631514056914292,0.114907185525348,0.20648689176842036,30.86420800713818,0.21977641310750207,10.502783602363522,0.007496918321980409,0.47847506403923035,0.5884464919567112,0.3206106867659226,5.0,9.000000000000004,8.23105070089354,0.7867388725280726,1.3014562818266096,2.308952569961548,2.41713719367981,2.380952380952381,2.0,3.6000000000000014,0.7619047619047619,,,,,,,,,TargetSelected_val_calibrated_riskfirst_evt_pool_core_ramp_guard,0.17123811987619691,0.1256440726433194,0.2716250001064283,0.35576923076923067
singleton,TargetSelected_val_calibrated_riskfirst_evt_pool_duration_guard,7.163008848158242,2.138747570164462,1.2143960930462483,6.714285714285714,,0.2857142857142857,0.21373056090616743,39,C:\Users\13411\MyPython\project\ExtremeScene\results\method_pool_risk_target_selection_expanded_fast\singleton\generated_samples_TargetSelected_val_calibrated_riskfirst_evt_pool_duration_guard.npy,0.7624378475562603,0.07102085246590163,0.04058148978053754,0.5637411915367005,0.1901016630048789,0.167290021231826,0.35171308540162816,0.14323279785563942,0.07050083838123944,0.5592973748315296,0.13478510444213998,0.092790783131201,0.2066227504249656,30.658311647305226,0.29614549996731565,10.502783602363522,0.018435385364935768,1.0074268281459808,1.2630979016423236,0.3167938928758521,5.0,9.000000000000004,8.48862528871339,0.7867388725280726,1.239213308408147,2.308952569961548,2.41713719367981,2.1904761904761907,2.0,3.6000000000000014,0.6190476190476191,,,,,,,,,TargetSelected_val_calibrated_riskfirst_evt_pool_duration_guard,0.17123811987619691,0.1256440726433194,0.3948174587550963,0.17307692307692316
singleton,TargetSelected_val_calibrated_riskfirst_evt_pool_paper_weights,7.163008848158242,2.138747570164462,1.1449181190969067,7.380952380952381,,0.2857142857142857,0.21568738575479388,40,C:\Users\13411\MyPython\project\ExtremeScene\results\method_pool_risk_target_selection_expanded_fast\singleton\generated_samples_TargetSelected_val_calibrated_riskfirst_evt_pool_paper_weights.npy,0.8344399765055015,0.08648406889432375,0.0454780388468721,0.5890188759843271,0.1987610771510226,0.1799146002368647,0.37333038349924397,0.15827062838710318,0.08629241013821694,0.5989297453296909,0.14783859147748316,0.10389501640731791,0.21109170282464587,32.02303221366271,0.3159242499546721,10.502783602363522,0.03622081809738555,1.0074268281459808,1.2630979016423236,0.3778625951169803,5.0,9.000000000000004,8.227811677672483,0.7867388725280726,1.2785973442452294,2.308952569961548,2.41713719367981,2.238095238095238,2.0,3.6000000000000014,0.6190476190476191,,,,,,,,,TargetSelected_val_calibrated_riskfirst_evt_pool_paper_weights,0.17123811987619691,0.1256440726433194,0.32187552738037134,0.30769230769230776
singleton,TargetSelected_val_calibrated_riskfirst_evt_pool_q99_guard,7.163008848158242,2.138747570164462,1.1449181190969067,7.380952380952381,,0.2857142857142857,0.21568738575479388,40,C:\Users\13411\MyPython\project\ExtremeScene\results\method_pool_risk_target_selection_expanded_fast\singleton\generated_samples_TargetSelected_val_calibrated_riskfirst_evt_pool_q99_guard.npy,0.8344399765055015,0.08648406889432375,0.0454780388468721,0.5890188759843271,0.1987610771510226,0.1799146002368647,0.37333038349924397,0.15827062838710318,0.08629241013821694,0.5989297453296909,0.14783859147748316,0.10389501640731791,0.21109170282464587,32.02303221366271,0.3159242499546721,10.502783602363522,0.03622081809738555,1.0074268281459808,1.2630979016423236,0.3778625951169803,5.0,9.000000000000004,8.227811677672483,0.7867388725280726,1.2785973442452294,2.308952569961548,2.41713719367981,2.238095238095238,2.0,3.6000000000000014,0.6190476190476191,,,,,,,,,TargetSelected_val_calibrated_riskfirst_evt_pool_q99_guard,0.17123811987619691,0.1256440726433194,0.32187552738037134,0.30769230769230776
singleton,TargetSelected_val_calibrated_riskfirst_evt_pool_global_main,0.19796906165257155,3.531030246861235,1.2916204511642544,7.095238095238095,,0.2857142857142857,0.22198738934720968,42,C:\Users\13411\MyPython\project\ExtremeScene\results\method_pool_risk_target_selection_expanded_fast\singleton\generated_samples_TargetSelected_val_calibrated_riskfirst_evt_pool_global_main.npy,0.8664547163973408,0.0948272791885906,0.06741298730450516,0.6123655125469204,0.21887256658675588,0.20734378023933916,0.42174452166934784,0.20317423580679006,0.1198718415565077,0.6335215835378697,0.17229136052737884,0.13154286970011733,0.19509713380077595,29.159186868522344,0.22730069321744184,4.979010850213442,0.0702616735770196,1.0074268281459808,1.2290743291378021,0.3549618317765573,5.0,7.400000000000002,9.186526725593044,6.174674510955818,1.4935300811415626,2.308952569961548,2.41713719367981,2.380952380952381,1.0,1.0,0.7142857142857143,,,,,,,,,TargetSelected_val_calibrated_riskfirst_evt_pool_global_main,0.0,0.21838131022925233,0.475891985113736,0.24999999999999994
singleton,targeted_seed47_TailWeighted_Month_EVT_Copula_Risk_Selection_Fixed,3.972011346055396,2.579191419373238,1.2633321257030947,7.476190476190476,,0.2857142857142857,0.23491701242686547,43,C:\Users\13411\MyPython\project\ExtremeScene\results\targeted_expanded_pool_multiseed\seed47\expanded_pool\singleton\generated_samples_TailWeighted_Month_EVT_Copula_Risk_Selection_Fixed.npy,0.5534920191007947,0.05242765983810876,0.02217311100547277,0.5159089224555939,0.07695265996411448,0.10941280026655394,0.06260841256809688,0.031999673371221164,0.08582335571491029,0.3773364513748285,0.0537933310578148,0.07246975566231233,0.012340220402504936,40.41371294230729,0.2645072798636953,10.863977275255735,0.035725153961716154,0.09074899554252625,0.20957382321357798,0.32442748065599336,4.0,5.600000000000001,14.41508449389336,4.2303791369948875,1.22808703993048,1.5196397304534912,1.9226848125457763,2.5238095238095237,1.0,1.0,0.5714285714285714,,,,,,,,,targeted_seed47_TailWeighted_Month_EVT_Copula_Risk_Selection_Fixed,0.09278624744778848,0.15498117966259528,0.44619329102115524,0.3269230769230769
singleton,TargetSelected_val_calibrated_ganfix_model_pool_core_ramp_guard,14.501269109741202,2.2899265313007007,1.1632670745131604,6.190476190476191,,0.2857142857142857,0.24159072437237777,44,C:\Users\13411\MyPython\project\ExtremeScene\results\method_pool_risk_target_selection_expanded_fast\singleton\generated_samples_TargetSelected_val_calibrated_ganfix_model_pool_core_ramp_guard.npy,0.9419053641576616,0.062047651270517944,0.06866427822994835,0.4998481869056978,0.1314647256250258,0.1643176714201756,0.2144808268799761,0.08471312389934847,0.034520570266888366,0.5520781259811118,0.09274183359829741,0.0891675066390041,0.09965123284603782,35.890050839355716,0.5076058101146427,10.502783602363522,0.07481885307685544,1.0074268281459808,2.1752784192562125,0.3740458012269098,3.0,2.1999999999999993,11.782074778823288,0.030844066846889007,1.5638801490976697,2.308952569961548,2.41713719367981,2.1904761904761907,1.0,1.0,0.5238095238095238,,,,,,,,,TargetSelected_val_calibrated_ganfix_model_pool_core_ramp_guard,0.3516520053489317,0.13571380881941583,0.34113930510287854,0.06730769230769242
singleton,targeted_seed45_TailWeighted_Month_EVT_Copula_Risk_Selection_Fixed,8.351665331562842,2.1567573967713614,1.2628825142857663,7.809523809523809,,0.23809523809523808,0.2687565386893444,45,C:\Users\13411\MyPython\project\ExtremeScene\results\targeted_expanded_pool_multiseed\seed45\expanded_pool\singleton\generated_samples_TailWeighted_Month_EVT_Copula_Risk_Selection_Fixed.npy,0.43729565241349444,0.04634675905851654,0.020594022814526217,0.6399234311812847,0.08890965392562923,0.10343971812167174,0.0912940942767751,0.043910314933830366,0.08489130251926404,0.38950439262385134,0.05972224263932537,0.06964168115182066,0.04815504140111077,43.533909535662985,0.24506819155373172,10.2078177968462,0.04867274533618591,0.28562477231025696,0.09774201512336678,0.2824427478652176,2.0,2.0,16.065057536040474,3.0329031396183126,1.3317969533659162,1.7011964321136475,1.9357558727264403,2.857142857142857,1.0,1.8000000000000007,0.5238095238095238,,,,,,,,,targeted_seed45_TailWeighted_Month_EVT_Copula_Risk_Selection_Fixed,0.20046168609202933,0.12684367211897188,0.4457212633657147,0.39423076923076916
singleton,targeted_seed46_TailWeighted_Month_EVT_Copula_Risk_Selection_Fixed,1.1143490838295662,0.9001140511328671,1.5618973369987326,7.857142857142857,,0.2857142857142857,0.2701891297303289,46,C:\Users\13411\MyPython\project\ExtremeScene\results\targeted_expanded_pool_multiseed\seed46\expanded_pool\singleton\generated_samples_TailWeighted_Month_EVT_Copula_Risk_Selection_Fixed.npy,0.4795214253127891,0.05090180117732966,0.022471082441441016,0.6953100854870937,0.1014738268355783,0.05464370023530276,0.09202275625159653,0.03211756941873081,0.09884965540704173,0.42228475568382645,0.06149773247721293,0.05865481269459517,0.024843511613326968,39.42540751411442,0.18225733146348114,0.5704422232526412,0.031888504966726794,0.25996842980384827,0.7147420704364791,0.3702290073368393,5.0,6.600000000000001,14.53867960328653,2.949987647456048,1.2520095571165992,1.7180030345916748,1.6357293605804437,2.5238095238095237,2.0,1.1999999999999993,0.5238095238095238,,,,,,,,,targeted_seed46_TailWeighted_Month_EVT_Copula_Risk_Selection_Fixed,0.022529547123868173,0.04314110621349981,0.7596440426087817,0.40384615384615374
singleton,extreme_conditioned_gaussian_copula,4.766066231865679,0.4457943359316658,1.679191179612341,6.714285714285714,3.7142857142857135,0.4285714285714285,0.28421442902201055,47,C:\Users\13411\MyPython\project\ExtremeScene\results\evt_copula\singleton\generated_samples_evt_copula.npy,0.3424622835936369,0.0466197950529599,0.0675282829871812,0.1792729300096946,0.0650937872154169,0.0421190293290065,0.2321974655097408,0.0498789913030819,0.0995986147360548,0.2513108930376908,0.0538641911904862,0.0697486423507475,0.0938731497345191,32.510406606043986,0.1309982632865939,0.6075184883470115,0.0349332389213007,1.6759736835956571,1.3968072727322571,0.0572519083510575,2.0,0.4000000000000021,9.125258088923792,0.4141504612288145,0.938645465742974,0.6635692119598389,1.7413400173187266,2.095238095238096,4.0,4.0,0.7142857142857143,0.9774817824383414,0.1802053361777108,0.1157351626092105,0.0889855183961712,51.43035011674469,31.464666934844665,1.5476225554943084,11.4,extreme_conditioned_gaussian_copula,0.11230838513723847,0.012879754784099482,0.8827857943362828,0.17307692307692316
singleton,RiskFirst_TCN_Empirical,5.740967840478206,6.539102885978629,0.9475465189011412,9.0,5.619047619047619,0.4761904761904761,0.2903641680862883,48,C:\Users\13411\MyPython\project\ExtremeScene\results\duration_aware_riskfirst\formal\singleton\generated_samples_RiskFirst_TCN_Empirical.npy,1.4620047501786044,0.1779251139425331,0.3532330041807159,0.7044317670925346,0.2586330058634803,0.288033628403265,0.6880429742864975,0.4923782796134696,0.3262183074766882,0.9514931638525456,0.309645466473161,0.322494980020223,0.2995472253540339,24.41333224312084,0.0399862343878946,2.6205826518401665,0.0140062644844089,0.3332668840885162,0.8624047338962555,0.4847328240389547,9.0,8.2,8.128828891747006,1.448444046010586,2.695341474243573,6.646541357040405,6.716767072677612,2.4761904761904763,2.0,1.1999999999999993,0.8571428571428571,1.079065525296513,0.5058739582152803,0.3073413576573214,0.2433747257023496,20.18855651207348,3.661960690521085,0.7146481782197952,5.8,RiskFirst_TCN_Empirical,0.136276707449844,0.4187431704165922,0.11466358813619891,0.6346153846153846
singleton,TargetSelected_val_calibrated_targeted_expanded_pool_core_ramp_guard,18.951715429321297,2.2265905702772244,1.1722525016770564,6.9523809523809526,,0.2857142857142857,0.29858516358687065,49,C:\Users\13411\MyPython\project\ExtremeScene\results\method_pool_risk_target_selection_expanded_fast\singleton\generated_samples_TargetSelected_val_calibrated_targeted_expanded_pool_core_ramp_guard.npy,0.9237067686817637,0.0691938238309265,0.05970476612974493,0.5071090888084164,0.12710226016497675,0.12429076565375634,0.18899806238530362,0.07108677739183021,0.05101346765500736,0.5399379732918279,0.08912762046257783,0.07833633314616954,0.0738316489563061,35.33287413710075,0.4865572769512048,10.502783602363522,0.04309688959042686,0.5506135523319244,0.6028741896152496,0.435114503468038,5.0,3.3999999999999986,13.12765536483551,0.3475238719642668,1.4805545927513213,2.308952569961548,2.41713719367981,2.4285714285714284,1.0,1.0,0.6190476190476191,,,,,,,,,TargetSelected_val_calibrated_targeted_expanded_pool_core_ramp_guard,0.46106790012261695,0.13149512380416967,0.35057271794303096,0.22115384615384623
singleton,targeted_seed45_TransformerVAE_Augmented_TailWeighted_Copula,8.129061666587177,3.0747200788086175,1.2734836012712636,8.428571428571429,,0.2857142857142857,0.30699021833586126,50,C:\Users\13411\MyPython\project\ExtremeScene\results\targeted_expanded_pool_multiseed\seed45\expanded_pool\singleton\generated_samples_TransformerVAE_Augmented_TailWeighted_Copula.npy,0.4484893821534657,0.053265531126051965,0.025709762660787342,0.32364303944386025,0.05695454570828671,0.08230967518095277,0.03488290077523855,0.023788734763197792,0.06746987476457783,0.26900510745752154,0.04466960386584549,0.058496437535439316,0.03306275474686846,40.78709814317618,0.22342415483851907,8.683389331154274,0.06848580773078092,0.03620979189872742,0.6503426373004917,0.24045801507444203,6.0,6.0,14.931939287704298,0.7108867109977055,1.5008586254857836,1.9012439250946045,1.9053510189056397,2.8095238095238093,1.0,1.0,0.5714285714285714,,,,,,,,,targeted_seed45_TransformerVAE_Augmented_TailWeighted_Copula,0.1949888913576998,0.18798737861188092,0.45685088784148664,0.5192307692307693
singleton,TargetSelected_val_calibrated_all_method_pool_core_ramp_guard,18.951715429321297,2.2265905702772244,1.2821627513871394,6.523809523809524,,0.2857142857142857,0.3144519032715788,51,C:\Users\13411\MyPython\project\ExtremeScene\results\method_pool_risk_target_selection_expanded_fast\singleton\generated_samples_TargetSelected_val_calibrated_all_method_pool_core_ramp_guard.npy,0.9097038870135314,0.0631673818580577,0.06350239873064373,0.5086701677461702,0.12717493711129618,0.14120974392528138,0.18182698652989282,0.06715507638729681,0.05169094644250736,0.5334003470965315,0.08583246511888358,0.08546769636614415,0.0891157788313371,35.29008803069267,0.4855066814011678,10.502783602363522,0.06185049462173416,1.0074268281459808,2.1752784192562125,0.40076335845740324,4.0,2.3999999999999986,12.93283531187332,0.3475238719642668,1.4871891460248403,2.308952569961548,2.41713719367981,2.380952380952381,1.0,1.0,0.6190476190476191,,,,,,,,,TargetSelected_val_calibrated_all_method_pool_core_ramp_guard,0.46106790012261695,0.13149512380416967,0.46596275360494055,0.13461538461538464
singleton,TargetSelected_val_calibrated_riskfirst_evt_pool_global_q99,7.163008848158242,3.531030246861235,1.4017120097774924,7.666666666666667,,0.23809523809523808,0.31956161363466007,52,C:\Users\13411\MyPython\project\ExtremeScene\results\method_pool_risk_target_selection_expanded_fast\singleton\generated_samples_TargetSelected_val_calibrated_riskfirst_evt_pool_global_q99.npy,0.9445223146014743,0.08659771452282225,0.042261357187405015,0.5431845417029407,0.18340748071935092,0.17201821821797111,0.34051484239395513,0.1375324904186668,0.09272127202050469,0.6094072328994568,0.13584589522027998,0.10233361580862693,0.2016667273213922,34.28852746419208,0.37155257018869675,10.502783602363522,0.0800366697852798,1.6759736835956573,1.3968072727322571,0.40076335845740324,5.0,9.000000000000004,9.63871947907505,6.174674510955818,1.4229305705853872,2.308952569961548,2.41713719367981,2.2857142857142856,2.0,3.6000000000000014,0.5714285714285714,,,,,,,,,TargetSelected_val_calibrated_riskfirst_evt_pool_global_q99,0.17123811987619691,0.21838131022925233,0.5914723691813317,0.3653846153846154
singleton,targeted_seed47_Conditional_Transformer_Risk_Generator,12.139279454785594,6.684791931894765,1.178713027836888,7.809523809523809,,0.19047619047619047,0.36508210278416786,53,C:\Users\13411\MyPython\project\ExtremeScene\results\targeted_expanded_pool_multiseed\seed47\expanded_pool\singleton\generated_samples_Conditional_Transformer_Risk_Generator.npy,0.4199031616644885,0.04330336016214095,0.024345073756977472,0.2921377082340537,0.059725741642169566,0.03865699316669193,0.0706992526806995,0.07519271958923777,0.020771622039814638,0.2609133741930806,0.059407273797849436,0.027924562987828014,0.09493123384724625,43.65619117154368,0.21665684687920259,13.328332489616358,0.019364808505526045,0.7934950888156891,0.47635188698768527,0.26717557230493566,5.0,6.600000000000001,12.020356854435043,2.9783066263603217,1.0589880155665534,0.06589341163635254,1.8387299060821545,2.5238095238095237,2.0,1.1999999999999993,0.5238095238095238,,,,,,,,,targeted_seed47_Conditional_Transformer_Risk_Generator,0.29358160229606667,0.4284472340316386,0.35735534600496394,0.39423076923076916
singleton,targeted_seed46_TransformerVAE_Augmented_TailWeighted_Copula,10.985557945794,6.2008977863162755,1.1940108700045606,8.380952380952381,,0.2857142857142857,0.3682261544215962,54,C:\Users\13411\MyPython\project\ExtremeScene\results\targeted_expanded_pool_multiseed\seed46\expanded_pool\singleton\generated_samples_TransformerVAE_Augmented_TailWeighted_Copula.npy,0.5029924761050593,0.056745029990324394,0.02287902669247389,0.7925023959466704,0.1299613550149471,0.09439102508127332,0.0699756996227782,0.03535431180775402,0.1006203509470253,0.45515685722483595,0.0740202322710085,0.07263013424025751,0.0417424094565055,42.04568463731561,0.18504999964114738,2.8421632396587455,0.019258276527941504,0.23719218373298645,0.17473929524421727,0.30534351120564057,6.0,4.399999999999999,12.880899296930522,1.8135688535993992,1.073876495162646,1.153552770614624,1.3526168346405032,2.619047619047619,2.0,1.1999999999999993,0.5714285714285714,,,,,,,,,targeted_seed46_TransformerVAE_Augmented_TailWeighted_Copula,0.2652169255510448,0.3962159873918244,0.3734158913857108,0.5096153846153847
singleton,targeted_seed45_Conditional_Transformer_Risk_Generator,4.677726002299039,3.0621799351008434,1.6759714923322289,8.047619047619047,,0.2857142857142857,0.3753841331314851,55,C:\Users\13411\MyPython\project\ExtremeScene\results\targeted_expanded_pool_multiseed\seed45\expanded_pool\singleton\generated_samples_Conditional_Transformer_Risk_Generator.npy,0.5489802584446296,0.06291889507616838,0.016493745738581447,0.41802703883380643,0.07560084076274462,0.0732927013700143,0.059422736937925796,0.09229899667912578,0.028199116386602024,0.3421433447387873,0.07693957750601292,0.039328521165065924,0.04518833248663978,43.06490995668868,0.20718390242407297,13.454322268972803,0.0057889850415799695,0.5555185377597809,0.7052582204341906,0.3091603050957111,4.0,4.0,15.565675962311932,1.006122326632969,1.0708726594845455,0.7471084594726562,1.4400199890136727,3.3333333333333335,2.0,2.8000000000000007,0.5238095238095238,,,,,,,,,targeted_seed45_Conditional_Transformer_Risk_Generator,0.11013650740443197,0.18715210406178115,0.8794055833818694,0.44230769230769224
singleton,targeted_seed47_Expanded_ValSelected_Model_Ensemble,2.5550636265436992,9.264972519433353,1.3234044683797817,7.714285714285714,,0.2857142857142857,0.3810425918674645,56,C:\Users\13411\MyPython\project\ExtremeScene\results\targeted_expanded_pool_multiseed\seed47\expanded_pool\singleton\generated_samples_Expanded_ValSelected_Model_Ensemble.npy,0.6881821253312328,0.07773280590019334,0.028264521158289882,0.47982316897324623,0.08385472350363429,0.04862819330560173,0.061440340724609556,0.05713193068166239,0.0816666859691721,0.40981521167636287,0.07290648669516335,0.05285313347768791,0.06073835031195596,40.27476419957279,0.3046362359902522,9.708743271878049,0.0456781109258612,0.2157372534275055,0.330476862192155,0.427480915687897,11.0,9.399999999999995,12.197983599563647,4.140886070805667,1.099605021732194,0.7811233997344971,0.631924295425415,2.619047619047619,2.0,2.8000000000000007,0.6190476190476191,,,,,,,,,targeted_seed47_Expanded_ValSelected_Model_Ensemble,0.057950055424572926,0.6003080379948635,0.509260655366534,0.375
singleton,targeted_seed47_Expanded_ValSelected_Model_Ensemble_Margin_0.05,2.5550636265436992,9.264972519433353,1.3234044683797817,7.714285714285714,,0.2857142857142857,0.3810425918674645,56,C:\Users\13411\MyPython\project\ExtremeScene\results\targeted_expanded_pool_multiseed\seed47\expanded_pool\singleton\generated_samples_Expanded_ValSelected_Model_Ensemble_Margin_0.05.npy,0.6881821253312328,0.07773280590019334,0.028264521158289882,0.47982316897324623,0.08385472350363429,0.04862819330560173,0.061440340724609556,0.05713193068166239,0.0816666859691721,0.40981521167636287,0.07290648669516335,0.05285313347768791,0.06073835031195596,40.27476419957279,0.3046362359902522,9.708743271878049,0.0456781109258612,0.2157372534275055,0.330476862192155,0.427480915687897,11.0,9.399999999999995,12.197983599563647,4.140886070805667,1.099605021732194,0.7811233997344971,0.631924295425415,2.619047619047619,2.0,2.8000000000000007,0.6190476190476191,,,,,,,,,targeted_seed47_Expanded_ValSelected_Model_Ensemble_Margin_0.05,0.057950055424572926,0.6003080379948635,0.509260655366534,0.375
singleton,targeted_seed47_RiskKNN_Bootstrap_Generator,2.5550636265436992,9.264972519433353,1.3234044683797817,7.714285714285714,,0.2857142857142857,0.3810425918674645,56,C:\Users\13411\MyPython\project\ExtremeScene\results\targeted_expanded_pool_multiseed\seed47\expanded_pool\singleton\generated_samples_RiskKNN_Bootstrap_Generator.npy,0.6881821253312328,0.07773280590019334,0.028264521158289882,0.47982316897324623,0.08385472350363429,0.04862819330560173,0.061440340724609556,0.05713193068166239,0.0816666859691721,0.40981521167636287,0.07290648669516335,0.05285313347768791,0.06073835031195596,40.27476419957279,0.3046362359902522,9.708743271878049,0.0456781109258612,0.2157372534275055,0.330476862192155,0.427480915687897,11.0,9.399999999999995,12.197983599563647,4.140886070805667,1.099605021732194,0.7811233997344971,0.631924295425415,2.619047619047619,2.0,2.8000000000000007,0.6190476190476191,,,,,,,,,targeted_seed47_RiskKNN_Bootstrap_Generator,0.057950055424572926,0.6003080379948635,0.509260655366534,0.375
singleton,ganfix_TransformerVAE_Augmented_TailWeighted_Copula,4.95314893233251,6.538655491793996,1.4493667860016493,8.0,,0.3333333333333333,0.385965988726941,59,C:\Users\13411\MyPython\project\ExtremeScene\results\model_pool_experiments_new_machine_margin_formal50_ganfix\singleton\generated_samples_TransformerVAE_Augmented_TailWeighted_Copula.npy,0.3619824244231775,0.04085783354500165,0.02676995434288268,0.4035057517103654,0.06696372060173678,0.09899209590576735,0.046938903476320105,0.03639681678600327,0.060060260983559356,0.27080902653662103,0.0480727903109139,0.06194077041073646,0.03005238012809267,42.20014692298015,0.22457790512917297,6.864176484741009,0.06063513560452637,0.6830388605594635,0.3854875147342689,0.26717557230493566,5.0,3.3999999999999986,14.2424135656979,4.407609018281505,1.316439152473495,1.0346767902374268,1.1620325565338132,2.761904761904762,0.0,0.0,0.5238095238095238,,,,,,,,,ganfix_TransformerVAE_Augmented_TailWeighted_Copula,0.11690788361409844,0.41871337036126627,0.6415030655219417,0.43269230769230765
singleton,TargetSelected_val_calibrated_ganfix_model_pool_q99_guard,39.05920708501739,0.31576396501768755,1.1078434124467007,6.809523809523809,,0.2857142857142857,0.38747529793458674,60,C:\Users\13411\MyPython\project\ExtremeScene\results\method_pool_risk_target_selection_expanded_fast\singleton\generated_samples_TargetSelected_val_calibrated_ganfix_model_pool_q99_guard.npy,1.0550989628468872,0.07515620437316822,0.05969570300424138,0.5122917559756726,0.14213452618749162,0.1580215214961358,0.19706017596472902,0.07486653813803443,0.054077387120157895,0.5881502982624296,0.0973857562328981,0.0905982038735117,0.08571175880337283,39.650513127918,0.638118595661171,27.000965474436782,0.054261114342159404,0.6830388605594635,0.3854875147342689,0.47709923625881345,3.0,8.600000000000005,11.78191258892927,0.030844066846889007,1.284822600938025,2.2718474864959717,2.4097161769866946,2.238095238095238,2.0,1.1999999999999993,0.5238095238095238,,,,,,,,,TargetSelected_val_calibrated_ganfix_model_pool_q99_guard,0.9554181367456213,0.004218685015246173,0.28295239024069074,0.1923076923076923
singleton,targeted_seed46_Conditional_TCN_Risk_Generator,14.929479506397058,4.525686508796355,1.3278755033111556,8.047619047619047,,0.23809523809523808,0.3888787480854561,61,C:\Users\13411\MyPython\project\ExtremeScene\results\targeted_expanded_pool_multiseed\seed46\expanded_pool\singleton\generated_samples_Conditional_TCN_Risk_Generator.npy,0.3709604263936401,0.05770486917859789,0.055815708882577586,0.5957089603272459,0.19711714584574713,0.0899086073533329,0.4436598340312784,0.2656211488521028,0.022180051981808585,0.4701097402507215,0.1734810546254826,0.055968122739239685,0.2005044749844823,44.80993652271266,0.2099827702405729,22.410427281693686,0.005816800600181763,0.3818419873714447,0.4673441827297209,0.15648854949289087,2.0,2.8000000000000007,14.503496042638208,0.6820031010150451,1.291056406639871,1.5226638317108154,1.9312409877777106,2.857142857142857,1.0,1.0,0.5238095238095238,,,,,,,,,targeted_seed46_Conditional_TCN_Risk_Generator,0.36217971882687244,0.28463342671630004,0.5139546023054021,0.44230769230769224
singleton,ordinary_conditional_tcn,20.796518951980687,1.798235797327855,1.5114648397291257,7.0,4.857142857142857,0.1428571428571428,0.3941055690966767,62,C:\Users\13411\MyPython\project\ExtremeScene\results\expanded_model_pool_formal50\singleton\generated_samples_Conditional_TCN_Risk_Generator.npy,0.569820259929334,0.060846751209931,0.0601629482263945,0.619236827749148,0.203849156329356,0.0550293469491455,0.5668835051197367,0.3280655835714746,0.0704011633635677,0.5853135309327396,0.1975871637035872,0.0618644861797025,0.232021923068401,42.08253720050568,0.2814895182947007,27.46794452791636,0.0773608424166962,1.2129246890544891,0.7670931994914998,0.2938931295354291,6.0,4.399999999999999,15.392465258527718,1.5286832597310536,0.8432135532299677,0.2915728092193603,0.3201374530792233,3.095238095238096,1.0,1.0,0.5714285714285714,0.9524509270289048,0.3392241852569446,0.1103156736151503,0.2493127457386793,46.835273171944216,27.361273738355088,1.4827054113149645,5.0,ordinary_conditional_tcn,0.5064230878091563,0.10296324661072409,0.706697136621312,0.2307692307692308
singleton,ganfix_GAN_Augmented_TailWeighted_Month_EVT_Copula_Risk_Selection_Fixed,0.6815876673940551,6.804500646255118,1.6673221289280005,7.333333333333333,,0.2857142857142857,0.3967860088546456,63,C:\Users\13411\MyPython\project\ExtremeScene\results\model_pool_experiments_new_machine_margin_formal50_ganfix\singleton\generated_samples_GAN_Augmented_TailWeighted_Month_EVT_Copula_Risk_Selection_Fixed.npy,0.5384271526462818,0.06016208712516819,0.023268779102668863,0.28813620034368737,0.06529099690082978,0.04832780346519141,0.036865141662898726,0.03426038045105541,0.046740264525093146,0.28780949821762264,0.05323782149235112,0.03944561569765114,0.06512132788752571,37.88185066620247,0.23724733326922448,0.7057007436983582,0.030117836755125523,0.2877562344074249,0.9875776112079624,0.30534351120564057,3.0,3.8000000000000007,12.907487177507548,2.047811840284389,1.0715639711845488,0.803455114364624,0.7256835460662838,2.3333333333333335,2.0,1.1999999999999993,0.6190476190476191,,,,,,,,,ganfix_GAN_Augmented_TailWeighted_Month_EVT_Copula_Risk_Selection_Fixed,0.011889945114852928,0.4364207983591652,0.8703249894036066,0.298076923076923
singleton,targeted_seed45_Expanded_ValSelected_Model_Ensemble,0.6815876673940551,6.804500646255118,1.6673221289280005,7.333333333333333,,0.2857142857142857,0.3967860088546456,63,C:\Users\13411\MyPython\project\ExtremeScene\results\targeted_expanded_pool_multiseed\seed45\expanded_pool\singleton\generated_samples_Expanded_ValSelected_Model_Ensemble.npy,0.5384271526462818,0.06016208712516819,0.023268779102668863,0.28813620034368737,0.06529099690082978,0.04832780346519141,0.036865141662898726,0.03426038045105541,0.046740264525093146,0.28780949821762264,0.05323782149235112,0.03944561569765114,0.06512132788752571,37.88185066620247,0.23724733326922448,0.7057007436983582,0.030117836755125523,0.2877562344074249,0.9875776112079624,0.30534351120564057,3.0,3.8000000000000007,12.907487177507548,2.047811840284389,1.0715639711845488,0.803455114364624,0.7256835460662838,2.3333333333333335,2.0,1.1999999999999993,0.6190476190476191,,,,,,,,,targeted_seed45_Expanded_ValSelected_Model_Ensemble,0.011889945114852928,0.4364207983591652,0.8703249894036066,0.298076923076923
singleton,targeted_seed45_Expanded_ValSelected_Model_Ensemble_Margin_0.05,0.6815876673940551,6.804500646255118,1.6673221289280005,7.333333333333333,,0.2857142857142857,0.3967860088546456,63,C:\Users\13411\MyPython\project\ExtremeScene\results\targeted_expanded_pool_multiseed\seed45\expanded_pool\singleton\generated_samples_Expanded_ValSelected_Model_Ensemble_Margin_0.05.npy,0.5384271526462818,0.06016208712516819,0.023268779102668863,0.28813620034368737,0.06529099690082978,0.04832780346519141,0.036865141662898726,0.03426038045105541,0.046740264525093146,0.28780949821762264,0.05323782149235112,0.03944561569765114,0.06512132788752571,37.88185066620247,0.23724733326922448,0.7057007436983582,0.030117836755125523,0.2877562344074249,0.9875776112079624,0.30534351120564057,3.0,3.8000000000000007,12.907487177507548,2.047811840284389,1.0715639711845488,0.803455114364624,0.7256835460662838,2.3333333333333335,2.0,1.1999999999999993,0.6190476190476191,,,,,,,,,targeted_seed45_Expanded_ValSelected_Model_Ensemble_Margin_0.05,0.011889945114852928,0.4364207983591652,0.8703249894036066,0.298076923076923
singleton,targeted_seed45_GAN_Augmented_TailWeighted_Month_EVT_Copula_Risk_Selection_Fixed,0.6815876673940551,6.804500646255118,1.6673221289280005,7.333333333333333,,0.2857142857142857,0.3967860088546456,63,C:\Users\13411\MyPython\project\ExtremeScene\results\targeted_expanded_pool_multiseed\seed45\expanded_pool\singleton\generated_samples_GAN_Augmented_TailWeighted_Month_EVT_Copula_Risk_Selection_Fixed.npy,0.5384271526462818,0.06016208712516819,0.023268779102668863,0.28813620034368737,0.06529099690082978,0.04832780346519141,0.036865141662898726,0.03426038045105541,0.046740264525093146,0.28780949821762264,0.05323782149235112,0.03944561569765114,0.06512132788752571,37.88185066620247,0.23724733326922448,0.7057007436983582,0.030117836755125523,0.2877562344074249,0.9875776112079624,0.30534351120564057,3.0,3.8000000000000007,12.907487177507548,2.047811840284389,1.0715639711845488,0.803455114364624,0.7256835460662838,2.3333333333333335,2.0,1.1999999999999993,0.6190476190476191,,,,,,,,,targeted_seed45_GAN_Augmented_TailWeighted_Month_EVT_Copula_Risk_Selection_Fixed,0.011889945114852928,0.4364207983591652,0.8703249894036066,0.298076923076923
singleton,targeted_seed46_GAN_Augmented_TailWeighted_Month_EVT_Copula_Risk_Selection_Fixed,0.6815876673940551,6.804500646255118,1.6673221289280005,7.333333333333333,,0.2857142857142857,0.3967860088546456,63,C:\Users\13411\MyPython\project\ExtremeScene\results\targeted_expanded_pool_multiseed\seed46\expanded_pool\singleton\generated_samples_GAN_Augmented_TailWeighted_Month_EVT_Copula_Risk_Selection_Fixed.npy,0.5384271526462818,0.06016208712516819,0.023268779102668863,0.28813620034368737,0.06529099690082978,0.04832780346519141,0.036865141662898726,0.03426038045105541,0.046740264525093146,0.28780949821762264,0.05323782149235112,0.03944561569765114,0.06512132788752571,37.88185066620247,0.23724733326922448,0.7057007436983582,0.030117836755125523,0.2877562344074249,0.9875776112079624,0.30534351120564057,3.0,3.8000000000000007,12.907487177507548,2.047811840284389,1.0715639711845488,0.803455114364624,0.7256835460662838,2.3333333333333335,2.0,1.1999999999999993,0.6190476190476191,,,,,,,,,targeted_seed46_GAN_Augmented_TailWeighted_Month_EVT_Copula_Risk_Selection_Fixed,0.011889945114852928,0.4364207983591652,0.8703249894036066,0.298076923076923
singleton,targeted_seed47_GAN_Augmented_TailWeighted_Month_EVT_Copula_Risk_Selection_Fixed,0.6815876673940551,6.804500646255118,1.6673221289280005,7.333333333333333,,0.2857142857142857,0.3967860088546456,63,C:\Users\13411\MyPython\project\ExtremeScene\results\targeted_expanded_pool_multiseed\seed47\expanded_pool\singleton\generated_samples_GAN_Augmented_TailWeighted_Month_EVT_Copula_Risk_Selection_Fixed.npy,0.5384271526462818,0.06016208712516819,0.023268779102668863,0.28813620034368737,0.06529099690082978,0.04832780346519141,0.036865141662898726,0.03426038045105541,0.046740264525093146,0.28780949821762264,0.05323782149235112,0.03944561569765114,0.06512132788752571,37.88185066620247,0.23724733326922448,0.7057007436983582,0.030117836755125523,0.2877562344074249,0.9875776112079624,0.30534351120564057,3.0,3.8000000000000007,12.907487177507548,2.047811840284389,1.0715639711845488,0.803455114364624,0.7256835460662838,2.3333333333333335,2.0,1.1999999999999993,0.6190476190476191,,,,,,,,,targeted_seed47_GAN_Augmented_TailWeighted_Month_EVT_Copula_Risk_Selection_Fixed,0.011889945114852928,0.4364207983591652,0.8703249894036066,0.298076923076923
singleton,targeted_seed47_Conditional_TCN_Risk_Generator,29.348562117651227,1.2300556037697632,1.3115078252573897,7.380952380952381,,0.2857142857142857,0.40488541247067533,69,C:\Users\13411\MyPython\project\ExtremeScene\results\targeted_expanded_pool_multiseed\seed47\expanded_pool\singleton\generated_samples_Conditional_TCN_Risk_Generator.npy,0.5882395726663094,0.05820058223100236,0.08098912751928819,0.6235665589738539,0.1908224974626825,0.08814745447463324,0.3665391634260049,0.17815751463196644,0.019629678453291617,0.5261150983553894,0.14239353144188377,0.06292208681573767,0.13647653686590708,41.88755931878185,0.3333720813825551,18.948384906105446,0.022290439381555706,0.8950567245483398,0.5534324407577511,0.3091603050957111,6.0,8.400000000000002,12.957903068941938,1.310824250261689,0.9319711306265422,0.49178385734558105,1.188051748275757,2.4285714285714284,0.0,0.8000000000000007,0.5238095238095238,,,,,,,,,targeted_seed47_Conditional_TCN_Risk_Generator,0.7166782819900648,0.06511787046438719,0.4967708823219743,0.30769230769230776
singleton,TargetSelected_val_calibrated_ganfix_model_pool_duration_guard,39.05920708501739,0.31576396501768755,1.1901855631121656,6.857142857142857,,0.19047619047619047,0.4105294746901277,70,C:\Users\13411\MyPython\project\ExtremeScene\results\method_pool_risk_target_selection_expanded_fast\singleton\generated_samples_TargetSelected_val_calibrated_ganfix_model_pool_duration_guard.npy,1.070689573805168,0.07611778465109686,0.0628849121339968,0.3923880766889958,0.10752447005519779,0.14075075794660666,0.1857943783872456,0.06394559844741397,0.04647791201491073,0.5496240096271364,0.08252928438456954,0.08337119403183807,0.10422321950552167,38.28718874849275,0.56646656262491,27.000965474436782,0.07187385989452415,0.6830388605594635,2.1104008257389086,0.435114503468038,3.0,8.600000000000005,11.894589768392123,0.030844066846889007,1.278911795644533,2.2718474864959717,2.4097161769866946,2.380952380952381,2.0,1.1999999999999993,0.5238095238095238,,,,,,,,,TargetSelected_val_calibrated_ganfix_model_pool_duration_guard,0.9554181367456213,0.004218685015246173,0.36939986649362366,0.20192307692307687
singleton,TargetSelected_val_calibrated_ganfix_model_pool_paper_weights,39.05920708501739,0.31576396501768755,1.192228383168445,7.190476190476191,,0.2857142857142857,0.421161795726709,71,C:\Users\13411\MyPython\project\ExtremeScene\results\method_pool_risk_target_selection_expanded_fast\singleton\generated_samples_TargetSelected_val_calibrated_ganfix_model_pool_paper_weights.npy,0.9979129960297278,0.06992937603345394,0.062149772228613336,0.5174966452485591,0.1320055504364263,0.1468831289763284,0.17348780447626644,0.06818619698638671,0.047933281795817045,0.5629658152515178,0.09004037448542233,0.08565539433358627,0.09503907020660818,40.19357546444192,0.6132771179328194,27.000965474436782,0.07490041597748567,0.6830388605594635,2.1104008257389086,0.45419847291839044,3.0,8.600000000000005,11.56609540334383,0.030844066846889007,1.3687218037389575,2.2718474864959717,2.4097161769866946,2.1904761904761907,2.0,1.1999999999999993,0.5238095238095238,,,,,,,,,TargetSelected_val_calibrated_ganfix_model_pool_paper_weights,0.9554181367456213,0.004218685015246173,0.37154453525533354,0.2692307692307693
singleton,targeted_seed45_RiskKNN_Bootstrap_Generator,1.9365408717301449,9.977267313495851,1.444524719341037,7.809523809523809,,0.19047619047619047,0.4253883269144668,72,C:\Users\13411\MyPython\project\ExtremeScene\results\targeted_expanded_pool_multiseed\seed45\expanded_pool\singleton\generated_samples_RiskKNN_Bootstrap_Generator.npy,0.49581650419840734,0.06878095367742919,0.02813441121910659,0.28941349748019424,0.0808274451651692,0.0421698181504434,0.09802418078048006,0.06928996642036998,0.08168933865591262,0.29441806081969385,0.07296612175432278,0.0506645226751542,0.06916346764425296,40.08423608393233,0.19246729951059532,2.424862855958267,0.008802412117197041,0.34148481488227844,0.3307197868824012,0.3129770989857816,11.0,8.599999999999998,13.574383177592754,4.834802868443607,1.0804569614785058,0.8156354427337646,0.8890342235565183,2.8095238095238093,2.0,1.1999999999999993,0.6190476190476191,,,,,,,,,targeted_seed45_RiskKNN_Bootstrap_Generator,0.042743441122078625,0.6477526070136472,0.6364195883565348,0.39423076923076916
singleton,targeted_seed47_Conditional_NormalizingFlow_Risk_Generator,6.381215208475055,9.848237239479907,1.3716650505029109,7.809523809523809,,0.2857142857142857,0.4364691340701101,73,C:\Users\13411\MyPython\project\ExtremeScene\results\targeted_expanded_pool_multiseed\seed47\expanded_pool\singleton\generated_samples_Conditional_NormalizingFlow_Risk_Generator.npy,0.8185702101894157,0.08510004334136825,0.06206374206737627,0.40253371608852556,0.07718561889842163,0.12489173903551525,0.18991023051727562,0.1569457326697927,0.0500861077782964,0.47033805226507236,0.10641046496986085,0.07901386296039596,0.07340715772923392,34.36638522199618,0.05431432517034333,14.489285341967573,0.013657344082660566,0.7441015541553497,1.024262696504593,0.3435114501063458,8.0,9.599999999999998,11.44732671266746,10.96916286682534,1.6160968038297834,2.275409460067749,4.421307325363161,2.5238095238095237,0.0,0.0,0.6190476190476191,,,,,,,,,targeted_seed47_Conditional_NormalizingFlow_Risk_Generator,0.15201742952926048,0.6391581650730663,0.5599273612191867,0.39423076923076916
singleton,targeted_seed45_Conditional_TCN_Risk_Generator,24.268592365861352,2.582805723263661,1.443656452903746,7.9523809523809526,,0.23809523809523808,0.44644071822980613,74,C:\Users\13411\MyPython\project\ExtremeScene\results\targeted_expanded_pool_multiseed\seed45\expanded_pool\singleton\generated_samples_Conditional_TCN_Risk_Generator.npy,0.6518819515036528,0.06868702783405028,0.07453779922630789,0.6856086890227975,0.25227462835906744,0.14605690148211228,0.4793086086825863,0.26643842022095127,0.05461182885232746,0.6055997497363456,0.19580002547135633,0.09173550985358254,0.38002487570871024,44.26986831075838,0.17792556137942872,23.072422466042994,0.015810473077138145,0.49269530177116394,0.7898957908153532,0.23282442729430103,6.0,3.599999999999998,13.609924300750246,2.223667914840302,0.7625685880581538,0.3240025043487549,0.41397709846496555,2.1904761904761907,1.0,0.1999999999999993,0.5238095238095238,,,,,,,,,targeted_seed45_Conditional_TCN_Risk_Generator,0.5917853171272085,0.15522192140578,0.6355080328334844,0.4230769230769231
singleton,ganfix_TailWeighted_Month_EVT_Copula_Risk_Selection_Fixed,3.8830126980452917,10.27797533893041,1.4933650970980081,7.428571428571429,,0.23809523809523808,0.4470340125725473,75,C:\Users\13411\MyPython\project\ExtremeScene\results\model_pool_experiments_new_machine_margin_formal50_ganfix\singleton\generated_samples_TailWeighted_Month_EVT_Copula_Risk_Selection_Fixed.npy,0.3310856915340221,0.04699811452539743,0.01788984575366147,0.30841079279878947,0.0555747109240657,0.09832833216482025,0.03537207746602396,0.036045575953822774,0.05273179040650392,0.22495618726627853,0.046206133801095305,0.05631665610832854,0.061572530243147766,41.48981109521809,0.18733102628281897,1.9436550050890418,0.10370194176741326,1.1837907135486603,2.2105511963367466,0.22900763340423055,3.0,5.400000000000002,13.98985332823216,5.8340721678462835,1.428903103584335,1.6369502544403076,2.0504949092864995,2.761904761904762,0.0,0.0,0.5238095238095238,,,,,,,,,ganfix_TailWeighted_Month_EVT_Copula_Risk_Selection_Fixed,0.09059818225018541,0.667782182950686,0.6876949966645282,0.31730769230769235
singleton,ganfix_ValSelected_Model_Ensemble_Margin_0.10,3.8830126980452917,10.27797533893041,1.4933650970980081,7.428571428571429,,0.23809523809523808,0.4470340125725473,75,C:\Users\13411\MyPython\project\ExtremeScene\results\model_pool_experiments_new_machine_margin_formal50_ganfix\singleton\generated_samples_ValSelected_Model_Ensemble_Margin_0.10.npy,0.3310856915340221,0.04699811452539743,0.01788984575366147,0.30841079279878947,0.0555747109240657,0.09832833216482025,0.03537207746602396,0.036045575953822774,0.05273179040650392,0.22495618726627853,0.046206133801095305,0.05631665610832854,0.061572530243147766,41.48981109521809,0.18733102628281897,1.9436550050890418,0.10370194176741326,1.1837907135486603,2.2105511963367466,0.22900763340423055,3.0,5.400000000000002,13.98985332823216,5.8340721678462835,1.428903103584335,1.6369502544403076,2.0504949092864995,2.761904761904762,0.0,0.0,0.5238095238095238,,,,,,,,,ganfix_ValSelected_Model_Ensemble_Margin_0.10,0.09059818225018541,0.667782182950686,0.6876949966645282,0.31730769230769235
singleton,TargetSelected_val_calibrated_targeted_expanded_pool_paper_weights,40.17181866491242,0.2524280039942113,1.2339213000045024,7.523809523809524,,0.2857142857142857,0.44914143543560153,77,C:\Users\13411\MyPython\project\ExtremeScene\results\method_pool_risk_target_selection_expanded_fast\singleton\generated_samples_TargetSelected_val_calibrated_targeted_expanded_pool_paper_weights.npy,0.9442213518278938,0.07902944937880746,0.053030142352797065,0.6035081415175998,0.1458426838446235,0.11006070568157218,0.1565193158731004,0.05695425919578625,0.0640034366265067,0.568082936406198,0.09394213080640573,0.07569809488695865,0.06261036070357706,38.318447726036865,0.5598668297515368,32.56402337391188,0.05361922294549492,0.5506135523319244,0.9264846384525303,0.4809160301488839,6.0,9.200000000000006,12.664043772345456,0.3475238719642668,1.2931703960611707,2.2718474864959717,2.4097161769866946,2.2857142857142856,2.0,1.1999999999999993,0.6190476190476191,,,,,,,,,TargetSelected_val_calibrated_targeted_expanded_pool_paper_weights,0.9827721104390427,0.0,0.4153161322924781,0.3365384615384615
singleton,TargetSelected_val_calibrated_targeted_expanded_pool_q99_guard,40.17181866491242,0.2524280039942113,1.2035905540577092,7.809523809523809,,0.19047619047619047,0.4498345457488764,78,C:\Users\13411\MyPython\project\ExtremeScene\results\method_pool_risk_target_selection_expanded_fast\singleton\generated_samples_TargetSelected_val_calibrated_targeted_expanded_pool_q99_guard.npy,1.1105109314439159,0.08980431716287807,0.05328872326751955,0.5359671868669686,0.1079937531898967,0.16838805650424996,0.16865879798652716,0.0616236812573016,0.06889137728259132,0.6050456387658039,0.08647391720335879,0.0968560523514536,0.07793760102571928,41.198612358829436,0.6543235426599079,32.56402337391188,0.05249407244922619,0.47847506403923035,0.9120569407939918,0.5267175568297301,7.0,9.400000000000002,13.085650258899374,0.3475238719642668,1.1185765273514248,2.2718474864959717,2.4097161769866946,2.380952380952381,2.0,1.1999999999999993,0.5238095238095238,,,,,,,,,TargetSelected_val_calibrated_targeted_expanded_pool_q99_guard,0.9827721104390427,0.0,0.383473188930193,0.39423076923076916
singleton,ganfix_Conditional_Transformer_Risk_Generator,28.181122197806843,5.192136273019425,1.3990747401923207,5.857142857142857,,0.14285714285714285,0.4522761075304797,79,C:\Users\13411\MyPython\project\ExtremeScene\results\model_pool_experiments_new_machine_margin_formal50_ganfix\singleton\generated_samples_Conditional_Transformer_Risk_Generator.npy,0.31811901658931097,0.03726256352429945,0.02305643483855879,0.34810772279484403,0.062096458064139375,0.032384559128057995,0.06212151699017136,0.09526743936697195,0.01877047080398239,0.24278275212477543,0.06487548698513691,0.024737154923533056,0.03122898632087064,37.524006115786314,0.20238948843208393,27.000965474436782,0.008682193046165323,0.38037970662117004,0.0877944171428684,0.2862595417552881,3.0,6.200000000000003,13.173508534620927,0.030844066846889007,1.2169971019029617,0.002626180648803711,0.17456240653991717,2.619047619047619,2.0,2.8000000000000007,0.5714285714285714,,,,,,,,,ganfix_Conditional_Transformer_Risk_Generator,0.6879763329602999,0.32902434758193716,0.5887036134712342,0.0
singleton,ganfix_ValSelected_Model_Ensemble,28.181122197806843,5.192136273019425,1.3990747401923207,5.857142857142857,,0.14285714285714285,0.4522761075304797,79,C:\Users\13411\MyPython\project\ExtremeScene\results\model_pool_experiments_new_machine_margin_formal50_ganfix\singleton\generated_samples_ValSelected_Model_Ensemble.npy,0.31811901658931097,0.03726256352429945,0.02305643483855879,0.34810772279484403,0.062096458064139375,0.032384559128057995,0.06212151699017136,0.09526743936697195,0.01877047080398239,0.24278275212477543,0.06487548698513691,0.024737154923533056,0.03122898632087064,37.524006115786314,0.20238948843208393,27.000965474436782,0.008682193046165323,0.38037970662117004,0.0877944171428684,0.2862595417552881,3.0,6.200000000000003,13.173508534620927,0.030844066846889007,1.2169971019029617,0.002626180648803711,0.17456240653991717,2.619047619047619,2.0,2.8000000000000007,0.5714285714285714,,,,,,,,,ganfix_ValSelected_Model_Ensemble,0.6879763329602999,0.32902434758193716,0.5887036134712342,0.0
singleton,ganfix_ValSelected_Model_Ensemble_Margin_0.00,28.181122197806843,5.192136273019425,1.3990747401923207,5.857142857142857,,0.14285714285714285,0.4522761075304797,79,C:\Users\13411\MyPython\project\ExtremeScene\results\model_pool_experiments_new_machine_margin_formal50_ganfix\singleton\generated_samples_ValSelected_Model_Ensemble_Margin_0.00.npy,0.31811901658931097,0.03726256352429945,0.02305643483855879,0.34810772279484403,0.062096458064139375,0.032384559128057995,0.06212151699017136,0.09526743936697195,0.01877047080398239,0.24278275212477543,0.06487548698513691,0.024737154923533056,0.03122898632087064,37.524006115786314,0.20238948843208393,27.000965474436782,0.008682193046165323,0.38037970662117004,0.0877944171428684,0.2862595417552881,3.0,6.200000000000003,13.173508534620927,0.030844066846889007,1.2169971019029617,0.002626180648803711,0.17456240653991717,2.619047619047619,2.0,2.8000000000000007,0.5714285714285714,,,,,,,,,ganfix_ValSelected_Model_Ensemble_Margin_0.00,0.6879763329602999,0.32902434758193716,0.5887036134712342,0.0
singleton,ganfix_ValSelected_Model_Ensemble_Margin_0.05,28.181122197806843,5.192136273019425,1.3990747401923207,5.857142857142857,,0.14285714285714285,0.4522761075304797,79,C:\Users\13411\MyPython\project\ExtremeScene\results\model_pool_experiments_new_machine_margin_formal50_ganfix\singleton\generated_samples_ValSelected_Model_Ensemble_Margin_0.05.npy,0.31811901658931097,0.03726256352429945,0.02305643483855879,0.34810772279484403,0.062096458064139375,0.032384559128057995,0.06212151699017136,0.09526743936697195,0.01877047080398239,0.24278275212477543,0.06487548698513691,0.024737154923533056,0.03122898632087064,37.524006115786314,0.20238948843208393,27.000965474436782,0.008682193046165323,0.38037970662117004,0.0877944171428684,0.2862595417552881,3.0,6.200000000000003,13.173508534620927,0.030844066846889007,1.2169971019029617,0.002626180648803711,0.17456240653991717,2.619047619047619,2.0,2.8000000000000007,0.5714285714285714,,,,,,,,,ganfix_ValSelected_Model_Ensemble_Margin_0.05,0.6879763329602999,0.32902434758193716,0.5887036134712342,0.0
singleton,TargetSelected_val_calibrated_targeted_expanded_pool_duration_guard,40.17181866491242,0.2524280039942113,1.2655896493954406,7.761904761904762,,0.19047619047619047,0.4646647827939743,83,C:\Users\13411\MyPython\project\ExtremeScene\results\method_pool_risk_target_selection_expanded_fast\singleton\generated_samples_TargetSelected_val_calibrated_targeted_expanded_pool_duration_guard.npy,0.9872738198628501,0.08295023410326272,0.05164017192420505,0.5364570615359794,0.10593066956319963,0.11989057446453223,0.17293236227112446,0.06258053223198462,0.07402119577560794,0.5655544145566513,0.08382047863281565,0.08185064738811508,0.06772820928924721,38.29912678557534,0.5491371553843081,32.56402337391188,0.05265258343111697,0.5506135523319244,0.9264846384525303,0.4847328240389547,6.0,9.200000000000006,13.393783332189983,0.3475238719642668,1.1803181973241625,2.2718474864959717,2.4097161769866946,2.4761904761904763,2.0,1.1999999999999993,0.5238095238095238,,,,,,,,,TargetSelected_val_calibrated_targeted_expanded_pool_duration_guard,0.9827721104390427,0.0,0.4485633678798151,0.3846153846153846
singleton,TargetSelected_val_calibrated_all_method_pool_q99_guard,40.17181866491242,0.2524280039942113,1.3278883857974073,7.476190476190476,,0.19047619047619047,0.4723621264383426,84,C:\Users\13411\MyPython\project\ExtremeScene\results\method_pool_risk_target_selection_expanded_fast\singleton\generated_samples_TargetSelected_val_calibrated_all_method_pool_q99_guard.npy,1.0376486626882402,0.07682095115963297,0.05235394962484443,0.6093894403142035,0.13205698309037825,0.16964906265514693,0.15579859464394746,0.057158806102776266,0.07070580012066677,0.6009455658821304,0.08867891345092915,0.09756960413355271,0.08301779852570684,41.495876422876066,0.6616227416076831,32.56402337391188,0.07370258074433889,0.7025871574878693,0.9568793594837199,0.4999999995992367,4.0,8.8,12.770667683986668,0.3475238719642668,1.227219128182956,2.2718474864959717,2.4097161769866946,2.2857142857142856,2.0,1.1999999999999993,0.5238095238095238,,,,,,,,,TargetSelected_val_calibrated_all_method_pool_q99_guard,0.9827721104390427,0.0,0.5139681270726729,0.3269230769230769
singleton,targeted_seed47_TransformerVAE_Augmented_TailWeighted_Copula,20.112585135377145,4.196697775059697,1.5864461389913533,7.619047619047619,,0.23809523809523808,0.4754181114042952,85,C:\Users\13411\MyPython\project\ExtremeScene\results\targeted_expanded_pool_multiseed\seed47\expanded_pool\singleton\generated_samples_TransformerVAE_Augmented_TailWeighted_Copula.npy,0.46171710273576155,0.05362956903680462,0.048905920624978734,0.5900778859883311,0.09860721796762044,0.08671421894751562,0.03386681418940332,0.034966638478692275,0.045791276793614756,0.361887267637832,0.06240114182770578,0.06047047212203637,0.015692806963407843,39.63843016779141,0.23259118619468847,16.30713213264285,0.060348611610021134,0.04129853844642639,0.903968578577043,0.3358778623262048,4.0,5.600000000000001,12.862630421493426,0.3475238719642668,1.3176804844822203,2.266011953353882,2.1311484813690185,2.4761904761904763,1.0,0.1999999999999993,0.5714285714285714,,,,,,,,,targeted_seed47_TransformerVAE_Augmented_TailWeighted_Copula,0.4896083179779996,0.2627201278767165,0.7854167721299831,0.35576923076923067
singleton,TargetSelected_val_calibrated_all_method_pool_duration_guard,40.17181866491242,0.2524280039942113,1.3754998991055236,7.333333333333333,,0.19047619047619047,0.4805315224786824,86,C:\Users\13411\MyPython\project\ExtremeScene\results\method_pool_risk_target_selection_expanded_fast\singleton\generated_samples_TargetSelected_val_calibrated_all_method_pool_duration_guard.npy,0.9702333971936866,0.07800341670549821,0.05543780452510388,0.5032518015504277,0.10320041724505735,0.1359113909927184,0.1658083393945523,0.06099378512804378,0.07430819779883298,0.5464311793795554,0.08073253969286644,0.08855246443888509,0.07966933778997368,38.25634067916726,0.548086559834271,32.56402337391188,0.07140618846242427,1.4119398891925812,2.256181031465532,0.45038167902831994,4.0,8.8,13.198963279227796,0.3475238719642668,1.1869527505976813,2.2718474864959717,2.4097161769866946,2.4285714285714284,2.0,1.1999999999999993,0.5238095238095238,,,,,,,,,TargetSelected_val_calibrated_all_method_pool_duration_guard,0.9827721104390427,0.0,0.5639534035417247,0.298076923076923
singleton,TargetSelected_val_calibrated_ganfix_model_pool_global_main,39.05920708501739,1.5568676805782289,1.2720160036447592,7.809523809523809,,0.19047619047619047,0.48565344241712793,87,C:\Users\13411\MyPython\project\ExtremeScene\results\method_pool_risk_target_selection_expanded_fast\singleton\generated_samples_TargetSelected_val_calibrated_ganfix_model_pool_global_main.npy,0.9856013359216157,0.07353831997621502,0.0517001708863328,0.5013845787388544,0.12098162275005016,0.13811625219538873,0.17935758116501255,0.06347006321076308,0.07060523167262446,0.5554478319418276,0.08599666864567608,0.08680721825144866,0.0942802852274133,38.72392443736769,0.5619203332960011,27.000965474436782,0.07071426145941757,0.6830388605594635,1.1641967356205,0.5114503812694482,6.0,9.200000000000006,13.399542418060879,6.174674510955818,1.241916475551469,2.2082788944244385,2.101136827468872,2.6666666666666665,2.0,1.1999999999999993,0.5238095238095238,,,,,,,,,TargetSelected_val_calibrated_ganfix_model_pool_global_main,0.9554181367456213,0.08688618642508314,0.4553101203252052,0.39423076923076916
singleton,TargetSelected_val_calibrated_all_method_pool_paper_weights,40.17181866491242,0.2524280039942113,1.4204257065929207,7.380952380952381,,0.2857142857142857,0.493765247581525,88,C:\Users\13411\MyPython\project\ExtremeScene\results\method_pool_risk_target_selection_expanded_fast\singleton\generated_samples_TargetSelected_val_calibrated_all_method_pool_paper_weights.npy,0.9752776985445981,0.08011434552891084,0.0540518631489866,0.5966943164538376,0.1393788777396227,0.13712422327494733,0.12556277783849307,0.052616594030222896,0.06619598338135772,0.5658449309456429,0.09070327243291881,0.08579068993509721,0.06568414413060143,39.06769135938109,0.5782642043473288,32.56402337391188,0.08544182353992028,1.4119398891925812,2.256181031465532,0.46946564847867245,4.0,8.8,12.885602636806404,0.3475238719642668,1.3583244035641353,2.2718474864959717,2.4097161769866946,2.2857142857142856,2.0,1.1999999999999993,0.6190476190476191,,,,,,,,,TargetSelected_val_calibrated_all_method_pool_paper_weights,0.9827721104390427,0.0,0.6111190731838642,0.30769230769230776
singleton,TargetSelected_val_calibrated_ganfix_model_pool_global_q99,39.05920708501739,1.5568676805782289,1.3786622270819775,7.190476190476191,,0.2857142857142857,0.4948942611944683,89,C:\Users\13411\MyPython\project\ExtremeScene\results\method_pool_risk_target_selection_expanded_fast\singleton\generated_samples_TargetSelected_val_calibrated_ganfix_model_pool_global_q99.npy,1.0346649945097626,0.067618511602118,0.05867195859403504,0.47317122492111396,0.11129588455161277,0.13048541151397583,0.1253363799160503,0.05623373478140274,0.054947272354855047,0.5443908664489756,0.07838271031171118,0.08136821415428865,0.09611293176196506,41.977982718249216,0.6418224191938902,27.000965474436782,0.10671097670721937,1.6759736835956573,2.308987790346146,0.46183206069853144,3.0,8.600000000000005,12.803866754025815,6.174674510955818,1.327566011320977,2.2082788944244385,2.101136827468872,2.2857142857142856,2.0,1.1999999999999993,0.5238095238095238,,,,,,,,,TargetSelected_val_calibrated_ganfix_model_pool_global_q99,0.9554181367456213,0.08688618642508314,0.5672733954345662,0.2692307692307693
singleton,targeted_seed46_RiskKNN_Bootstrap_Generator,11.31253099440221,10.275803625887516,1.4039101543049106,8.285714285714286,,0.38095238095238093,0.5042706819611633,90,C:\Users\13411\MyPython\project\ExtremeScene\results\targeted_expanded_pool_multiseed\seed46\expanded_pool\singleton\generated_samples_RiskKNN_Bootstrap_Generator.npy,0.6603588851356001,0.07665006834216762,0.023965243670607886,0.3612419675651287,0.086703248819493,0.03185145398558654,0.09928332066908571,0.062115092025590866,0.07615246113211098,0.37362805778993824,0.0751561363957505,0.043989719596101796,0.051588337405403535,41.83799985363031,0.29152276136548466,11.722512322217156,0.054622745243428285,0.1814156472682953,0.09050411581993068,0.39694656456733274,11.0,11.8,12.411776264008392,5.197180108864448,1.1723735736949104,0.9609572887420654,1.193657827377319,2.5714285714285716,2.0,3.6000000000000014,0.5238095238095238,,,,,,,,,targeted_seed46_RiskKNN_Bootstrap_Generator,0.27325568079295104,0.6676375293743697,0.5937801064130992,0.49038461538461553
singleton,targeted_seed46_Conditional_NormalizingFlow_Risk_Generator,24.845978993315896,9.504791632047581,1.298285959648811,7.0,,0.23809523809523808,0.5220165903317817,91,C:\Users\13411\MyPython\project\ExtremeScene\results\targeted_expanded_pool_multiseed\seed46\expanded_pool\singleton\generated_samples_Conditional_NormalizingFlow_Risk_Generator.npy,0.7118435498898621,0.08321126503465567,0.03315139845423584,0.39420998196497004,0.09967616657351676,0.18353882569484023,0.18430210722869209,0.16471027313951822,0.043085556654694934,0.43011854636117475,0.11586590158256356,0.08659192693459034,0.07080628540770213,34.906235759177825,0.0029846508849522093,18.79418416264187,0.03750177342699077,0.33465638756752014,0.5722857415676135,0.2786259539751471,2.0,1.1999999999999993,12.471819984886931,6.510740682834864,1.482933317621549,2.117286443710327,3.203458738327027,2.7142857142857144,1.0,0.1999999999999993,0.5714285714285714,,,,,,,,,targeted_seed46_Conditional_NormalizingFlow_Risk_Generator,0.6059805842839776,0.6162819220317738,0.48288981528668656,0.2307692307692308
singleton,targeted_seed45_Conditional_NormalizingFlow_Risk_Generator,16.256263199893638,13.272210398069308,1.3227513814067824,7.190476190476191,,0.23809523809523808,0.5461348302419516,92,C:\Users\13411\MyPython\project\ExtremeScene\results\targeted_expanded_pool_multiseed\seed45\expanded_pool\singleton\generated_samples_Conditional_NormalizingFlow_Risk_Generator.npy,0.8559937246892819,0.1020585713284377,0.033851159511219725,0.5672215489946582,0.14456433020163825,0.16651231033910954,0.2132162402267953,0.16812868494601335,0.05242289151074473,0.5454771713035784,0.1382505288253631,0.08426212045369134,0.05473665029457902,34.906806705734894,0.009467760930713427,9.146284203274405,0.0173280144630011,0.36047205328941345,0.6426589429378513,0.3396946562162753,5.0,6.600000000000001,11.1014070756786,9.347527429813624,1.3872733009713036,2.195068597793579,2.364340257644653,2.7142857142857144,1.0,0.1999999999999993,0.6666666666666666,,,,,,,,,targeted_seed45_Conditional_NormalizingFlow_Risk_Generator,0.394799194396406,0.8672223488847262,0.5085750074919864,0.2692307692307693
singleton,ganfix_Conditional_NormalizingFlow_Risk_Generator,15.1829325969683,15.265627803121767,1.1865154645084182,7.380952380952381,,0.3333333333333333,0.5480638306618225,93,C:\Users\13411\MyPython\project\ExtremeScene\results\model_pool_experiments_new_machine_margin_formal50_ganfix\singleton\generated_samples_Conditional_NormalizingFlow_Risk_Generator.npy,0.9392246831031071,0.09713746339626092,0.03884676440396053,0.569275352192264,0.14685792651408994,0.153525069297325,0.16385464037115788,0.18351776669213848,0.024255663188353427,0.5574515585555097,0.1425043855341631,0.07220916562987965,0.07193587862577984,34.25276873505057,0.009140585067669856,12.080798782941287,0.06627042777559673,0.7684023082256317,0.7064959704875946,0.3625954195566983,8.0,6.399999999999999,10.610996830696752,10.577756887928008,1.6304653152113868,2.667587995529175,2.8907067775726323,2.238095238095238,1.0,0.1999999999999993,0.5714285714285714,,,,,,,,,ganfix_Conditional_NormalizingFlow_Risk_Generator,0.36841095827941905,1.0,0.3655467880966023,0.30769230769230776
singleton,TargetSelected_val_calibrated_all_method_pool_global_main,40.17181866491242,1.5568676805782289,1.5464804285216989,7.238095238095238,,0.19047619047619047,0.5485890357961198,94,C:\Users\13411\MyPython\project\ExtremeScene\results\method_pool_risk_target_selection_expanded_fast\singleton\generated_samples_TargetSelected_val_calibrated_all_method_pool_global_main.npy,1.0345879755322898,0.0696438803403264,0.05441107064936457,0.46976060158617444,0.10616535711343672,0.11002930923950971,0.08646325300513742,0.04450975599818832,0.04943178328660942,0.5302706100412006,0.07343966448398381,0.07129072105849456,0.06392965519255223,39.744130119987,0.5817660849075441,32.56402337391188,0.12150715329169098,1.4119398891925812,1.3099769413471218,0.46564885458860195,3.0,8.600000000000005,12.12755505031149,6.174674510955818,1.335088991693088,2.2082788944244385,2.101136827468872,2.1904761904761907,2.0,1.1999999999999993,0.6190476190476191,,,,,,,,,TargetSelected_val_calibrated_all_method_pool_global_main,0.9827721104390427,0.08688618642508314,0.7434584946398363,0.27884615384615385
singleton,TargetSelected_val_calibrated_targeted_expanded_pool_global_main,40.17181866491242,1.5568676805782289,1.5482174355946925,7.523809523809524,,0.19047619047619047,0.5576987841716115,95,C:\Users\13411\MyPython\project\ExtremeScene\results\method_pool_risk_target_selection_expanded_fast\singleton\generated_samples_TargetSelected_val_calibrated_targeted_expanded_pool_global_main.npy,1.0716422767866227,0.07710708278251144,0.052852430234771486,0.46307275990743646,0.10479752500247226,0.10834719612062238,0.10009943169323031,0.048551092915159175,0.0526185216075889,0.5449381561290965,0.07681856690004762,0.07127271598766093,0.07105489692999811,40.10890008080635,0.5907228638667892,32.56402337391188,0.12180353278923035,1.4119398891925812,1.3099769413471218,0.4885496179290252,3.0,8.600000000000005,12.121786834883475,6.174674510955818,1.3484684973955154,2.2082788944244385,2.101136827468872,2.238095238095238,2.0,1.1999999999999993,0.6190476190476191,,,,,,,,,TargetSelected_val_calibrated_targeted_expanded_pool_global_main,0.9827721104390427,0.08688618642508314,0.745282103526418,0.3365384615384615
singleton,TargetSelected_val_calibrated_targeted_expanded_pool_global_q99,40.87255595586345,1.5568676805782289,1.5002703069809027,7.9523809523809526,,0.2857142857142857,0.5632635141410641,96,C:\Users\13411\MyPython\project\ExtremeScene\results\method_pool_risk_target_selection_expanded_fast\singleton\generated_samples_TargetSelected_val_calibrated_targeted_expanded_pool_global_q99.npy,1.0029186511796617,0.08402683988455227,0.051733317432029496,0.6123781739906581,0.12479668078064765,0.09994036064215528,0.1094819748611381,0.04907520243905539,0.07517521488731403,0.5749262666771527,0.08596624103475177,0.07561629765383293,0.061538507424681206,41.06172693172767,0.6119568442448848,36.06770982866709,0.07846077442558178,1.4119398891925812,1.3099769413471218,0.5229007629396597,6.0,9.200000000000006,14.677493829697069,6.174674510955818,1.283564397976512,2.2082788944244385,2.101136827468872,2.5238095238095237,2.0,1.1999999999999993,0.6190476190476191,,,,,,,,,TargetSelected_val_calibrated_targeted_expanded_pool_global_q99,1.0,0.08688618642508314,0.6949444790080032,0.4230769230769231
singleton,enhanced_gan,34.35355663621364,9.6773330548579,1.2164876533594604,6.809523809523809,3.571428571428572,0.5238095238095238,0.5683502351249764,97,C:\Users\13411\MyPython\project\ExtremeScene\results\tailweighted_month_evt_copula\singleton\generated_samples_enhanced_gan.npy,0.964622207892635,0.1200977773622014,0.0943844537952838,0.3356194009551059,0.1298529791094157,0.1715174383521155,0.1221839553838926,0.0461684309211125,0.0691144818218719,0.4741418547438778,0.0987063957975766,0.1116721246564237,0.0895697810964823,25.72569811087997,0.0856079855236421,26.583144634016257,0.0292694698453708,1.0409031212329865,0.7562402069568641,0.2709923661950061,2.0,1.1999999999999993,7.223148302127022,7.367890130156567,1.0921130641585304,1.0676286220550537,1.9069064617156992,1.9523809523809523,3.0,5.400000000000002,0.6666666666666666,0.8166398308439833,0.216848076220796,0.1430412578728189,0.1222333609507192,35.83500552182522,27.727563267494126,0.9653111845254898,6.0,enhanced_gan,0.8397279525762646,0.6277745701759986,0.39701329781257444,0.1923076923076923
singleton,TargetSelected_val_calibrated_all_method_pool_global_q99,40.87255595586345,1.5568676805782289,1.6101805566909857,7.523809523809524,,0.2857142857142857,0.5791302538257724,98,C:\Users\13411\MyPython\project\ExtremeScene\results\method_pool_risk_target_selection_expanded_fast\singleton\generated_samples_TargetSelected_val_calibrated_all_method_pool_global_q99.npy,0.987284423812987,0.07935501133389956,0.05553095003292829,0.5781883061395356,0.12063819266942331,0.11467646871428987,0.10248471466484164,0.04826424652281132,0.07562387701973258,0.5559858148724547,0.0827524835087114,0.08194376525565024,0.07682263729971218,41.01894082531959,0.6109062486948478,36.06770982866709,0.09721437945688909,1.6759736835956573,2.308987790346146,0.4885496179290252,6.0,9.200000000000006,14.48267377673488,6.174674510955818,1.290198951250031,2.2082788944244385,2.101136827468872,2.4761904761904763,2.0,1.1999999999999993,0.6190476190476191,,,,,,,,,TargetSelected_val_calibrated_all_method_pool_global_q99,1.0,0.08688618642508314,0.8103345146699128,0.3365384615384615
singleton,targeted_seed46_Conditional_Transformer_Risk_Generator,35.42974017124129,2.7102840418041794,1.7908389708637038,9.761904761904763,,0.23809523809523808,0.6772390306803447,99,C:\Users\13411\MyPython\project\ExtremeScene\results\targeted_expanded_pool_multiseed\seed46\expanded_pool\singleton\generated_samples_Conditional_Transformer_Risk_Generator.npy,0.7482193522352392,0.06648634672404213,0.03052279337825069,0.39751938814740806,0.06739079563191454,0.06842848632340072,0.05407232497471522,0.0893528239706202,0.04557590096939867,0.39993702178578755,0.07440998877552561,0.048175726890350025,0.041018088248257284,46.85409719751521,0.18662517906327683,37.40903542504056,0.05151616037611926,0.5162040293216705,0.31190696358680725,0.32442748065599336,15.0,12.599999999999998,14.898748513218896,0.799139902347811,0.7848266370239712,0.46101927757263184,0.7241008281707764,2.9047619047619047,1.0,1.0,0.5238095238095238,,,,,,,,,targeted_seed46_Conditional_Transformer_Risk_Generator,0.866186329100817,0.16371300393622942,1.0,0.7884615384615385
singleton,targeted_seed46_Expanded_ValSelected_Model_Ensemble,35.42974017124129,2.7102840418041794,1.7908389708637038,9.761904761904763,,0.23809523809523808,0.6772390306803447,99,C:\Users\13411\MyPython\project\ExtremeScene\results\targeted_expanded_pool_multiseed\seed46\expanded_pool\singleton\generated_samples_Expanded_ValSelected_Model_Ensemble.npy,0.7482193522352392,0.06648634672404213,0.03052279337825069,0.39751938814740806,0.06739079563191454,0.06842848632340072,0.05407232497471522,0.0893528239706202,0.04557590096939867,0.39993702178578755,0.07440998877552561,0.048175726890350025,0.041018088248257284,46.85409719751521,0.18662517906327683,37.40903542504056,0.05151616037611926,0.5162040293216705,0.31190696358680725,0.32442748065599336,15.0,12.599999999999998,14.898748513218896,0.799139902347811,0.7848266370239712,0.46101927757263184,0.7241008281707764,2.9047619047619047,1.0,1.0,0.5238095238095238,,,,,,,,,targeted_seed46_Expanded_ValSelected_Model_Ensemble,0.866186329100817,0.16371300393622942,1.0,0.7884615384615385
singleton,targeted_seed46_Expanded_ValSelected_Model_Ensemble_Margin_0.05,35.42974017124129,2.7102840418041794,1.7908389708637038,9.761904761904763,,0.23809523809523808,0.6772390306803447,99,C:\Users\13411\MyPython\project\ExtremeScene\results\targeted_expanded_pool_multiseed\seed46\expanded_pool\singleton\generated_samples_Expanded_ValSelected_Model_Ensemble_Margin_0.05.npy,0.7482193522352392,0.06648634672404213,0.03052279337825069,0.39751938814740806,0.06739079563191454,0.06842848632340072,0.05407232497471522,0.0893528239706202,0.04557590096939867,0.39993702178578755,0.07440998877552561,0.048175726890350025,0.041018088248257284,46.85409719751521,0.18662517906327683,37.40903542504056,0.05151616037611926,0.5162040293216705,0.31190696358680725,0.32442748065599336,15.0,12.599999999999998,14.898748513218896,0.799139902347811,0.7848266370239712,0.46101927757263184,0.7241008281707764,2.9047619047619047,1.0,1.0,0.5238095238095238,,,,,,,,,targeted_seed46_Expanded_ValSelected_Model_Ensemble_Margin_0.05,0.866186329100817,0.16371300393622942,1.0,0.7884615384615385
singleton,traditional_gaussian_copula,35.494865833236986,1.3560195739014418,1.779544286590646,10.80952380952381,7.0,0.1904761904761904,0.6794242153534166,102,C:\Users\13411\MyPython\project\ExtremeScene\results\tailweighted_month_evt_copula\singleton\generated_samples_traditional_gaussian_copula.npy,0.5406401119534932,0.039490104886039,0.0797697766933224,0.1923486676471179,0.0384743172381957,0.1052033531110803,0.0640551932048282,0.0353157071632636,0.1269093107334024,0.2656813242684798,0.0377600430958328,0.1039608135126017,0.0474576845176892,50.89193972139023,0.1158863172975689,9.1792592155346,0.0165900223167149,1.9263449013233185,2.6449506103992477,0.0648854961311986,6.0,9.200000000000006,16.290082943670114,5.170433977571882,1.421611372204054,2.257049322128296,2.763080930709839,3.4761904761904763,2.0,1.1999999999999993,0.6666666666666666,1.026932773148947,0.2000481926195181,0.1616758446019883,0.1081033910036792,63.046664729319936,43.25637610860054,2.1134984716773038,10.4,traditional_gaussian_copula,0.8677874679683137,0.07350808519655898,0.9881421976158189,1.0
muswellbrook,TargetSelected_val_calibrated_riskfirst_evt_pool_global_q99,0.2953130018012189,11.650046316355471,1.127602535523086,7.833333333333333,,0.5416666666666666,0.15080367688645,1,C:\Users\13411\MyPython\project\ExtremeScene\results\method_pool_risk_target_selection_expanded_fast\muswellbrook\generated_samples_TargetSelected_val_calibrated_riskfirst_evt_pool_global_q99.npy,0.41116478597676315,0.09701055288230727,0.08297587647128214,0.533876293261225,0.21237224931934442,0.18095357737519782,0.38936350679343246,0.1991241533956728,0.11489292298928745,0.44480152867714023,0.1695023185324415,0.12627412561192247,0.16548025468780395,22.940948782248267,0.0146761277468125,13.426716742616179,0.02965646456071903,0.06238741390407032,0.9916280215978617,0.026809651457280727,0.0,1.5399999999999991,9.322283593016815,13.184514546662836,0.9241205006837845,1.0719527721405027,1.4945478248596191,2.9583333333333335,1.8499999999999979,2.0,0.8333333333333334,,,,,,,,,TargetSelected_val_calibrated_riskfirst_evt_pool_global_q99,0.0032493711831081858,0.24127486040611817,0.09027343451677715,0.36585365853658536
muswellbrook,TargetSelected_val_calibrated_riskfirst_evt_pool_global_main,8.540321789405837,11.458815665189526,1.1419278593481674,7.125,,0.4583333333333333,0.1650340830676754,2,C:\Users\13411\MyPython\project\ExtremeScene\results\method_pool_risk_target_selection_expanded_fast\muswellbrook\generated_samples_TargetSelected_val_calibrated_riskfirst_evt_pool_global_main.npy,0.5127856896983254,0.09865943699429666,0.12259247466515007,0.6151706666720135,0.31153535088428763,0.1921833218910927,0.48548765926133686,0.31093899026643906,0.14071882760760207,0.5378146718772252,0.2403779260483411,0.15183154138794827,0.17564634994972128,21.91118420384484,0.10428329708578751,13.469803349548073,0.029616510460945558,0.4176740888506183,1.0999308332800863,0.029490616603008755,0.30000000000000426,1.5399999999999991,8.516819568648426,13.627209995716477,0.95210300385952,0.9675822019577027,1.4663063764572137,2.75,1.8499999999999979,2.0,0.875,,,,,,,,,TargetSelected_val_calibrated_riskfirst_evt_pool_global_main,0.14549923359248557,0.2339515646813537,0.10967342312258221,0.15853658536585374
muswellbrook,TargetSelected_val_calibrated_rf_duration_pool_global_main,8.540321789405837,11.458815665189526,1.158066203109532,7.041666666666667,,0.4583333333333333,0.1668393616272572,3,C:\Users\13411\MyPython\project\ExtremeScene\results\method_pool_risk_target_selection_expanded_fast\muswellbrook\generated_samples_TargetSelected_val_calibrated_rf_duration_pool_global_main.npy,0.5152177578873105,0.09979990890473239,0.12810854957747955,0.6365336902025676,0.32891733498207787,0.1985914697522999,0.5038266627970425,0.3315108116162476,0.14384580581421885,0.5518593702956401,0.2534093518343526,0.15684860838133277,0.19789529280759421,21.86560451118034,0.10311444360964324,13.469803349548073,0.025714901228810545,0.4176740888506183,1.0999308332800863,0.03485254689446481,0.30000000000000426,1.5399999999999991,8.518020959868519,13.627209995716477,0.9623184154431025,0.9675822019577027,1.4663063764572137,2.75,1.8499999999999979,2.0,0.875,,,,,,,,,TargetSelected_val_calibrated_rf_duration_pool_global_main,0.14549923359248557,0.2339515646813537,0.13152868370237286,0.1341463414634148
muswellbrook,TargetSelected_empirical_rf_duration_pool_global_main,6.114155420200518,15.347023007921187,1.106929767789552,6.708333333333333,,0.4583333333333333,0.16700531577939182,4,C:\Users\13411\MyPython\project\ExtremeScene\results\method_pool_risk_target_selection_expanded_fast\muswellbrook\generated_samples_TargetSelected_empirical_rf_duration_pool_global_main.npy,0.5252734753820631,0.098603076587604,0.09666221661993364,0.6433824126229244,0.3403665603207871,0.19975982165312056,0.4995463691607424,0.32329404844874376,0.11910086614081346,0.5560674190552434,0.25408789511904495,0.13850763480462255,0.17953194940831496,19.99246197206236,0.08367242703520371,4.125859530028677,0.011612399297882981,0.4738088313490154,1.1151202341914175,0.06702412864320159,4.699999999999992,5.0,8.884267522939897,13.672462507566696,0.9294961343208948,0.9675822019577027,1.4663063764572137,2.7083333333333335,1.8499999999999979,0.46000000000000085,0.875,,,,,,,,,TargetSelected_empirical_rf_duration_pool_global_main,0.10364096017007701,0.38285286285930686,0.062277455970111445,0.036585365853658534
muswellbrook,TargetSelected_empirical_riskfirst_evt_pool_paper_weights,6.114155420200518,15.256828394512198,1.0652986927016173,7.125,,0.5,0.17016711932558704,5,C:\Users\13411\MyPython\project\ExtremeScene\results\method_pool_risk_target_selection_expanded_fast\muswellbrook\generated_samples_TargetSelected_empirical_riskfirst_evt_pool_paper_weights.npy,0.4634386129953243,0.09132728907665683,0.0476371189681298,0.5808351096628166,0.26674980196907233,0.1997093011633869,0.3959041652093658,0.20699316275951735,0.06412547546019527,0.4800592959558356,0.18835675126841553,0.10382396519723731,0.1346740073179405,20.926900062668565,0.07149545329240814,3.241108437632761,0.017806180661433114,0.4437113795429468,0.6787274232506748,0.02412868631155259,4.699999999999992,5.0,9.305234326443044,12.87303586035964,0.7736203223466873,0.8425011634826656,0.28063929557800327,2.75,1.8499999999999979,0.46000000000000085,0.8333333333333334,,,,,,,,,TargetSelected_empirical_riskfirst_evt_pool_paper_weights,0.10364096017007701,0.37939880451276253,0.005898808463428413,0.15853658536585374
muswellbrook,TargetSelected_empirical_rf_duration_pool_paper_weights,6.114155420200518,15.256828394512198,1.133312037748207,6.833333333333333,,0.5416666666666666,0.18038891304802984,6,C:\Users\13411\MyPython\project\ExtremeScene\results\method_pool_risk_target_selection_expanded_fast\muswellbrook\generated_samples_TargetSelected_empirical_rf_duration_pool_paper_weights.npy,0.5141236009421171,0.09115783890647217,0.048103789658787206,0.6387118699925918,0.34453496819605584,0.21504794493793508,0.44269208092902296,0.2605319982788422,0.05809980522193666,0.5318425172879105,0.2320749351271234,0.10708384660621965,0.1629413223541538,20.75528383030695,0.12531988923481047,5.141924203472229,0.02504063396757699,0.4437113795429468,0.6787274232506748,0.010723860582912224,4.699999999999992,5.0,9.022077856037535,12.87303586035964,0.8722856690486273,0.8939520835876467,0.34757674217224155,2.625,1.8499999999999979,0.46000000000000085,0.875,,,,,,,,,TargetSelected_empirical_rf_duration_pool_paper_weights,0.10364096017007701,0.37939880451276253,0.09800549554832157,0.07317073170731707
muswellbrook,TargetSelected_empirical_rf_duration_pool_core_ramp_guard,6.114155420200518,15.256828394512198,1.133312037748207,6.833333333333333,,0.5416666666666666,0.18038891304802984,6,C:\Users\13411\MyPython\project\ExtremeScene\results\method_pool_risk_target_selection_expanded_fast\muswellbrook\generated_samples_TargetSelected_empirical_rf_duration_pool_core_ramp_guard.npy,0.5141236009421171,0.09115783890647217,0.048103789658787206,0.6387118699925918,0.34453496819605584,0.21504794493793508,0.44269208092902296,0.2605319982788422,0.05809980522193666,0.5318425172879105,0.2320749351271234,0.10708384660621965,0.1629413223541538,20.75528383030695,0.12531988923481047,5.141924203472229,0.02504063396757699,0.4437113795429468,0.6787274232506748,0.010723860582912224,4.699999999999992,5.0,9.022077856037535,12.87303586035964,0.8722856690486273,0.8939520835876467,0.34757674217224155,2.625,1.8499999999999979,0.46000000000000085,0.875,,,,,,,,,TargetSelected_empirical_rf_duration_pool_core_ramp_guard,0.10364096017007701,0.37939880451276253,0.09800549554832157,0.07317073170731707
muswellbrook,TargetSelected_empirical_riskfirst_evt_pool_core_ramp_guard,6.114155420200518,15.256828394512198,1.0896011428655281,7.291666666666667,,0.5416666666666666,0.18571205634829593,8,C:\Users\13411\MyPython\project\ExtremeScene\results\method_pool_risk_target_selection_expanded_fast\muswellbrook\generated_samples_TargetSelected_empirical_riskfirst_evt_pool_core_ramp_guard.npy,0.5050191708185053,0.09516811822045006,0.05160046500026697,0.6005406308815711,0.29181050729024055,0.2014692198044651,0.4141897632300445,0.23075539750176913,0.06204421095773707,0.5065831883100403,0.20591134100415323,0.10503796525415639,0.13890542599271424,21.636298749573047,0.08968739520092038,3.241108437632761,0.02368154589872666,0.4437113795429468,0.6787274232506748,0.013404825728640364,4.699999999999992,5.0,9.236092476572255,12.87303586035964,0.808233454823494,0.8425011634826656,0.28063929557800327,2.7916666666666665,1.8499999999999979,0.46000000000000085,0.875,,,,,,,,,TargetSelected_empirical_riskfirst_evt_pool_core_ramp_guard,0.10364096017007701,0.37939880451276253,0.03881026387133708,0.20731707317073186
muswellbrook,TargetSelected_val_calibrated_rf_duration_pool_global_q99,8.540321789405837,11.458815665189526,1.1608341434718266,7.541666666666667,,0.5416666666666666,0.1897276980267517,9,C:\Users\13411\MyPython\project\ExtremeScene\results\method_pool_risk_target_selection_expanded_fast\muswellbrook\generated_samples_TargetSelected_val_calibrated_rf_duration_pool_global_q99.npy,0.5150086614820693,0.10237301053360458,0.0857425216161246,0.6358011204887322,0.3341936805994635,0.20711278508127975,0.4465272229327402,0.2783195294033356,0.1014461915067401,0.5324456683011806,0.2382954068454679,0.13143383273471482,0.1895419906905346,22.910666556492576,0.13752408992071627,13.469803349548073,0.03343413082795887,0.3875766370445488,1.0999308332800863,0.01876675602009642,0.30000000000000426,1.5399999999999991,8.510019820174692,13.627209995716477,0.9681764791409174,0.9675822019577027,1.4663063764572137,2.75,1.8499999999999979,2.0,0.875,,,,,,,,,TargetSelected_val_calibrated_rf_duration_pool_global_q99,0.14549923359248557,0.2339515646813537,0.13527715125157044,0.2804878048780489
muswellbrook,TargetSelected_empirical_rf_duration_pool_global_q99,6.114155420200518,15.347023007921187,1.1096977081518464,7.208333333333333,,0.5416666666666666,0.18989365217888624,10,C:\Users\13411\MyPython\project\ExtremeScene\results\method_pool_risk_target_selection_expanded_fast\muswellbrook\generated_samples_TargetSelected_empirical_rf_duration_pool_global_q99.npy,0.5204883957350697,0.09662942550354986,0.05662795725962969,0.6431658806072342,0.34361287177770583,0.2141674735296724,0.4434404389060513,0.2694447753625125,0.0767012518333347,0.5356982384161184,0.23656235754792274,0.11583222754087892,0.17117864729125531,21.037524017374604,0.11808207334627675,4.125859530028677,0.019331628897031303,0.4437113795429468,1.1151202341914175,0.013404825728640364,4.699999999999992,5.0,8.87626638324607,13.672462507566696,0.9353541980187098,0.9675822019577027,1.4663063764572137,2.7083333333333335,1.8499999999999979,0.46000000000000085,0.875,,,,,,,,,TargetSelected_empirical_rf_duration_pool_global_q99,0.10364096017007701,0.38285286285930686,0.06602592351930872,0.18292682926829268
muswellbrook,TargetSelected_val_calibrated_rf_duration_pool_core_ramp_guard,6.114155420200518,15.256828394512198,1.185294854056944,7.125,,0.5416666666666666,0.21079314969423152,11,C:\Users\13411\MyPython\project\ExtremeScene\results\method_pool_risk_target_selection_expanded_fast\muswellbrook\generated_samples_TargetSelected_val_calibrated_rf_duration_pool_core_ramp_guard.npy,0.534643280285376,0.09693150663893883,0.07225333856930287,0.6343359440841057,0.33748455587835274,0.21385976810989857,0.45103070999017225,0.27026998056184576,0.08485201710935471,0.540003311453218,0.23489534769304576,0.12365504126285204,0.17299476007873865,20.541819426851177,0.13315775298888888,5.141924203472229,0.03760801008879258,0.4437113795429468,0.6787274232506748,0.008042895437184196,4.699999999999992,5.0,8.734841154242018,12.87303586035964,0.8417070160309473,0.8939520835876467,0.34757674217224155,2.5833333333333335,1.8499999999999979,0.46000000000000085,0.875,,,,,,,,,TargetSelected_val_calibrated_rf_duration_pool_core_ramp_guard,0.10364096017007701,0.37939880451276253,0.16840292993800635,0.15853658536585374
muswellbrook,TargetSelected_val_calibrated_riskfirst_evt_pool_core_ramp_guard,6.114155420200518,15.256828394512198,1.141583959174265,7.583333333333333,,0.5416666666666666,0.21611629299449758,12,C:\Users\13411\MyPython\project\ExtremeScene\results\method_pool_risk_target_selection_expanded_fast\muswellbrook\generated_samples_TargetSelected_val_calibrated_riskfirst_evt_pool_core_ramp_guard.npy,0.5183875919492157,0.101249090891271,0.0776496577767402,0.59634564784183,0.2854671364444368,0.20028104297642857,0.42326658367505005,0.24031744857472945,0.08879642284515514,0.5126666078220319,0.20901122530347907,0.12224237453277464,0.1489588637172991,21.42283434611727,0.09752525895499879,3.241108437632761,0.03624892201994225,0.4437113795429468,0.6787274232506748,0.016085790874368393,4.699999999999992,5.0,8.948855774776737,12.87303586035964,0.7776548018058141,0.8425011634826656,0.28063929557800327,2.75,1.8499999999999979,0.46000000000000085,0.875,,,,,,,,,TargetSelected_val_calibrated_riskfirst_evt_pool_core_ramp_guard,0.10364096017007701,0.37939880451276253,0.10920769826102188,0.2926829268292683
muswellbrook,TargetSelected_empirical_riskfirst_evt_pool_global_main,12.361860618103123,15.347023007921187,1.1646830207416012,6.666666666666667,,0.5833333333333334,0.21706625903792465,13,C:\Users\13411\MyPython\project\ExtremeScene\results\method_pool_risk_target_selection_expanded_fast\muswellbrook\generated_samples_TargetSelected_empirical_riskfirst_evt_pool_global_main.npy,0.5242308168499559,0.09646241818049471,0.11398375191887328,0.6038023808419153,0.29585297602285765,0.18405755138997407,0.49290561658970683,0.3050381164342329,0.1426465646653721,0.5403129380938593,0.2324511702125284,0.14689595599140648,0.15881757706177094,18.358456732753545,0.15412157785683753,28.42858838306273,0.020632955787687916,0.8719891790300602,1.2223092046380044,0.053619302914561344,0.0,2.309999999999995,8.29158740376506,13.672462507566696,0.8675607790549597,0.9675822019577027,1.4663063764572137,2.7916666666666665,1.8499999999999979,0.46000000000000085,0.9166666666666666,,,,,,,,,TargetSelected_empirical_riskfirst_evt_pool_global_main,0.21143165241434778,0.38285286285930686,0.14048947148184956,0.024390243902439195
muswellbrook,TargetSelected_empirical_riskfirst_evt_pool_global_q99,11.005242276429414,15.347023007921187,1.1155759598186705,7.375,,0.625,0.22451642229639165,14,C:\Users\13411\MyPython\project\ExtremeScene\results\method_pool_risk_target_selection_expanded_fast\muswellbrook\generated_samples_TargetSelected_empirical_riskfirst_evt_pool_global_q99.npy,0.4761247949467765,0.09557783921933041,0.07893506393609782,0.5675737524439615,0.24771777934184466,0.1889164986797124,0.40938225184522203,0.21635951208662835,0.10939959880276873,0.48436026641198665,0.1865517102159345,0.12575038713952633,0.144445902766371,19.529555317762895,0.13353793474936396,22.2016153030484,0.024049788726818268,0.6839407417923207,1.1761597785353652,0.040214477185921096,0.0,2.309999999999995,8.567944125696833,13.672462507566696,0.7849689076344172,0.8425011634826656,1.4461457109451294,2.9166666666666665,1.8499999999999979,0.46000000000000085,0.8333333333333334,,,,,,,,,TargetSelected_empirical_riskfirst_evt_pool_global_q99,0.18802612582045944,0.38285286285930686,0.07398651252594465,0.2317073170731708
muswellbrook,extreme_conditioned_gaussian_copula,1.828995761877806,5.349720561462036,1.5080390332974882,8.541666666666666,3.9166666666666665,0.5,0.24625789000881976,15,C:\Users\13411\MyPython\project\ExtremeScene\results\evt_copula\muswellbrook\generated_samples_evt_copula.npy,0.4835082667845268,0.0576839780717538,0.0377331150962458,0.334367429682364,0.0583895933466576,0.0580786771902357,0.1458762830377088,0.0283117528077262,0.0697280621820472,0.3212506598348665,0.0481284414087125,0.0551799514895096,0.0481756194221508,30.016870767789328,0.2399414151575126,20.186990465750497,0.0334960021262146,0.415571017190814,1.2652124134171745,0.0241286863115525,0.8499999999999979,1.7700000000000031,11.687624517796989,8.98291329694667,0.7486656904220581,0.7817163467407222,0.4285036373138431,2.2916666666666665,1.0,0.5399999999999991,0.7083333333333334,0.4245062935092763,0.1651139675922733,0.0669287284590864,0.0972273367589479,15.38068066825127,5.267006643799206,1.1063465487211943,7.2,extreme_conditioned_gaussian_copula,0.029709762823747227,0.0,0.6054774056223923,0.5731707317073169
muswellbrook,targeted_seed46_Conditional_TCN_Risk_Generator,7.432236432667523,16.388915293109704,1.126825812961518,8.0,,0.20833333333333334,0.2492408261494337,16,C:\Users\13411\MyPython\project\ExtremeScene\results\targeted_expanded_pool_multiseed\seed46\expanded_pool\muswellbrook\generated_samples_Conditional_TCN_Risk_Generator.npy,0.4798495231403244,0.04747395471957783,0.0753987135162296,0.4504361017434686,0.14445609598794765,0.08653851869683275,0.40621826287466933,0.34326931180396475,0.022257096076906735,0.44550129591948745,0.1783997875038301,0.061398109429989696,0.1707929428985992,36.22533512413536,0.3782057800283652,7.700261853326495,0.08062584694702582,0.029615175351500156,1.3969772365689268,0.14477211786931565,1.6999999999999957,2.7699999999999996,13.940055076344292,1.77545724109428,0.8243805915117264,0.07439570426940945,0.36972182750701865,2.875,1.8499999999999979,2.7699999999999996,0.6666666666666666,,,,,,,,,targeted_seed46_Conditional_TCN_Risk_Generator,0.1263816081788121,0.4227527704905628,0.08922156238960686,0.41463414634146345
muswellbrook,TargetSelected_empirical_riskfirst_evt_pool_duration_guard,23.63941048210198,11.368621051780543,1.1200031589153998,7.5,,0.5,0.2511891030003015,17,C:\Users\13411\MyPython\project\ExtremeScene\results\method_pool_risk_target_selection_expanded_fast\muswellbrook\generated_samples_TargetSelected_empirical_riskfirst_evt_pool_duration_guard.npy,0.4351490233783369,0.08836276778124721,0.026743078466184903,0.5832628605852801,0.2793291700165458,0.20340462089653077,0.36990003329148957,0.18770336065265356,0.028373496655510966,0.46277063908503546,0.18513176615014884,0.08617373200607555,0.14563581066034492,22.42422269016743,0.10989305221752162,12.585052257152157,0.004580817912024214,0.4437113795429468,0.6787274232506748,0.053619302914561226,2.849999999999998,3.1599999999999966,9.413461303060908,12.87303586035964,0.8200041105349859,0.8425011634826656,0.28063929557800327,3.0,1.8499999999999979,2.0,0.8333333333333334,,,,,,,,,TargetSelected_empirical_riskfirst_evt_pool_duration_guard,0.40600147735868225,0.23049750633480967,0.07998202181291819,0.26829268292682934
muswellbrook,TargetSelected_empirical_riskfirst_evt_pool_q99_guard,23.63941048210198,11.368621051780543,1.1200031589153998,7.5,,0.5,0.2511891030003015,17,C:\Users\13411\MyPython\project\ExtremeScene\results\method_pool_risk_target_selection_expanded_fast\muswellbrook\generated_samples_TargetSelected_empirical_riskfirst_evt_pool_q99_guard.npy,0.4351490233783369,0.08836276778124721,0.026743078466184903,0.5832628605852801,0.2793291700165458,0.20340462089653077,0.36990003329148957,0.18770336065265356,0.028373496655510966,0.46277063908503546,0.18513176615014884,0.08617373200607555,0.14563581066034492,22.42422269016743,0.10989305221752162,12.585052257152157,0.004580817912024214,0.4437113795429468,0.6787274232506748,0.053619302914561226,2.849999999999998,3.1599999999999966,9.413461303060908,12.87303586035964,0.8200041105349859,0.8425011634826656,0.28063929557800327,3.0,1.8499999999999979,2.0,0.8333333333333334,,,,,,,,,TargetSelected_empirical_riskfirst_evt_pool_q99_guard,0.40600147735868225,0.23049750633480967,0.07998202181291819,0.26829268292682934
muswellbrook,TargetSelected_val_calibrated_riskfirst_evt_pool_paper_weights,23.63941048210198,11.368621051780543,1.1148528041376267,7.666666666666667,,0.5416666666666666,0.2567624664785913,19,C:\Users\13411\MyPython\project\ExtremeScene\results\method_pool_risk_target_selection_expanded_fast\muswellbrook\generated_samples_TargetSelected_val_calibrated_riskfirst_evt_pool_paper_weights.npy,0.4519362499316533,0.10051828923124909,0.06286291893636865,0.546778728797411,0.2326712761699867,0.18389092795088413,0.3731835608332571,0.18858442952992832,0.07745316640702843,0.45729951318744044,0.17392466497705472,0.10806900443142707,0.14183373625794415,23.213993764750853,0.07805892641375378,12.585052257152157,0.020965688162378364,0.4437113795429468,0.6787274232506748,0.005361930291456169,0.0,3.8500000000000014,9.326036196605349,12.869180113391938,0.7788534214099249,0.8425011634826656,0.28063929557800327,2.875,1.8499999999999979,2.0,0.8333333333333334,,,,,,,,,TargetSelected_val_calibrated_riskfirst_evt_pool_paper_weights,0.40600147735868225,0.23049750633480967,0.0730071830431506,0.3170731707317075
muswellbrook,RiskFirst_TCN_Empirical,1.532368868113167,15.992320539484083,1.1647910201669829,8.75,4.291666666666667,0.6666666666666666,0.25992799389468135,20,C:\Users\13411\MyPython\project\ExtremeScene\results\duration_aware_riskfirst\formal\muswellbrook\generated_samples_RiskFirst_TCN_Empirical.npy,0.8716807964223404,0.1366332709760875,0.2925753163993599,0.6257917376718038,0.3126608309176207,0.2203319776954883,0.6803113810259742,0.5546273280527055,0.2801503429675833,0.7259279717067061,0.3346404766488045,0.2643525456874772,0.2305311912951494,19.66975857368351,0.005909855490213,12.42915309870736,0.0304122788998323,0.2914244700223207,1.0873653548955913,0.2305630025326136,3.849999999999998,3.229999999999997,9.023816761574048,16.057257732907825,1.3668627987305324,2.740933465957642,2.204937543869019,2.958333333333333,1.0,0.2300000000000004,0.8333333333333334,0.7891632615127255,0.4011201319620109,0.2607387533470199,0.2000869284661073,12.710789087315346,8.331468056602958,0.4488372940570116,5.0,RiskFirst_TCN_Empirical,0.024592104867047868,0.4075649298071664,0.14063572909161956,0.6341463414634146
muswellbrook,TargetSelected_empirical_rf_duration_pool_duration_guard,23.63941048210198,11.368621051780543,1.1880165039619897,7.208333333333333,,0.5416666666666666,0.2614108967227443,21,C:\Users\13411\MyPython\project\ExtremeScene\results\method_pool_risk_target_selection_expanded_fast\muswellbrook\generated_samples_TargetSelected_empirical_rf_duration_pool_duration_guard.npy,0.4917320631168508,0.08853307620757032,0.03391170170650407,0.6414738525808963,0.35804124088962364,0.218743264671079,0.4185853144178543,0.23939978519306812,0.02334603228165415,0.5172637433718671,0.22865803409675403,0.0920003328864124,0.155556482172109,22.252606457805815,0.16371748815992396,14.485868022991625,0.011815271218167875,0.4437113795429468,0.6787274232506748,0.08847184980902616,4.699999999999996,2.6999999999999957,9.1303048326554,12.87303586035964,0.9186694572369257,0.8939520835876467,0.34757674217224155,2.875,1.8499999999999979,2.0,0.875,,,,,,,,,TargetSelected_empirical_rf_duration_pool_duration_guard,0.40600147735868225,0.23049750633480967,0.17208870889781136,0.18292682926829268
muswellbrook,TargetSelected_empirical_rf_duration_pool_q99_guard,23.63941048210198,11.368621051780543,1.1880165039619897,7.208333333333333,,0.5416666666666666,0.2614108967227443,21,C:\Users\13411\MyPython\project\ExtremeScene\results\method_pool_risk_target_selection_expanded_fast\muswellbrook\generated_samples_TargetSelected_empirical_rf_duration_pool_q99_guard.npy,0.4917320631168508,0.08853307620757032,0.03391170170650407,0.6414738525808963,0.35804124088962364,0.218743264671079,0.4185853144178543,0.23939978519306812,0.02334603228165415,0.5172637433718671,0.22865803409675403,0.0920003328864124,0.155556482172109,22.252606457805815,0.16371748815992396,14.485868022991625,0.011815271218167875,0.4437113795429468,0.6787274232506748,0.08847184980902616,4.699999999999996,2.6999999999999957,9.1303048326554,12.87303586035964,0.9186694572369257,0.8939520835876467,0.34757674217224155,2.875,1.8499999999999979,2.0,0.875,,,,,,,,,TargetSelected_empirical_rf_duration_pool_q99_guard,0.40600147735868225,0.23049750633480967,0.17208870889781136,0.18292682926829268
muswellbrook,TargetSelected_val_calibrated_rf_duration_pool_paper_weights,23.63941048210198,11.368621051780543,1.18169677000454,7.291666666666667,,0.5416666666666666,0.2629298173339221,23,C:\Users\13411\MyPython\project\ExtremeScene\results\method_pool_risk_target_selection_expanded_fast\muswellbrook\generated_samples_TargetSelected_val_calibrated_rf_duration_pool_paper_weights.npy,0.5540339703913089,0.10197237697598462,0.0632562655653046,0.6338404490164034,0.33804883063015184,0.21254113296568541,0.43361670482735704,0.257792315757451,0.0699580417097291,0.5404970414116897,0.23260450778786246,0.11525181341357303,0.1746502415821266,21.811376115491154,0.16571448301341377,14.485868022991625,0.038477883612645924,0.4437113795429468,0.6787274232506748,0.03485254689446481,0.30000000000000426,3.8500000000000014,8.52444032400762,12.87303586035964,0.8688288877407709,0.8939520835876467,0.34757674217224155,2.6666666666666665,1.8499999999999979,2.0,0.875,,,,,,,,,TargetSelected_val_calibrated_rf_duration_pool_paper_weights,0.40600147735868225,0.23049750633480967,0.16353024500105914,0.20731707317073186
muswellbrook,TargetSelected_val_calibrated_riskfirst_evt_pool_duration_guard,23.63941048210198,11.368621051780543,1.1355166920208528,7.666666666666667,,0.5,0.26375845474351883,24,C:\Users\13411\MyPython\project\ExtremeScene\results\method_pool_risk_target_selection_expanded_fast\muswellbrook\generated_samples_TargetSelected_val_calibrated_riskfirst_evt_pool_duration_guard.npy,0.4511153079845288,0.09630410840714286,0.022240310341371205,0.5822256830589916,0.2753865533160687,0.20413747166925814,0.37252536833388905,0.1928354901393753,0.03912032684311178,0.46862211979246987,0.1881753839541956,0.0884993696179137,0.13434026994840392,22.401529333245538,0.11047500456456287,12.585052257152157,0.008331372794376447,0.4437113795429468,0.6787274232506748,0.042895442331649006,2.849999999999998,3.1599999999999966,9.156266009157557,12.87303586035964,0.8002810627222061,0.8425011634826656,0.28063929557800327,3.0,1.8499999999999979,2.0,0.8333333333333334,,,,,,,,,TargetSelected_val_calibrated_riskfirst_evt_pool_duration_guard,0.40600147735868225,0.23049750633480967,0.10099113610286055,0.3170731707317075
muswellbrook,DurationAware_RiskFirst_TCN_Empirical,23.63941048210198,11.368621051780543,1.2303453024845414,7.0,3.0416666666666665,0.5416666666666666,0.26659543913780037,25,C:\Users\13411\MyPython\project\ExtremeScene\results\duration_aware_riskfirst\formal\muswellbrook\generated_samples_DurationAware_RiskFirst_TCN_Empirical.npy,0.5002590439937733,0.0960136798245526,0.0425441229214486,0.6448962707762366,0.3674479761329007,0.2204065223645232,0.4192161933991952,0.2378314733541456,0.0249569242699162,0.5214571693897351,0.2337643764371997,0.0959691898519627,0.1526665790945698,22.05875979379798,0.181119550944293,14.485868022991625,0.0015818523777451,0.4437113795429468,0.6787274232506748,0.1179624664120348,4.699999999999996,2.699999999999996,9.149858986590669,12.87303586035964,0.8798061360915502,0.8746991872787477,0.3475767421722415,2.833333333333333,1.8499999999999976,2.0,0.875,0.6990697674992218,0.3397939123723312,0.0837387378588973,0.2145805980382861,26.15069820044464,38.06656521408176,0.506615747883916,5.4,DurationAware_RiskFirst_TCN_Empirical,0.40600147735868225,0.23049750633480967,0.22941224441169425,0.1219512195121952
muswellbrook,TargetSelected_val_calibrated_riskfirst_evt_pool_q99_guard,23.63941048210198,11.368621051780543,1.1366860712005291,7.75,,0.5416666666666666,0.2678128976106307,26,C:\Users\13411\MyPython\project\ExtremeScene\results\method_pool_risk_target_selection_expanded_fast\muswellbrook\generated_samples_TargetSelected_val_calibrated_riskfirst_evt_pool_q99_guard.npy,0.411965306158419,0.09545949841662281,0.02115165449094372,0.5526191265477489,0.24547698154546807,0.1908259104290051,0.35718790058839056,0.17629392343768227,0.04019432993524657,0.4405907777648528,0.17241013446659104,0.08405729828506513,0.1297910796604348,23.632530750143626,0.07664388390730541,12.585052257152157,0.001946369349747242,0.4437113795429468,0.6787274232506748,0.03753351204019284,2.849999999999998,3.1599999999999966,9.674705411349777,12.869180113391938,0.8089709430932999,0.8425011634826656,0.28063929557800327,3.0833333333333335,1.8499999999999979,2.0,0.8333333333333334,,,,,,,,,TargetSelected_val_calibrated_riskfirst_evt_pool_q99_guard,0.40600147735868225,0.23049750633480967,0.10257476122984487,0.3414634146341464
muswellbrook,TargetSelected_val_calibrated_rf_duration_pool_duration_guard,23.63941048210198,11.368621051780543,1.2035300370674424,7.375,,0.5416666666666666,0.27398024846596153,27,C:\Users\13411\MyPython\project\ExtremeScene\results\method_pool_risk_target_selection_expanded_fast\muswellbrook\generated_samples_TargetSelected_val_calibrated_rf_duration_pool_duration_guard.npy,0.5118473023176193,0.09576211926545615,0.024554219515264538,0.6404622214397899,0.3540606990514251,0.2194761154438063,0.42032305103179246,0.244757945823896,0.0324606214175495,0.5242108582630672,0.2315269213802591,0.09216365212554012,0.16260758498461728,22.22991310088393,0.1642994405069652,14.485868022991625,0.01556582610052032,0.4437113795429468,0.6787274232506748,0.07774798922611381,4.699999999999996,2.6999999999999957,8.873109538752049,12.87303586035964,0.898946409424146,0.8939520835876467,0.34757674217224155,2.875,1.8499999999999979,2.0,0.875,,,,,,,,,TargetSelected_val_calibrated_rf_duration_pool_duration_guard,0.40600147735868225,0.23049750633480967,0.1930978231877534,0.2317073170731708
muswellbrook,TargetSelected_val_calibrated_rf_duration_pool_q99_guard,23.63941048210198,11.368621051780543,1.2035300370674424,7.375,,0.5416666666666666,0.27398024846596153,27,C:\Users\13411\MyPython\project\ExtremeScene\results\method_pool_risk_target_selection_expanded_fast\muswellbrook\generated_samples_TargetSelected_val_calibrated_rf_duration_pool_q99_guard.npy,0.5118473023176193,0.09576211926545615,0.024554219515264538,0.6404622214397899,0.3540606990514251,0.2194761154438063,0.42032305103179246,0.244757945823896,0.0324606214175495,0.5242108582630672,0.2315269213802591,0.09216365212554012,0.16260758498461728,22.22991310088393,0.1642994405069652,14.485868022991625,0.01556582610052032,0.4437113795429468,0.6787274232506748,0.07774798922611381,4.699999999999996,2.6999999999999957,8.873109538752049,12.87303586035964,0.898946409424146,0.8939520835876467,0.34757674217224155,2.875,1.8499999999999979,2.0,0.875,,,,,,,,,TargetSelected_val_calibrated_rf_duration_pool_q99_guard,0.40600147735868225,0.23049750633480967,0.1930978231877534,0.2317073170731708
muswellbrook,TargetSelected_val_calibrated_ganfix_model_pool_global_main,9.401117397376268,9.520738683882861,1.2825479810805216,9.458333333333334,,0.375,0.29727100428733066,29,C:\Users\13411\MyPython\project\ExtremeScene\results\method_pool_risk_target_selection_expanded_fast\muswellbrook\generated_samples_TargetSelected_val_calibrated_ganfix_model_pool_global_main.npy,0.6729834179083507,0.08542162567648662,0.03211140236347734,0.4147020470937369,0.12370903783789121,0.1306795463250721,0.23477102933993926,0.11387323601944858,0.02583273652055637,0.44081883144734224,0.10766796651127547,0.0628745617363686,0.07059271371422739,34.58836970700114,0.3459758659058895,5.971893508031698,0.08258450007648754,0.7328108455985767,0.21703101605176833,0.2171581768039734,3.849999999999998,4.770000000000003,15.238262303151204,5.110608309131926,0.9964233090480169,1.097715163230896,1.498683466911316,3.3333333333333335,0.15000000000000213,1.5399999999999991,0.7083333333333334,,,,,,,,,TargetSelected_val_calibrated_ganfix_model_pool_global_main,0.1603504071874096,0.15973171140505504,0.3001074260578773,0.8414634146341465
muswellbrook,TargetSelected_val_calibrated_targeted_expanded_pool_q99_guard,13.660151969728929,11.759564965240322,1.3351094510774904,8.041666666666666,,0.4166666666666667,0.30063646009685696,30,C:\Users\13411\MyPython\project\ExtremeScene\results\method_pool_risk_target_selection_expanded_fast\muswellbrook\generated_samples_TargetSelected_val_calibrated_targeted_expanded_pool_q99_guard.npy,0.5241201770733352,0.05249457693436116,0.035676814414800986,0.33387752133421605,0.094642837314217,0.1060248852643495,0.262507969158041,0.1147173517449723,0.014484541979957638,0.3735018891885307,0.08728492199785015,0.05206208055303604,0.11914065057550495,29.836747518880816,0.35891067908221286,5.601079461900227,0.11357421779332257,0.01725467704236472,1.1512489572167395,0.1420911527235875,2.5499999999999936,4.539999999999999,11.204274724832194,14.829595029685656,1.0548162211974461,1.3190092563629152,0.9429167556762699,3.375,2.0,2.0,0.7083333333333334,,,,,,,,,TargetSelected_val_calibrated_targeted_expanded_pool_q99_guard,0.2338308724629307,0.2454689446089922,0.37128849892551063,0.4268292682926828
muswellbrook,targeted_seed45_Expanded_ValSelected_Model_Ensemble,8.070168585483827,12.305375735370312,1.2759433926451795,9.208333333333334,,0.3333333333333333,0.3091623596471431,31,C:\Users\13411\MyPython\project\ExtremeScene\results\targeted_expanded_pool_multiseed\seed45\expanded_pool\muswellbrook\generated_samples_Expanded_ValSelected_Model_Ensemble.npy,0.9689927854471738,0.07627443908627635,0.040207583812585906,0.24201376200653613,0.054609334593333794,0.04996371267794907,0.04720290377481877,0.022129664788701355,0.06209037406709639,0.41940315040950954,0.051004479489437156,0.05075389018587712,0.08390946065691643,34.61339414231646,0.40130740824582456,8.327573060966671,0.17018819304997984,0.5139480497688051,0.7390525040030473,0.26541554942707857,1.3000000000000043,1.7700000000000031,15.457710624583294,3.621439900411822,1.1649480412403743,1.3756299734115602,1.2144667673110967,3.125,0.15000000000000213,0.0,0.6666666666666666,,,,,,,,,targeted_seed45_Expanded_ValSelected_Model_Ensemble,0.13738775302380762,0.2663711046709518,0.29116319959876336,0.7682926829268295
muswellbrook,targeted_seed45_Expanded_ValSelected_Model_Ensemble_Margin_0.05,8.070168585483827,12.305375735370312,1.2759433926451795,9.208333333333334,,0.3333333333333333,0.3091623596471431,31,C:\Users\13411\MyPython\project\ExtremeScene\results\targeted_expanded_pool_multiseed\seed45\expanded_pool\muswellbrook\generated_samples_Expanded_ValSelected_Model_Ensemble_Margin_0.05.npy,0.9689927854471738,0.07627443908627635,0.040207583812585906,0.24201376200653613,0.054609334593333794,0.04996371267794907,0.04720290377481877,0.022129664788701355,0.06209037406709639,0.41940315040950954,0.051004479489437156,0.05075389018587712,0.08390946065691643,34.61339414231646,0.40130740824582456,8.327573060966671,0.17018819304997984,0.5139480497688051,0.7390525040030473,0.26541554942707857,1.3000000000000043,1.7700000000000031,15.457710624583294,3.621439900411822,1.1649480412403743,1.3756299734115602,1.2144667673110967,3.125,0.15000000000000213,0.0,0.6666666666666666,,,,,,,,,targeted_seed45_Expanded_ValSelected_Model_Ensemble_Margin_0.05,0.13738775302380762,0.2663711046709518,0.29116319959876336,0.7682926829268295
muswellbrook,targeted_seed45_TailWeighted_Month_EVT_Copula_Risk_Selection_Fixed,8.070168585483827,12.305375735370312,1.2759433926451795,9.208333333333334,,0.3333333333333333,0.3091623596471431,31,C:\Users\13411\MyPython\project\ExtremeScene\results\targeted_expanded_pool_multiseed\seed45\expanded_pool\muswellbrook\generated_samples_TailWeighted_Month_EVT_Copula_Risk_Selection_Fixed.npy,0.9689927854471738,0.07627443908627635,0.040207583812585906,0.24201376200653613,0.054609334593333794,0.04996371267794907,0.04720290377481877,0.022129664788701355,0.06209037406709639,0.41940315040950954,0.051004479489437156,0.05075389018587712,0.08390946065691643,34.61339414231646,0.40130740824582456,8.327573060966671,0.17018819304997984,0.5139480497688051,0.7390525040030473,0.26541554942707857,1.3000000000000043,1.7700000000000031,15.457710624583294,3.621439900411822,1.1649480412403743,1.3756299734115602,1.2144667673110967,3.125,0.15000000000000213,0.0,0.6666666666666666,,,,,,,,,targeted_seed45_TailWeighted_Month_EVT_Copula_Risk_Selection_Fixed,0.13738775302380762,0.2663711046709518,0.29116319959876336,0.7682926829268295
muswellbrook,TargetSelected_val_calibrated_ganfix_model_pool_global_q99,7.771320433766277,23.55359541238731,1.0699400269174173,8.291666666666666,,0.4583333333333333,0.3268541931766833,34,C:\Users\13411\MyPython\project\ExtremeScene\results\method_pool_risk_target_selection_expanded_fast\muswellbrook\generated_samples_TargetSelected_val_calibrated_ganfix_model_pool_global_q99.npy,0.39858915408452356,0.06175527036550382,0.022752316154585967,0.37622859290611277,0.09573074514567448,0.13197883752722364,0.23354941589798695,0.0992956929239064,0.027199322095259323,0.3361223876295411,0.08559390281169489,0.06064349192568965,0.08023405739835718,27.275963016744083,0.22147944661639726,3.123178771739802,0.03764356211175576,0.44265078045427764,1.7424958750605573,0.08310991951756999,3.849999999999998,4.770000000000003,13.134198647792475,13.377651842896462,0.9322715848684311,1.1009212255477907,1.5676465272903441,3.375,2.0,3.539999999999999,0.75,,,,,,,,,TargetSelected_val_calibrated_ganfix_model_pool_global_q99,0.13223177204692513,0.6971286143571365,0.012184309021859437,0.4999999999999999
muswellbrook,ganfix_TransformerVAE_Augmented_TailWeighted_Copula,8.95201435828541,15.588403982619731,1.2208363059035037,9.458333333333334,,0.4166666666666667,0.3437628365191657,35,C:\Users\13411\MyPython\project\ExtremeScene\results\model_pool_experiments_new_machine_margin_formal50_ganfix\muswellbrook\generated_samples_TransformerVAE_Augmented_TailWeighted_Copula.npy,0.6837332196257733,0.06552743799304829,0.006969414784471709,0.307216770403708,0.08327207725208062,0.08986333361195471,0.17228177135367814,0.03247238014357109,0.11899683853928789,0.3877439204610531,0.060423965129566666,0.0719431956452381,0.06655820796044803,34.54858733220677,0.3799920758942154,4.286683097678093,0.17193706660069685,0.7226873602718102,0.2308507165312763,0.28150134030144697,1.1500000000000021,0.23000000000000043,14.720031393726744,1.7269554422162798,1.317686602473259,1.287045884132385,1.061385111808777,2.9583333333333335,0.15000000000000213,1.5399999999999991,0.625,,,,,,,,,ganfix_TransformerVAE_Augmented_TailWeighted_Copula,0.15260210185942122,0.39209669615314086,0.2165347396811005,0.8414634146341465
muswellbrook,targeted_seed47_Conditional_Transformer_Risk_Generator,18.994225000331298,17.093535542629304,1.2145637662518614,8.208333333333334,,0.25,0.35603014480457656,36,C:\Users\13411\MyPython\project\ExtremeScene\results\targeted_expanded_pool_multiseed\seed47\expanded_pool\muswellbrook\generated_samples_Conditional_Transformer_Risk_Generator.npy,0.5349121733948037,0.05403007416778583,0.08256597384130686,0.12544957531995518,0.032947547961161984,0.05604504422309466,0.048903635291565106,0.07262544486492171,0.012420025918480968,0.23642179466877464,0.05320102233128984,0.05034368132762749,0.09102974187919707,34.390830616450486,0.26324892385234483,15.521801050139672,0.11864259972249551,0.15713391564786505,1.271180135905742,0.06166219835174554,2.150000000000002,2.0,12.690903227363952,2.95010985782244,0.9115453908840815,0.9277453660964969,0.3487656831741339,3.0833333333333335,1.0,1.7699999999999996,0.6666666666666666,,,,,,,,,targeted_seed47_Conditional_Transformer_Risk_Generator,0.3258588101196472,0.4497366375088867,0.20804018840552888,0.4756097560975612
muswellbrook,targeted_seed47_Expanded_ValSelected_Model_Ensemble,18.994225000331298,17.093535542629304,1.2145637662518614,8.208333333333334,,0.25,0.35603014480457656,36,C:\Users\13411\MyPython\project\ExtremeScene\results\targeted_expanded_pool_multiseed\seed47\expanded_pool\muswellbrook\generated_samples_Expanded_ValSelected_Model_Ensemble.npy,0.5349121733948037,0.05403007416778583,0.08256597384130686,0.12544957531995518,0.032947547961161984,0.05604504422309466,0.048903635291565106,0.07262544486492171,0.012420025918480968,0.23642179466877464,0.05320102233128984,0.05034368132762749,0.09102974187919707,34.390830616450486,0.26324892385234483,15.521801050139672,0.11864259972249551,0.15713391564786505,1.271180135905742,0.06166219835174554,2.150000000000002,2.0,12.690903227363952,2.95010985782244,0.9115453908840815,0.9277453660964969,0.3487656831741339,3.0833333333333335,1.0,1.7699999999999996,0.6666666666666666,,,,,,,,,targeted_seed47_Expanded_ValSelected_Model_Ensemble,0.3258588101196472,0.4497366375088867,0.20804018840552888,0.4756097560975612
muswellbrook,targeted_seed47_Expanded_ValSelected_Model_Ensemble_Margin_0.05,18.994225000331298,17.093535542629304,1.2145637662518614,8.208333333333334,,0.25,0.35603014480457656,36,C:\Users\13411\MyPython\project\ExtremeScene\results\targeted_expanded_pool_multiseed\seed47\expanded_pool\muswellbrook\generated_samples_Expanded_ValSelected_Model_Ensemble_Margin_0.05.npy,0.5349121733948037,0.05403007416778583,0.08256597384130686,0.12544957531995518,0.032947547961161984,0.05604504422309466,0.048903635291565106,0.07262544486492171,0.012420025918480968,0.23642179466877464,0.05320102233128984,0.05034368132762749,0.09102974187919707,34.390830616450486,0.26324892385234483,15.521801050139672,0.11864259972249551,0.15713391564786505,1.271180135905742,0.06166219835174554,2.150000000000002,2.0,12.690903227363952,2.95010985782244,0.9115453908840815,0.9277453660964969,0.3487656831741339,3.0833333333333335,1.0,1.7699999999999996,0.6666666666666666,,,,,,,,,targeted_seed47_Expanded_ValSelected_Model_Ensemble_Margin_0.05,0.3258588101196472,0.4497366375088867,0.20804018840552888,0.4756097560975612
muswellbrook,ganfix_Conditional_Transformer_Risk_Generator,16.802371967998482,20.873332692962165,1.1412663302132084,8.125,,0.2916666666666667,0.3596361372881171,39,C:\Users\13411\MyPython\project\ExtremeScene\results\model_pool_experiments_new_machine_margin_formal50_ganfix\muswellbrook\generated_samples_Conditional_Transformer_Risk_Generator.npy,0.7963609706472468,0.0825726354367223,0.05430331023918187,0.23823356960632808,0.06434844571679443,0.08746687266377629,0.05698477646098954,0.09784174060051809,0.014199104816015884,0.36385977223818805,0.08158760725134494,0.051989762572991344,0.04105344161630622,32.962857909626656,0.2955446695384798,8.459865757985483,0.12948635512163026,0.009573119506240069,1.559632817804812,0.09919571039193838,0.15000000000000213,0.0,14.63544024266026,7.1370725017259815,0.8731235414743423,0.44460208415985125,0.39024942398071305,2.9166666666666665,1.0,1.7699999999999996,0.5833333333333334,,,,,,,,,ganfix_Conditional_Transformer_Risk_Generator,0.2880431084869625,0.5944863005087214,0.10877755104057436,0.451219512195122
muswellbrook,ganfix_ValSelected_Model_Ensemble,16.802371967998482,20.873332692962165,1.1412663302132084,8.125,,0.2916666666666667,0.3596361372881171,39,C:\Users\13411\MyPython\project\ExtremeScene\results\model_pool_experiments_new_machine_margin_formal50_ganfix\muswellbrook\generated_samples_ValSelected_Model_Ensemble.npy,0.7963609706472468,0.0825726354367223,0.05430331023918187,0.23823356960632808,0.06434844571679443,0.08746687266377629,0.05698477646098954,0.09784174060051809,0.014199104816015884,0.36385977223818805,0.08158760725134494,0.051989762572991344,0.04105344161630622,32.962857909626656,0.2955446695384798,8.459865757985483,0.12948635512163026,0.009573119506240069,1.559632817804812,0.09919571039193838,0.15000000000000213,0.0,14.63544024266026,7.1370725017259815,0.8731235414743423,0.44460208415985125,0.39024942398071305,2.9166666666666665,1.0,1.7699999999999996,0.5833333333333334,,,,,,,,,ganfix_ValSelected_Model_Ensemble,0.2880431084869625,0.5944863005087214,0.10877755104057436,0.451219512195122
muswellbrook,ganfix_ValSelected_Model_Ensemble_Margin_0.00,16.802371967998482,20.873332692962165,1.1412663302132084,8.125,,0.2916666666666667,0.3596361372881171,39,C:\Users\13411\MyPython\project\ExtremeScene\results\model_pool_experiments_new_machine_margin_formal50_ganfix\muswellbrook\generated_samples_ValSelected_Model_Ensemble_Margin_0.00.npy,0.7963609706472468,0.0825726354367223,0.05430331023918187,0.23823356960632808,0.06434844571679443,0.08746687266377629,0.05698477646098954,0.09784174060051809,0.014199104816015884,0.36385977223818805,0.08158760725134494,0.051989762572991344,0.04105344161630622,32.962857909626656,0.2955446695384798,8.459865757985483,0.12948635512163026,0.009573119506240069,1.559632817804812,0.09919571039193838,0.15000000000000213,0.0,14.63544024266026,7.1370725017259815,0.8731235414743423,0.44460208415985125,0.39024942398071305,2.9166666666666665,1.0,1.7699999999999996,0.5833333333333334,,,,,,,,,ganfix_ValSelected_Model_Ensemble_Margin_0.00,0.2880431084869625,0.5944863005087214,0.10877755104057436,0.451219512195122
muswellbrook,ganfix_ValSelected_Model_Ensemble_Margin_0.05,16.802371967998482,20.873332692962165,1.1412663302132084,8.125,,0.2916666666666667,0.3596361372881171,39,C:\Users\13411\MyPython\project\ExtremeScene\results\model_pool_experiments_new_machine_margin_formal50_ganfix\muswellbrook\generated_samples_ValSelected_Model_Ensemble_Margin_0.05.npy,0.7963609706472468,0.0825726354367223,0.05430331023918187,0.23823356960632808,0.06434844571679443,0.08746687266377629,0.05698477646098954,0.09784174060051809,0.014199104816015884,0.36385977223818805,0.08158760725134494,0.051989762572991344,0.04105344161630622,32.962857909626656,0.2955446695384798,8.459865757985483,0.12948635512163026,0.009573119506240069,1.559632817804812,0.09919571039193838,0.15000000000000213,0.0,14.63544024266026,7.1370725017259815,0.8731235414743423,0.44460208415985125,0.39024942398071305,2.9166666666666665,1.0,1.7699999999999996,0.5833333333333334,,,,,,,,,ganfix_ValSelected_Model_Ensemble_Margin_0.05,0.2880431084869625,0.5944863005087214,0.10877755104057436,0.451219512195122
muswellbrook,ganfix_ValSelected_Model_Ensemble_Margin_0.10,16.802371967998482,20.873332692962165,1.1412663302132084,8.125,,0.2916666666666667,0.3596361372881171,39,C:\Users\13411\MyPython\project\ExtremeScene\results\model_pool_experiments_new_machine_margin_formal50_ganfix\muswellbrook\generated_samples_ValSelected_Model_Ensemble_Margin_0.10.npy,0.7963609706472468,0.0825726354367223,0.05430331023918187,0.23823356960632808,0.06434844571679443,0.08746687266377629,0.05698477646098954,0.09784174060051809,0.014199104816015884,0.36385977223818805,0.08158760725134494,0.051989762572991344,0.04105344161630622,32.962857909626656,0.2955446695384798,8.459865757985483,0.12948635512163026,0.009573119506240069,1.559632817804812,0.09919571039193838,0.15000000000000213,0.0,14.63544024266026,7.1370725017259815,0.8731235414743423,0.44460208415985125,0.39024942398071305,2.9166666666666665,1.0,1.7699999999999996,0.5833333333333334,,,,,,,,,ganfix_ValSelected_Model_Ensemble_Margin_0.10,0.2880431084869625,0.5944863005087214,0.10877755104057436,0.451219512195122
muswellbrook,TargetSelected_val_calibrated_all_method_pool_global_q99,9.540061713783018,23.55359541238731,1.0924424494054013,9.291666666666666,,0.3333333333333333,0.38752982272089376,44,C:\Users\13411\MyPython\project\ExtremeScene\results\method_pool_risk_target_selection_expanded_fast\muswellbrook\generated_samples_TargetSelected_val_calibrated_all_method_pool_global_q99.npy,0.5755306170494469,0.06341403799594024,0.027046084221624203,0.33687678311899716,0.08888205697566755,0.11567189296955378,0.2579733098963246,0.10166372015952702,0.03256675179646912,0.39012690335492284,0.08465327171037827,0.05842824299588237,0.10949693677664246,32.203705805875835,0.388135825372112,6.485383373013178,0.08434352035289744,0.01725467704236472,1.2007018485665313,0.19034852534669267,3.849999999999998,4.770000000000003,12.689580332631424,13.72003496534062,1.0357788254817326,1.1009212255477907,0.6266296958923343,3.375,2.0,3.539999999999999,0.7083333333333334,,,,,,,,,TargetSelected_val_calibrated_all_method_pool_global_q99,0.16274759200559186,0.6971286143571365,0.042658087150740355,0.7926829268292681
muswellbrook,TargetSelected_val_calibrated_targeted_expanded_pool_global_main,9.540061713783018,21.696296986752017,1.1309128526966863,9.625,,0.375,0.3938506338715009,45,C:\Users\13411\MyPython\project\ExtremeScene\results\method_pool_risk_target_selection_expanded_fast\muswellbrook\generated_samples_TargetSelected_val_calibrated_targeted_expanded_pool_global_main.npy,0.6207351016777534,0.0814720015531795,0.02284534725413433,0.4286207518242817,0.121294389990102,0.13020973659076981,0.22259437057426923,0.0865355852314081,0.025524111202630446,0.42398340802543477,0.09643399225822986,0.0595263983491782,0.0852045564352905,34.51290994730069,0.33033411886302233,6.101856051566173,0.0737443044165584,0.508983808383344,0.5225936737656589,0.19034852534669267,3.849999999999998,3.229999999999997,13.737353400340199,5.533905370612565,0.9527618835369746,1.1811530590057364,1.6927783012390134,3.125,1.0,1.0,0.5833333333333334,,,,,,,,,TargetSelected_val_calibrated_targeted_expanded_pool_global_main,0.16274759200559186,0.626002225689121,0.0947564127889336,0.8902439024390244
muswellbrook,TargetSelected_val_calibrated_all_method_pool_global_main,9.540061713783018,22.91553329126379,1.1171048363418474,9.416666666666666,,0.3333333333333333,0.3940368573016849,46,C:\Users\13411\MyPython\project\ExtremeScene\results\method_pool_risk_target_selection_expanded_fast\muswellbrook\generated_samples_TargetSelected_val_calibrated_all_method_pool_global_main.npy,0.6507496916585498,0.07380698893647726,0.035253684224521194,0.43533498258114345,0.1265542034913996,0.14366119437648786,0.20131343140005142,0.07995667173162892,0.021259571885983385,0.42913270187991487,0.09343928805316859,0.06672481682899747,0.09997090505371739,33.701069540430545,0.32732287413095323,3.473148099945149,0.06901655055049624,0.508983808383344,0.5225936737656589,0.21447721165824526,0.4500000000000064,1.5399999999999991,14.05357625730418,10.758010507148384,0.9580808828274409,1.2521570682525636,1.6927783012390134,3.0416666666666665,0.8499999999999979,1.7699999999999996,0.625,,,,,,,,,TargetSelected_val_calibrated_all_method_pool_global_main,0.16274759200559186,0.6726936319143735,0.07605698489302543,0.8292682926829267
muswellbrook,ganfix_TailWeighted_Month_EVT_Copula_Risk_Selection_Fixed,10.657310118523,19.318842627760404,1.3719031598787599,8.291666666666666,,0.375,0.39537287788597164,47,C:\Users\13411\MyPython\project\ExtremeScene\results\model_pool_experiments_new_machine_margin_formal50_ganfix\muswellbrook\generated_samples_TailWeighted_Month_EVT_Copula_Risk_Selection_Fixed.npy,0.6560101797459302,0.053305193939876094,0.0359835752485671,0.2245882814318907,0.05186291885962912,0.08876833068242584,0.16718386469144914,0.03277371872658765,0.10356513714315367,0.3492607752897567,0.045980610508697624,0.07610568102471554,0.11244850504704601,31.076209669714142,0.32942878274232124,14.807828141769406,0.2141903692123403,0.8552281569689502,0.6698389714956274,0.2332439676783418,1.0,0.23000000000000043,14.81645277111331,10.845597685248897,1.2258442093928654,0.9391178369522097,0.6315190458297733,2.7916666666666665,1.0,2.539999999999999,0.75,,,,,,,,,ganfix_TailWeighted_Month_EVT_Copula_Risk_Selection_Fixed,0.18202330607035896,0.534956144755593,0.42111617055274425,0.4999999999999999
muswellbrook,TargetSelected_val_calibrated_targeted_expanded_pool_global_q99,9.540061713783018,23.96716858472795,1.1354985947158032,9.041666666666666,,0.375,0.3958827600694003,48,C:\Users\13411\MyPython\project\ExtremeScene\results\method_pool_risk_target_selection_expanded_fast\muswellbrook\generated_samples_TargetSelected_val_calibrated_targeted_expanded_pool_global_q99.npy,0.5787747883134418,0.05848039979685146,0.030482259698593375,0.3393173708701161,0.09582998481187804,0.11109950282581588,0.25420342895197506,0.1025261515874397,0.027158920405797246,0.3907651960451776,0.0856121787320564,0.05624689431006883,0.11744842815820661,32.701947474197,0.38437316300691077,6.485383373013178,0.08671341925285354,0.01725467704236472,1.2007018485665313,0.17962466476378033,3.849999999999998,4.770000000000003,12.697130713828878,15.156255211273198,1.066983347137769,1.2582327365875243,0.7016570854187014,3.4166666666666665,2.0,3.539999999999999,0.625,,,,,,,,,TargetSelected_val_calibrated_targeted_expanded_pool_global_q99,0.16274759200559186,0.7129666540563855,0.1009666279300579,0.7195121951219511
muswellbrook,targeted_seed45_RiskKNN_Bootstrap_Generator,26.6256877981629,16.540938975203026,1.2454045260383282,8.791666666666666,,0.5,0.4252321085159096,49,C:\Users\13411\MyPython\project\ExtremeScene\results\targeted_expanded_pool_multiseed\seed45\expanded_pool\muswellbrook\generated_samples_RiskKNN_Bootstrap_Generator.npy,0.45803348057799875,0.06482900786964994,0.053833299105401966,0.41584481964862247,0.10669548673082878,0.07326902028107542,0.08823376243011202,0.03981138358755696,0.06962987879489185,0.32070402088557776,0.07044529272934523,0.06557739939378975,0.09945839002747903,29.54782085189591,0.25856487852585597,18.01095913713496,0.06300316082107742,0.1528143201023333,1.8066314503550522,0.22252010709542946,1.3000000000000043,1.0,13.72593443513506,0.9949244806545678,1.0487375905116398,0.7787266731262208,0.4754894065856936,3.125,0.8499999999999979,0.23000000000000043,0.6666666666666666,,,,,,,,,targeted_seed45_RiskKNN_Bootstrap_Generator,0.4575232583863196,0.4285746111544366,0.24980611256595048,0.646341463414634
muswellbrook,ordinary_conditional_tcn,13.326988388992078,25.87056483446814,1.380067699191083,7.25,4.416666666666667,0.2916666666666667,0.4414939026008273,50,C:\Users\13411\MyPython\project\ExtremeScene\results\expanded_model_pool_formal50\muswellbrook\generated_samples_Conditional_TCN_Risk_Generator.npy,0.5137170175159418,0.057473658090985,0.0685239689111145,0.4747164839257797,0.1978649007125032,0.0910406249930346,0.4138533644126828,0.288437478577857,0.0256679395546053,0.4674289552848014,0.1812586791271151,0.0617441778195848,0.2275804729538329,32.745098196034064,0.3474180841380028,12.768233234020627,0.1256112438348641,0.0908010032027952,1.058500802218913,0.0857908846632981,3.849999999999998,4.0,12.381154613398238,11.133059891526225,0.7368779728809992,0.2968436717987064,0.2119198083877558,2.875,2.0,3.539999999999999,0.6666666666666666,0.6557364781960602,0.2763286664149054,0.0783894288755562,0.1982544733338106,27.1500857633686,54.523506138424736,0.8341155488044023,6.8,ordinary_conditional_tcn,0.22808285269236578,0.7858583873285743,0.43217295164647396,0.19512195121951226
muswellbrook,targeted_seed45_Conditional_TCN_Risk_Generator,18.221222195054224,23.35943765022609,1.3639101377436116,7.458333333333333,,0.3333333333333333,0.44165221114042064,51,C:\Users\13411\MyPython\project\ExtremeScene\results\targeted_expanded_pool_multiseed\seed45\expanded_pool\muswellbrook\generated_samples_Conditional_TCN_Risk_Generator.npy,0.43904944536862545,0.051933762389735086,0.0436951861057528,0.3595357294435855,0.11523386308472758,0.08617345068939174,0.3807591581396789,0.23427555355614715,0.01784747680229258,0.3931147776506299,0.1338143930102033,0.04923870453247905,0.17264937035320324,32.85422447683085,0.2639860711739886,14.064535555609325,0.14825191153101222,0.3846659567207098,1.057559265792369,0.10455764068339465,2.6999999999999957,3.7699999999999996,13.390475547180957,9.222034525854419,0.746047243475914,0.5831461548805232,0.1742192816734316,3.2083333333333335,2.0,3.539999999999999,0.625,,,,,,,,,targeted_seed45_Conditional_TCN_Risk_Generator,0.31252231218188425,0.6896932231115603,0.4102916656241833,0.25609756097560976
muswellbrook,targeted_seed47_RiskKNN_Bootstrap_Generator,27.191634749075376,16.75231965242623,1.3820956626344316,8.0,,0.4583333333333333,0.4421120548294819,52,C:\Users\13411\MyPython\project\ExtremeScene\results\targeted_expanded_pool_multiseed\seed47\expanded_pool\muswellbrook\generated_samples_RiskKNN_Bootstrap_Generator.npy,0.4304428602810259,0.05606023751656253,0.04854048421411353,0.3638585823549268,0.08623187827408922,0.05937895091235404,0.09969321506357826,0.0361149730224455,0.0650803819984163,0.297998219233177,0.05946902960436575,0.05766660570829463,0.1133896614339739,29.375319856720964,0.21219114497989355,19.13560858339831,0.07842557152292541,0.07071728073060513,1.0910443171858777,0.21447721165824526,1.1500000000000021,1.0,12.97939221290357,2.5279508352202527,1.0947058151165645,0.9070951461791994,0.42718219280242975,3.0416666666666665,0.8499999999999979,0.23000000000000043,0.7083333333333334,,,,,,,,,targeted_seed47_RiskKNN_Bootstrap_Generator,0.46728745366763175,0.4366695645542616,0.43491930964677766,0.41463414634146345
muswellbrook,TargetSelected_empirical_targeted_expanded_pool_core_ramp_guard,26.16241972579499,26.393689161350807,1.1602262547918751,7.416666666666667,,0.4166666666666667,0.4468255428115559,53,C:\Users\13411\MyPython\project\ExtremeScene\results\method_pool_risk_target_selection_expanded_fast\muswellbrook\generated_samples_TargetSelected_empirical_targeted_expanded_pool_core_ramp_guard.npy,0.3276483391722044,0.05193031921896427,0.030691091615090812,0.3544818485043597,0.10290876751932072,0.12268680427775173,0.24575315887203164,0.0972447204963353,0.02805464858444029,0.3092944488495319,0.08402793574487344,0.06047751482576094,0.0931792416863075,23.16045714549291,0.03373077040160772,22.583954765775005,0.05621190377634431,0.08967564962804353,1.0604747661948197,0.08042895437184207,0.4500000000000064,3.8500000000000014,10.604781791510653,13.919460666257955,1.156380092104276,1.2114427328109736,0.7252036714553838,3.125,1.8499999999999979,2.7699999999999996,0.6666666666666666,,,,,,,,,TargetSelected_empirical_targeted_expanded_pool_core_ramp_guard,0.4495305659283,0.8058917560548862,0.134453921451766,0.2439024390243904
muswellbrook,targeted_seed46_RiskKNN_Bootstrap_Generator,28.495651773762347,18.59653753095739,1.3840969436860178,7.541666666666667,,0.375,0.4506046990657376,54,C:\Users\13411\MyPython\project\ExtremeScene\results\targeted_expanded_pool_multiseed\seed46\expanded_pool\muswellbrook\generated_samples_RiskKNN_Bootstrap_Generator.npy,0.4882142712120656,0.061973550301880995,0.05013805339197053,0.2746245537526664,0.06973843846962242,0.04328619566362705,0.09831850744703169,0.04126103068462043,0.06947098199506528,0.28705244413725456,0.05765767315204128,0.05429841035022095,0.09108444833938314,30.115314506099427,0.23441054632300115,20.11043781051842,0.08705893584389619,0.42902278564870233,1.129803172051905,0.2171581768039734,0.5499999999999936,1.0,12.333959517223235,9.289288731670297,0.9834207445383072,0.7399204492568972,0.3926728391647343,2.875,1.0,2.539999999999999,0.6666666666666666,,,,,,,,,targeted_seed46_RiskKNN_Bootstrap_Generator,0.4897854578686799,0.5072950256037116,0.4376295331692511,0.2804878048780489
muswellbrook,targeted_seed45_TransformerVAE_Augmented_TailWeighted_Copula,10.901888091086391,20.9214702949334,1.3557221342246824,9.375,,0.3333333333333333,0.45713357218445105,55,C:\Users\13411\MyPython\project\ExtremeScene\results\targeted_expanded_pool_multiseed\seed45\expanded_pool\muswellbrook\generated_samples_TransformerVAE_Augmented_TailWeighted_Copula.npy,0.772968298031224,0.0811522915077945,0.012122037790851673,0.1364505337809937,0.04306051279083829,0.06881960121454847,0.10525174677258275,0.024565591937498018,0.0786834618562376,0.3382235261949335,0.04959279874537694,0.05320836695387925,0.055096742899573656,36.322186043070566,0.40442645936917754,2.3544756104632114,0.14389107487808644,0.6588286902755502,0.9229464623332015,0.3351206432160082,3.4500000000000064,3.770000000000003,14.237057656352462,7.6985288646631105,1.1717990587155025,1.3487001180648805,0.8456362676620488,2.7916666666666665,1.3999999999999915,0.46000000000000085,0.6666666666666666,,,,,,,,,targeted_seed45_TransformerVAE_Augmented_TailWeighted_Copula,0.18624297203333662,0.5963297596642856,0.39920310826163324,0.8170731707317074
muswellbrook,TargetSelected_empirical_targeted_expanded_pool_paper_weights,26.16241972579499,26.396425491383155,1.1550993438868318,7.958333333333333,,0.4583333333333333,0.46890169494079054,56,C:\Users\13411\MyPython\project\ExtremeScene\results\method_pool_risk_target_selection_expanded_fast\muswellbrook\generated_samples_TargetSelected_empirical_targeted_expanded_pool_paper_weights.npy,0.3219813166393175,0.051768143117155205,0.03178000997409993,0.32280861716760595,0.08579122526448088,0.1321649002969524,0.24091598641788786,0.09397309474048364,0.029566100372683538,0.29523530674160375,0.07717748770737325,0.06450367021457863,0.09833937506621532,23.365163680306143,0.06533038833690914,22.315288581860045,0.057041379378977505,0.08967564962804353,1.0604747661948197,0.10455764068339465,0.4500000000000064,3.8500000000000014,10.711375082475419,13.873067611550997,1.1071363240480423,1.2114427328109736,0.7252036714553838,3.0416666666666665,1.8499999999999979,2.7699999999999996,0.7083333333333334,,,,,,,,,TargetSelected_empirical_targeted_expanded_pool_paper_weights,0.4495305659283,0.8059965455010616,0.1275108314137819,0.40243902439024387
muswellbrook,targeted_seed47_TailWeighted_Month_EVT_Copula_Risk_Selection_Fixed,31.188207429835686,12.278026918367537,1.6864811866447174,7.333333333333333,,0.4583333333333333,0.4851787902039459,57,C:\Users\13411\MyPython\project\ExtremeScene\results\targeted_expanded_pool_multiseed\seed47\expanded_pool\muswellbrook\generated_samples_TailWeighted_Month_EVT_Copula_Risk_Selection_Fixed.npy,0.44806481401125586,0.04971190453298377,0.037342941401904035,0.15708359520606419,0.053955469549956434,0.0893299740308766,0.09351207012889597,0.027432696159595128,0.0733958808062543,0.23288682644873868,0.043700023414178446,0.06668959874634499,0.05736524900947975,31.159315640714453,0.3011316029078702,18.54719262505668,0.18835799680884052,1.0665270354598748,0.22071628898382123,0.14477211786931565,2.150000000000002,2.0,14.469986999459692,1.7144200312337006,1.2591870774825413,1.3948736429214477,0.8999837923049929,2.875,0.0,1.5399999999999991,0.75,,,,,,,,,targeted_seed47_TailWeighted_Month_EVT_Copula_Risk_Selection_Fixed,0.5362397044889917,0.2653237648568967,0.8471316805275468,0.2195121951219512
muswellbrook,targeted_seed47_Conditional_TCN_Risk_Generator,16.211432013572775,29.650421498570974,1.197822712895383,8.333333333333334,,0.20833333333333334,0.48570885890277354,58,C:\Users\13411\MyPython\project\ExtremeScene\results\targeted_expanded_pool_multiseed\seed47\expanded_pool\muswellbrook\generated_samples_Conditional_TCN_Risk_Generator.npy,0.5264953140307357,0.06219561129899211,0.07009788267850368,0.49333152934882984,0.18749924628894496,0.11536775078413242,0.44684783959386276,0.30208057674830635,0.022291718812254706,0.4888915609911428,0.1839251447787478,0.06925245075829693,0.2256779112706148,35.77837636825294,0.3407551583773477,2.6944199386473713,0.10556341262678139,0.23702566288411653,1.1587274917960162,0.11796246641203491,3.5499999999999936,0.15000000000000213,13.296363161130222,13.138041409317967,0.7058442483345667,0.3305663824081422,0.2571085023880002,2.75,2.0,1.2300000000000004,0.625,,,,,,,,,targeted_seed47_Conditional_TCN_Risk_Generator,0.27784771277851444,0.9306103294449343,0.18536871177222403,0.5121951219512197
muswellbrook,TargetSelected_empirical_ganfix_model_pool_q99_guard,25.821310581817173,29.739984209262126,1.246175757056335,7.125,,0.5416666666666666,0.4997988201362961,59,C:\Users\13411\MyPython\project\ExtremeScene\results\method_pool_risk_target_selection_expanded_fast\muswellbrook\generated_samples_TargetSelected_empirical_ganfix_model_pool_q99_guard.npy,0.3782405248946614,0.07182990315527113,0.03115211162520529,0.4015628395007095,0.13147043159845118,0.15997047014077226,0.3328414721970182,0.16949283857257355,0.02713311659868942,0.370881612197463,0.12426439110876529,0.07275189945488898,0.105947183328746,20.110467307992376,0.023623060163140048,21.242708905544617,0.0013921705563496626,0.45422097183764,0.6787274232506748,0.04557640747737703,4.699999999999996,2.6999999999999957,11.877672574394248,13.377651842896462,0.965330645442009,0.921351432800293,0.35770182132720985,3.4166666666666665,1.8499999999999979,3.539999999999999,0.8333333333333334,,,,,,,,,TargetSelected_empirical_ganfix_model_pool_q99_guard,0.44364546258306486,0.9340401886871833,0.25085054780137456,0.15853658536585374
muswellbrook,TargetSelected_empirical_ganfix_model_pool_core_ramp_guard,25.821310581817173,29.739984209262126,1.2682119232971065,6.958333333333333,,0.5,0.4999423352776783,60,C:\Users\13411\MyPython\project\ExtremeScene\results\method_pool_risk_target_selection_expanded_fast\muswellbrook\generated_samples_TargetSelected_empirical_ganfix_model_pool_core_ramp_guard.npy,0.4245253892408477,0.0762204223501155,0.025716269271678083,0.43123307716774023,0.13722961382988524,0.16711990173124616,0.31272392638617963,0.15616554006936054,0.02278300794330501,0.3894941309315892,0.12320519208312042,0.07187305964874309,0.09731123195415561,21.18667485866396,0.009946277005397719,21.16063114282977,0.019721387810403487,0.40621673949062753,0.6787274232506748,0.013404825728640364,0.4500000000000064,3.8500000000000014,11.563382532655424,13.744857575940522,0.9463880807161331,0.921351432800293,0.35770182132720985,3.2916666666666665,1.8499999999999979,3.539999999999999,0.7916666666666666,,,,,,,,,TargetSelected_empirical_ganfix_model_pool_core_ramp_guard,0.44364546258306486,0.9340401886871833,0.28069290104983013,0.1097560975609756
muswellbrook,TargetSelected_empirical_ganfix_model_pool_paper_weights,25.821310581817173,29.739984209262126,1.248546783880253,7.166666666666667,,0.5,0.5024308258387878,61,C:\Users\13411\MyPython\project\ExtremeScene\results\method_pool_risk_target_selection_expanded_fast\muswellbrook\generated_samples_TargetSelected_empirical_ganfix_model_pool_paper_weights.npy,0.43743329440002093,0.07635072319965076,0.025311917639276,0.4304730873166893,0.13536351930721816,0.1644325896326259,0.3298228927167455,0.17192329561133737,0.023654272550247896,0.3992430914778186,0.12787917937273544,0.07113292660738327,0.10093918961006608,21.62828693842684,0.02127105311430146,21.16063114282977,0.014967139751584925,0.40621673949062753,0.6787274232506748,0.026809651457280727,0.4500000000000064,3.8500000000000014,11.82033226536573,13.377651842896462,0.9575093140204748,0.921351432800293,0.35770182132720985,3.375,1.8499999999999979,3.539999999999999,0.7916666666666666,,,,,,,,,TargetSelected_empirical_ganfix_model_pool_paper_weights,0.44364546258306486,0.9340401886871833,0.2540614974406096,0.17073170731707332
muswellbrook,TargetSelected_val_calibrated_ganfix_model_pool_paper_weights,23.60127081356231,29.739984209262126,1.2034698787513964,7.791666666666667,,0.4583333333333333,0.5031179634917227,62,C:\Users\13411\MyPython\project\ExtremeScene\results\method_pool_risk_target_selection_expanded_fast\muswellbrook\generated_samples_TargetSelected_val_calibrated_ganfix_model_pool_paper_weights.npy,0.326302208006382,0.06013960848910204,0.024154954715753976,0.38177787078354786,0.10609028430723248,0.1484320928415818,0.2524881463275927,0.11096695224609507,0.02347066508680909,0.3201894083725075,0.09239894834747653,0.06535257088138162,0.09334488652233543,25.02723532141047,0.16381268692717296,12.32617164230821,0.06992576593544042,0.00483693145215458,0.568127211630344,0.050938337768833206,0.0,3.8500000000000014,12.813415000125124,13.377651842896462,0.9751958499352137,1.1009212255477907,1.5676465272903441,3.3333333333333335,2.0,3.539999999999999,0.75,,,,,,,,,TargetSelected_val_calibrated_ganfix_model_pool_paper_weights,0.4053434595515619,0.9340401886871833,0.19301635412917661,0.353658536585366
muswellbrook,TargetSelected_val_calibrated_ganfix_model_pool_core_ramp_guard,23.60127081356231,29.739984209262126,1.2034698787513964,7.791666666666667,,0.4583333333333333,0.5031179634917227,62,C:\Users\13411\MyPython\project\ExtremeScene\results\method_pool_risk_target_selection_expanded_fast\muswellbrook\generated_samples_TargetSelected_val_calibrated_ganfix_model_pool_core_ramp_guard.npy,0.326302208006382,0.06013960848910204,0.024154954715753976,0.38177787078354786,0.10609028430723248,0.1484320928415818,0.2524881463275927,0.11096695224609507,0.02347066508680909,0.3201894083725075,0.09239894834747653,0.06535257088138162,0.09334488652233543,25.02723532141047,0.16381268692717296,12.32617164230821,0.06992576593544042,0.00483693145215458,0.568127211630344,0.050938337768833206,0.0,3.8500000000000014,12.813415000125124,13.377651842896462,0.9751958499352137,1.1009212255477907,1.5676465272903441,3.3333333333333335,2.0,3.539999999999999,0.75,,,,,,,,,TargetSelected_val_calibrated_ganfix_model_pool_core_ramp_guard,0.4053434595515619,0.9340401886871833,0.19301635412917661,0.353658536585366
muswellbrook,ganfix_GAN_Augmented_TailWeighted_Month_EVT_Copula_Risk_Selection_Fixed,22.80552811763617,20.085558131334786,1.498701261424382,8.208333333333334,,0.20833333333333334,0.5063291951458364,64,C:\Users\13411\MyPython\project\ExtremeScene\results\model_pool_experiments_new_machine_margin_formal50_ganfix\muswellbrook\generated_samples_GAN_Augmented_TailWeighted_Month_EVT_Copula_Risk_Selection_Fixed.npy,0.8758138147769148,0.07279060105436194,0.03345144234968688,0.26172828804744686,0.0421303799700639,0.04020090864494649,0.04389656580432286,0.026390911639473033,0.0779523409953171,0.3938128895428949,0.04710396422129962,0.05053489732998349,0.059039742284088405,35.42759614639915,0.39981736258062067,3.6150272676800057,0.20556171348154562,1.2181954648345705,0.21624808043241384,0.20107238592960502,2.5499999999999936,2.229999999999997,13.835028648393177,8.379888892427793,1.3022608707348506,1.3301121950149537,1.7080124425888061,3.0833333333333335,1.0,1.7699999999999996,0.625,,,,,,,,,ganfix_GAN_Augmented_TailWeighted_Month_EVT_Copula_Risk_Selection_Fixed,0.3916146337947072,0.5643179878241733,0.5928317809821522,0.4756097560975612
muswellbrook,targeted_seed45_GAN_Augmented_TailWeighted_Month_EVT_Copula_Risk_Selection_Fixed,22.80552811763617,20.085558131334786,1.498701261424382,8.208333333333334,,0.20833333333333334,0.5063291951458364,64,C:\Users\13411\MyPython\project\ExtremeScene\results\targeted_expanded_pool_multiseed\seed45\expanded_pool\muswellbrook\generated_samples_GAN_Augmented_TailWeighted_Month_EVT_Copula_Risk_Selection_Fixed.npy,0.8758138147769148,0.07279060105436194,0.03345144234968688,0.26172828804744686,0.0421303799700639,0.04020090864494649,0.04389656580432286,0.026390911639473033,0.0779523409953171,0.3938128895428949,0.04710396422129962,0.05053489732998349,0.059039742284088405,35.42759614639915,0.39981736258062067,3.6150272676800057,0.20556171348154562,1.2181954648345705,0.21624808043241384,0.20107238592960502,2.5499999999999936,2.229999999999997,13.835028648393177,8.379888892427793,1.3022608707348506,1.3301121950149537,1.7080124425888061,3.0833333333333335,1.0,1.7699999999999996,0.625,,,,,,,,,targeted_seed45_GAN_Augmented_TailWeighted_Month_EVT_Copula_Risk_Selection_Fixed,0.3916146337947072,0.5643179878241733,0.5928317809821522,0.4756097560975612
muswellbrook,targeted_seed46_GAN_Augmented_TailWeighted_Month_EVT_Copula_Risk_Selection_Fixed,22.80552811763617,20.085558131334786,1.498701261424382,8.208333333333334,,0.20833333333333334,0.5063291951458364,64,C:\Users\13411\MyPython\project\ExtremeScene\results\targeted_expanded_pool_multiseed\seed46\expanded_pool\muswellbrook\generated_samples_GAN_Augmented_TailWeighted_Month_EVT_Copula_Risk_Selection_Fixed.npy,0.8758138147769148,0.07279060105436194,0.03345144234968688,0.26172828804744686,0.0421303799700639,0.04020090864494649,0.04389656580432286,0.026390911639473033,0.0779523409953171,0.3938128895428949,0.04710396422129962,0.05053489732998349,0.059039742284088405,35.42759614639915,0.39981736258062067,3.6150272676800057,0.20556171348154562,1.2181954648345705,0.21624808043241384,0.20107238592960502,2.5499999999999936,2.229999999999997,13.835028648393177,8.379888892427793,1.3022608707348506,1.3301121950149537,1.7080124425888061,3.0833333333333335,1.0,1.7699999999999996,0.625,,,,,,,,,targeted_seed46_GAN_Augmented_TailWeighted_Month_EVT_Copula_Risk_Selection_Fixed,0.3916146337947072,0.5643179878241733,0.5928317809821522,0.4756097560975612
muswellbrook,targeted_seed47_GAN_Augmented_TailWeighted_Month_EVT_Copula_Risk_Selection_Fixed,22.80552811763617,20.085558131334786,1.498701261424382,8.208333333333334,,0.20833333333333334,0.5063291951458364,64,C:\Users\13411\MyPython\project\ExtremeScene\results\targeted_expanded_pool_multiseed\seed47\expanded_pool\muswellbrook\generated_samples_GAN_Augmented_TailWeighted_Month_EVT_Copula_Risk_Selection_Fixed.npy,0.8758138147769148,0.07279060105436194,0.03345144234968688,0.26172828804744686,0.0421303799700639,0.04020090864494649,0.04389656580432286,0.026390911639473033,0.0779523409953171,0.3938128895428949,0.04710396422129962,0.05053489732998349,0.059039742284088405,35.42759614639915,0.39981736258062067,3.6150272676800057,0.20556171348154562,1.2181954648345705,0.21624808043241384,0.20107238592960502,2.5499999999999936,2.229999999999997,13.835028648393177,8.379888892427793,1.3022608707348506,1.3301121950149537,1.7080124425888061,3.0833333333333335,1.0,1.7699999999999996,0.625,,,,,,,,,targeted_seed47_GAN_Augmented_TailWeighted_Month_EVT_Copula_Risk_Selection_Fixed,0.3916146337947072,0.5643179878241733,0.5928317809821522,0.4756097560975612
muswellbrook,TargetSelected_empirical_ganfix_model_pool_global_main,34.21947710461298,27.84845353597809,1.1325903906545136,7.708333333333333,,0.375,0.5086894721812742,68,C:\Users\13411\MyPython\project\ExtremeScene\results\method_pool_risk_target_selection_expanded_fast\muswellbrook\generated_samples_TargetSelected_empirical_ganfix_model_pool_global_main.npy,0.3023831408332896,0.06277016586767031,0.0316304503642049,0.5146573400383607,0.17825991059253762,0.14485472794587553,0.2574096585065878,0.12078820646892668,0.032758116900027716,0.3581500464594127,0.12060609430971155,0.06974776507003605,0.10840670374619937,25.219280972036206,0.01813561763371694,21.790947539033823,0.0416686187012905,0.14134053923189693,1.6590039047598832,0.013404825728640364,0.0,1.5399999999999991,13.524901995911256,13.242339326113463,0.8825037727753321,1.019152760505675,0.6162907075881963,3.4583333333333335,1.0,1.7699999999999996,0.7083333333333334,,,,,,,,,TargetSelected_empirical_ganfix_model_pool_global_main,0.588537731728337,0.8616028549832826,0.09702820906139732,0.3292682926829268
muswellbrook,targeted_seed46_TailWeighted_Month_EVT_Copula_Risk_Selection_Fixed,15.47741357574067,15.310289379659991,1.725642275598754,8.666666666666666,,0.4166666666666667,0.5104937350670328,69,C:\Users\13411\MyPython\project\ExtremeScene\results\targeted_expanded_pool_multiseed\seed46\expanded_pool\muswellbrook\generated_samples_TailWeighted_Month_EVT_Copula_Risk_Selection_Fixed.npy,0.8064050078047096,0.07580427134510107,0.027740998118736745,0.19574104246028046,0.05131760479928341,0.07878689356074196,0.06731482415553999,0.0352891242205639,0.04835958202085618,0.35648695814017667,0.05413700012164946,0.05162915790011163,0.05464845135613224,34.795469840178804,0.404089856241375,2.174321002126959,0.22764632052574582,1.662920471653342,1.5282161739468583,0.23056300253261366,1.0,4.079999999999998,15.292919090586347,7.29878260543444,1.614002193013827,1.8857517004013054,1.6691249227523808,3.0,0.0,0.7699999999999996,0.625,,,,,,,,,targeted_seed46_TailWeighted_Month_EVT_Copula_Risk_Selection_Fixed,0.26518380610754316,0.3814461259101822,0.9001653633102755,0.6097560975609755
muswellbrook,targeted_seed46_TransformerVAE_Augmented_TailWeighted_Copula,23.69176453824744,23.32405863398923,1.3875685693443909,8.25,,0.25,0.5123264010421382,70,C:\Users\13411\MyPython\project\ExtremeScene\results\targeted_expanded_pool_multiseed\seed46\expanded_pool\muswellbrook\generated_samples_TransformerVAE_Augmented_TailWeighted_Copula.npy,0.8008769133852587,0.07425261861010125,0.029709274696399793,0.11024637723824494,0.03690493972666211,0.045410347018480714,0.11126745887101053,0.03222176030620733,0.08310527494278602,0.3407969164981714,0.04779310621432356,0.05274163221922218,0.054628297841245704,32.595344693189325,0.3650127741979566,4.692604006031303,0.1757878094744735,1.277540392801165,0.10418620139360346,0.3002680963215433,1.0,2.539999999999999,14.540730434447093,11.51371508501791,1.184562827150027,1.3337911367416382,0.7286112689971929,3.125,0.0,0.7699999999999996,0.625,,,,,,,,,targeted_seed46_TransformerVAE_Augmented_TailWeighted_Copula,0.40690473379844017,0.6883383618653424,0.4423309625427457,0.48780487804878053
muswellbrook,TargetSelected_val_calibrated_targeted_expanded_pool_core_ramp_guard,15.189611014973934,26.68019942796672,1.3630416322557721,8.625,,0.4166666666666667,0.5150376915147094,71,C:\Users\13411\MyPython\project\ExtremeScene\results\method_pool_risk_target_selection_expanded_fast\muswellbrook\generated_samples_TargetSelected_val_calibrated_targeted_expanded_pool_core_ramp_guard.npy,0.4899651170535772,0.05643114030279409,0.034613301696299906,0.3627152560727188,0.1036895406111488,0.11130999192416881,0.23411549220106653,0.09751869588706184,0.023695252960405037,0.3622652884424542,0.08587979226700158,0.05653951552695791,0.10474703414068848,30.058136521943258,0.27021925614565234,2.984079025945121,0.13525583109881423,0.6488359894603484,1.309847057163716,0.10455764068339465,0.0,3.8500000000000014,12.130620121034857,14.829595029685656,1.0726970086495082,1.3190092563629152,0.9429167556762699,3.4583333333333335,2.0,3.539999999999999,0.6666666666666666,,,,,,,,,TargetSelected_val_calibrated_targeted_expanded_pool_core_ramp_guard,0.2602183930043233,0.8168638434154457,0.40911549698926103,0.5975609756097562
muswellbrook,TargetSelected_val_calibrated_all_method_pool_q99_guard,13.660151969728929,30.285323850224998,1.2922979814369076,8.458333333333334,,0.4166666666666667,0.5172714540761046,72,C:\Users\13411\MyPython\project\ExtremeScene\results\method_pool_risk_target_selection_expanded_fast\muswellbrook\generated_samples_TargetSelected_val_calibrated_all_method_pool_q99_guard.npy,0.5027090434881825,0.05215448603200488,0.031980800241478625,0.30840704553001735,0.07892108884726662,0.10631904398903168,0.25256729769526587,0.10753442077594831,0.022400994899975112,0.3545611289044886,0.07953666521840659,0.05356694637682847,0.10597144078849635,29.891429012294186,0.34849408481242156,5.601079461900227,0.1168718705079281,0.01725467704236472,1.1512489572167395,0.1420911527235875,2.5499999999999936,4.539999999999999,12.274123149923275,14.92179737718589,1.071968083580335,1.2521570682525636,0.9310663080215456,3.4166666666666665,2.0,3.539999999999999,0.7083333333333334,,,,,,,,,TargetSelected_val_calibrated_all_method_pool_q99_guard,0.2338308724629307,0.954924306567127,0.31331130878542246,0.5487804878048783
muswellbrook,TargetSelected_empirical_targeted_expanded_pool_duration_guard,26.16241972579499,26.396425491383155,1.2381277518094673,8.583333333333334,,0.375,0.5244509070539308,73,C:\Users\13411\MyPython\project\ExtremeScene\results\method_pool_risk_target_selection_expanded_fast\muswellbrook\generated_samples_TargetSelected_empirical_targeted_expanded_pool_duration_guard.npy,0.36897123632607637,0.061104706645355784,0.023620152865023114,0.3696482075309311,0.10802511524846314,0.11191542640469176,0.2415892924503135,0.10201120276836413,0.024963433129608303,0.3267362454357737,0.09038034155406101,0.05349967079977439,0.0976496380016526,25.006715118419596,0.0883992567860557,22.583954765775005,0.025643103550042387,0.005116596445440713,1.3952661105990396,0.11260053612057885,0.30000000000000426,3.8500000000000014,11.011647458871385,13.929573190290547,1.1553513060013454,0.9215147256851197,0.5004679059982302,3.3333333333333335,1.8499999999999979,2.7699999999999996,0.7083333333333334,,,,,,,,,TargetSelected_empirical_targeted_expanded_pool_duration_guard,0.4495305659283,0.8059965455010616,0.23995158230536734,0.5853658536585368
muswellbrook,TargetSelected_val_calibrated_ganfix_model_pool_duration_guard,22.258648759214523,29.739984209262126,1.2006876630766783,8.458333333333334,,0.4583333333333333,0.5244950909786109,74,C:\Users\13411\MyPython\project\ExtremeScene\results\method_pool_risk_target_selection_expanded_fast\muswellbrook\generated_samples_TargetSelected_val_calibrated_ganfix_model_pool_duration_guard.npy,0.3401213360053522,0.06384360033979944,0.03330947441060674,0.3986206242374869,0.12358686964741247,0.16239966144648008,0.260784322080983,0.11217830169467877,0.02429752194163616,0.33317542744127404,0.09986959056063023,0.07333555259957432,0.08875252433843092,26.478056956197054,0.1500233032416735,7.3643075284142725,0.061669844942393574,0.010501810535788358,0.568127211630344,0.03485254689446481,1.6999999999999957,4.309999999999995,12.689036724125316,13.377651842896462,1.038147861758868,1.1009212255477907,1.5676465272903441,3.375,2.0,3.539999999999999,0.75,,,,,,,,,TargetSelected_val_calibrated_ganfix_model_pool_duration_guard,0.38217940873988837,0.9340401886871833,0.18924855431903043,0.5487804878048783
muswellbrook,TargetSelected_empirical_ganfix_model_pool_global_q99,25.821310581817173,30.039737055012488,1.2498791885930889,7.625,,0.5,0.5264476434698393,75,C:\Users\13411\MyPython\project\ExtremeScene\results\method_pool_risk_target_selection_expanded_fast\muswellbrook\generated_samples_TargetSelected_empirical_ganfix_model_pool_global_q99.npy,0.44351126032846944,0.0724662891328993,0.031472746990575944,0.4621481251411347,0.1383883901353707,0.1553203915741982,0.28308529264732996,0.14763162410500372,0.021102367571603223,0.39624822603897797,0.1194954344577579,0.06929850204545912,0.0835410092082295,22.999499118951235,0.056434654052433655,21.16063114282977,0.015289262182821261,0.40621673949062753,1.8716403362154947,0.06166219835174554,0.4500000000000064,3.8500000000000014,12.58509823013025,13.671810881130284,0.9396790613730749,0.853112816810607,0.35770182132720985,3.5416666666666665,1.8499999999999979,3.539999999999999,0.7916666666666666,,,,,,,,,TargetSelected_empirical_ganfix_model_pool_global_q99,0.44364546258306486,0.9455194087828398,0.2558658989719787,0.30487804878048785
muswellbrook,TargetSelected_empirical_all_method_pool_global_q99,25.821310581817173,30.594203959252077,1.1554617548730068,8.208333333333334,,0.5416666666666666,0.5264614265507597,76,C:\Users\13411\MyPython\project\ExtremeScene\results\method_pool_risk_target_selection_expanded_fast\muswellbrook\generated_samples_TargetSelected_empirical_all_method_pool_global_q99.npy,0.408522778639087,0.06507084112490137,0.03160046890340952,0.35379311544130787,0.08753924075327248,0.1427317574770766,0.2352497026321779,0.09966117469408328,0.026057507703540043,0.3325218655708576,0.08409041885741904,0.06679657802800872,0.09669945951499087,23.396633692908058,0.13004404179575565,20.753128923235607,0.06378856983621109,0.005116596445440713,0.475796426236629,0.1581769435979559,0.4500000000000064,3.8500000000000014,11.739155139270608,16.06331082359031,1.0841677139202754,0.9755838155746464,0.4989292049407963,3.25,1.8499999999999979,3.539999999999999,0.8333333333333334,,,,,,,,,TargetSelected_empirical_all_method_pool_global_q99,0.44364546258306486,0.9667530608390552,0.12800162443795807,0.4756097560975612
muswellbrook,TargetSelected_empirical_ganfix_model_pool_duration_guard,25.821310581817173,29.739984209262126,1.2573509412565425,7.708333333333333,,0.5,0.5291920587016709,77,C:\Users\13411\MyPython\project\ExtremeScene\results\method_pool_risk_target_selection_expanded_fast\muswellbrook\generated_samples_TargetSelected_empirical_ganfix_model_pool_duration_guard.npy,0.4093702565188761,0.07200814941163722,0.03347748599632649,0.47231938599833045,0.1778527574731335,0.162624850037653,0.3280737492328222,0.15355694260754554,0.02896354236729919,0.4032544639166762,0.13447261649743877,0.0750219594670929,0.0994004963318745,22.360136381868063,0.016722987735362398,21.16063114282977,0.018346506948100864,0.3718019995838402,0.6700412753224372,0.008042895437184196,0.30000000000000426,3.8500000000000014,11.749332621302779,13.377651842896462,0.9860528359810511,0.921351432800293,0.35770182132720985,3.4166666666666665,1.8499999999999979,3.539999999999999,0.7916666666666666,,,,,,,,,TargetSelected_empirical_ganfix_model_pool_duration_guard,0.44364546258306486,0.9340401886871833,0.26598447767262945,0.3292682926829268
muswellbrook,TargetSelected_empirical_all_method_pool_core_ramp_guard,25.821310581817173,30.948721369288894,1.2376209909465008,7.666666666666667,,0.5416666666666666,0.5345697975640888,78,C:\Users\13411\MyPython\project\ExtremeScene\results\method_pool_risk_target_selection_expanded_fast\muswellbrook\generated_samples_TargetSelected_empirical_all_method_pool_core_ramp_guard.npy,0.40927601550464277,0.060081069280689174,0.02672737101862477,0.3241351643206414,0.09316708027362926,0.12415985473304285,0.25094351243384416,0.10116237485340811,0.029439832732618822,0.32811823075304275,0.08480350813590885,0.060109019494762155,0.09121253994070538,22.800876410300077,0.08778984164828206,20.753128923235607,0.027443557468643628,0.005116596445440713,1.0638244125246992,0.1340482572864033,0.4500000000000064,3.8500000000000014,11.237968525548665,17.429989439422428,1.1842969805002213,0.9755838155746464,0.6613830232620241,3.375,1.8499999999999979,3.539999999999999,0.75,,,,,,,,,TargetSelected_empirical_all_method_pool_core_ramp_guard,0.44364546258306486,0.9803295236992075,0.2392653042786043,0.3170731707317075
muswellbrook,TargetSelected_val_calibrated_all_method_pool_paper_weights,15.189611014973934,30.285323850224998,1.3184514581904903,8.541666666666666,,0.4166666666666667,0.5377007962431021,79,C:\Users\13411\MyPython\project\ExtremeScene\results\method_pool_risk_target_selection_expanded_fast\muswellbrook\generated_samples_TargetSelected_val_calibrated_all_method_pool_paper_weights.npy,0.5291683347895741,0.05665416510009628,0.03124684357846969,0.3012395346131935,0.08451955801787815,0.10510010372061164,0.22108522768561067,0.08534488976479511,0.029538065667019244,0.3504976990294595,0.07550620429425652,0.05529500432203353,0.0925765615640693,29.216203817416744,0.3115238106772911,2.984079025945121,0.1389835037527185,0.6488359894603484,1.309847057163716,0.1420911527235875,0.0,3.8500000000000014,12.366686280595834,14.92179737718589,1.1275018205245335,1.2521570682525636,0.9310663080215456,3.375,2.0,3.539999999999999,0.7083333333333334,,,,,,,,,TargetSelected_val_calibrated_all_method_pool_paper_weights,0.2602183930043233,0.954924306567127,0.3487295064622775,0.5731707317073169
muswellbrook,targeted_seed47_TransformerVAE_Augmented_TailWeighted_Copula,18.165781147507772,22.992315003581048,1.4062779293453787,9.458333333333334,,0.3333333333333333,0.5392964634081688,80,C:\Users\13411\MyPython\project\ExtremeScene\results\targeted_expanded_pool_multiseed\seed47\expanded_pool\muswellbrook\generated_samples_TransformerVAE_Augmented_TailWeighted_Copula.npy,0.8083053882475251,0.078244793571456,0.031820397380992245,0.24656044608154504,0.06032167675920671,0.05256239801397341,0.06228596655436949,0.03078061158524889,0.06487973254209081,0.37238393362781325,0.05644902730530387,0.04975417597901882,0.05696249895849944,34.18633425115582,0.35738767439906555,2.2765719702728546,0.10188392332608039,0.5141681041568518,0.996562204062938,0.286863270592903,1.1500000000000021,1.7700000000000031,14.466453720992499,8.49571366755952,0.9181013256311417,1.152820658683777,1.2536383485794071,3.3333333333333335,0.15000000000000213,1.5399999999999991,0.6666666666666666,,,,,,,,,targeted_seed47_TransformerVAE_Augmented_TailWeighted_Copula,0.31156579635655596,0.6756340349414234,0.46766800729461233,0.8414634146341465
muswellbrook,TargetSelected_empirical_targeted_expanded_pool_global_main,41.458761944583955,26.352908230784294,1.134616771004706,7.958333333333333,,0.2916666666666667,0.5406387652894344,81,C:\Users\13411\MyPython\project\ExtremeScene\results\method_pool_risk_target_selection_expanded_fast\muswellbrook\generated_samples_TargetSelected_empirical_targeted_expanded_pool_global_main.npy,0.36350775758425397,0.08024966383084998,0.03465230476634365,0.4701140323929765,0.14684307422864568,0.1449044853930611,0.27772728006274755,0.12260950783899693,0.020090941365071488,0.370449690013326,0.11656741529949753,0.06654924384149208,0.10117177225233641,24.636519640115697,0.03103092547882735,26.056047725811737,0.046316062913350796,0.06455096937716132,0.4867170426249503,0.06166219835174554,0.30000000000000426,1.5399999999999991,11.91712560620145,13.108274159645529,0.8662191381057104,0.8454968690872189,0.47843381881713887,3.5,1.8499999999999979,3.539999999999999,0.75,,,,,,,,,TargetSelected_empirical_targeted_expanded_pool_global_main,0.7134359942961496,0.8043300251678721,0.09977242316676571,0.40243902439024387
muswellbrook,TargetSelected_val_calibrated_all_method_pool_core_ramp_guard,15.189611014973934,30.285323850224998,1.331380998318006,8.666666666666666,,0.4166666666666667,0.5475660402320374,82,C:\Users\13411\MyPython\project\ExtremeScene\results\method_pool_risk_target_selection_expanded_fast\muswellbrook\generated_samples_TargetSelected_val_calibrated_all_method_pool_core_ramp_guard.npy,0.5256927747072446,0.05635599897119937,0.03298884892524585,0.3130680599499977,0.08445847141182329,0.10662537072083339,0.22363318922649952,0.0884022573652455,0.0282779208029881,0.3541313412945806,0.07640557591608939,0.05596404681635578,0.08715206078688939,29.419348885718637,0.30631432361484023,2.984079025945121,0.1358576555321878,0.6488359894603484,1.309847057163716,0.1340482572864033,0.0,3.8500000000000014,12.448088205356354,14.92179737718589,1.1058504432439804,1.2521570682525636,0.9310663080215456,3.4166666666666665,2.0,3.539999999999999,0.7083333333333334,,,,,,,,,TargetSelected_val_calibrated_all_method_pool_core_ramp_guard,0.2602183930043233,0.954924306567127,0.36623926290582387,0.6097560975609755
muswellbrook,TargetSelected_val_calibrated_ganfix_model_pool_q99_guard,22.258648759214523,29.739984209262126,1.2477461615635548,8.625,,0.4166666666666667,0.5477443403709595,83,C:\Users\13411\MyPython\project\ExtremeScene\results\method_pool_risk_target_selection_expanded_fast\muswellbrook\generated_samples_TargetSelected_val_calibrated_ganfix_model_pool_q99_guard.npy,0.38809815711445284,0.06270942611468468,0.03195953542438214,0.38269961040242806,0.11692789221871665,0.15018942153035642,0.24169602112088898,0.09937596907466857,0.023137755736084703,0.3374979295459233,0.0930044291360233,0.06842890423027441,0.0795660655985196,27.682722776019574,0.1809159606682197,7.3643075284142725,0.03786680456208128,0.00483693145215458,0.568127211630344,0.04557640747737715,1.6999999999999957,4.309999999999995,12.961120294694458,13.112210425202367,1.006507510940234,1.1009212255477907,1.5676465272903441,3.4583333333333335,2.0,3.539999999999999,0.7916666666666666,,,,,,,,,TargetSelected_val_calibrated_ganfix_model_pool_q99_guard,0.38217940873988837,0.9340401886871833,0.2529772592054985,0.5975609756097562
muswellbrook,TargetSelected_empirical_targeted_expanded_pool_q99_guard,26.624779386478167,26.396425491383155,1.2731285844056401,8.791666666666666,,0.4166666666666667,0.5478402742455909,84,C:\Users\13411\MyPython\project\ExtremeScene\results\method_pool_risk_target_selection_expanded_fast\muswellbrook\generated_samples_TargetSelected_empirical_targeted_expanded_pool_q99_guard.npy,0.36187788181834757,0.050202481918236445,0.022981994118090553,0.29411475573821616,0.07738449377013155,0.11735139788460462,0.24433797404307603,0.09384667919237347,0.036528271512465633,0.3001102038665466,0.07381121829358049,0.05895388783838693,0.10118888896391344,24.105232283653635,0.08103717579718736,24.292675250908502,0.03410491187491927,0.25259437821805353,0.9968598362803451,0.13136729214067516,0.4500000000000064,3.8500000000000014,11.556650298628986,13.873067611550997,1.1909824858109157,0.9215147256851197,0.6480093336105348,3.2916666666666665,1.8499999999999979,2.7699999999999996,0.7916666666666666,,,,,,,,,TargetSelected_empirical_targeted_expanded_pool_q99_guard,0.45750758569991096,0.8059965455010616,0.2873512614924162,0.646341463414634
muswellbrook,TargetSelected_empirical_all_method_pool_duration_guard,25.821310581817173,30.948721369288894,1.2320810504315887,8.125,,0.5,0.5528161405219929,85,C:\Users\13411\MyPython\project\ExtremeScene\results\method_pool_risk_target_selection_expanded_fast\muswellbrook\generated_samples_TargetSelected_empirical_all_method_pool_duration_guard.npy,0.44569233887725407,0.06549012189577687,0.0259498825630614,0.3771047132753732,0.10509389913027974,0.11541137677799392,0.24673524426493207,0.10810459583224266,0.025144922404297363,0.35651076547251975,0.09289620561943308,0.055502060581784224,0.09562312272483009,23.113786110540207,0.10376329086210277,20.753128923235607,0.029027863100206178,0.005116596445440713,1.3952661105990396,0.12064343155776305,0.0,3.8500000000000014,11.13657027060014,17.429989439422428,1.192255104581515,0.9755838155746464,0.5138415956497195,3.4166666666666665,1.8499999999999979,3.539999999999999,0.7916666666666666,,,,,,,,,TargetSelected_empirical_all_method_pool_duration_guard,0.44364546258306486,0.9803295236992075,0.23176287123217204,0.451219512195122
muswellbrook,TargetSelected_val_calibrated_targeted_expanded_pool_paper_weights,15.189611014973934,31.462369613620286,1.3615076035008922,8.291666666666666,,0.4166666666666667,0.5548250297116958,86,C:\Users\13411\MyPython\project\ExtremeScene\results\method_pool_risk_target_selection_expanded_fast\muswellbrook\generated_samples_TargetSelected_val_calibrated_targeted_expanded_pool_paper_weights.npy,0.5370983097495304,0.053173006057466055,0.0348899168628821,0.31629108546163753,0.09512961738051554,0.10052771357687375,0.21727426975879824,0.08295828864329077,0.024130234276347372,0.356887888323322,0.07708697069375746,0.053182621572034405,0.10052805294563348,29.7144454857379,0.30776114831208956,2.984079025945121,0.1413534026526746,0.6488359894603484,1.309847057163716,0.13136729214067516,0.0,3.8500000000000014,12.37423666179329,15.156255211273198,1.15870634218057,1.3190092563629152,0.9429167556762699,3.4166666666666665,2.0,3.539999999999999,0.7083333333333334,,,,,,,,,TargetSelected_val_calibrated_targeted_expanded_pool_paper_weights,0.2602183930043233,1.0,0.4070380472415951,0.4999999999999999
muswellbrook,traditional_gaussian_copula,0.1069747250174089,23.84946904876237,1.6311152594377445,10.0,5.583333333333333,0.3333333333333333,0.5555759551653614,87,C:\Users\13411\MyPython\project\ExtremeScene\results\tailweighted_month_evt_copula\muswellbrook\generated_samples_traditional_gaussian_copula.npy,0.7217611055131312,0.0560523346188708,0.1358636432503594,0.3779470458684955,0.0401755592156037,0.0925539560744538,0.1185336103820175,0.0339511597218877,0.1467067203225842,0.4060805872545481,0.0433930178521207,0.1250414398824658,0.0462633273937675,34.12470092974521,0.4185524678901718,34.87505378573638,0.2164983862422283,1.394401612505317,0.3096793587133293,0.3592493295275606,6.0,0.1599999999999966,11.528986998735718,14.73640184448227,1.4095828235149384,1.7588099479675292,1.8561361265182497,3.125,1.0,2.539999999999999,0.6666666666666666,1.2277088851762257,0.2467222579155943,0.1377532743945815,0.0690273268169264,59.56253984714044,88.83784227874874,1.4186442725360393,12.2,traditional_gaussian_copula,0.0,0.7084592777373271,0.7721526873766532,1.0
muswellbrook,targeted_seed46_Conditional_Transformer_Risk_Generator,40.8673984200188,23.258866108507895,1.4646014849713538,6.666666666666667,,0.375,0.5570441439859393,88,C:\Users\13411\MyPython\project\ExtremeScene\results\targeted_expanded_pool_multiseed\seed46\expanded_pool\muswellbrook\generated_samples_Conditional_Transformer_Risk_Generator.npy,0.4831835260545766,0.06431209361938406,0.048030908900135255,0.19238024289478306,0.0475479155578041,0.06571727577152671,0.05429949218446214,0.0845899805603744,0.008546293040910797,0.24328775371127395,0.06548332991252086,0.04076482590419092,0.055384579992810906,30.510869292217098,0.18428413098227928,27.017573885194423,0.1323917331716351,0.3336581733077759,1.0960287770628918,0.042895442331649006,2.6999999999999957,3.7699999999999996,14.250834840052603,11.143205054571098,0.8614632040262222,0.5799203634262082,0.1293235158920294,2.875,1.0,1.7699999999999996,0.75,,,,,,,,,targeted_seed46_Conditional_Transformer_Risk_Generator,0.7032332907975452,0.6858417738956148,0.5466523519705018,0.024390243902439195
muswellbrook,TargetSelected_empirical_all_method_pool_paper_weights,25.821310581817173,30.91066003303571,1.2367730279511306,8.208333333333334,,0.5416666666666666,0.5576259233950825,89,C:\Users\13411\MyPython\project\ExtremeScene\results\method_pool_risk_target_selection_expanded_fast\muswellbrook\generated_samples_TargetSelected_empirical_all_method_pool_paper_weights.npy,0.41408175919894824,0.058577990879950234,0.02741835444701402,0.2920799324357951,0.07426108489147196,0.13380619115415202,0.24635183529881036,0.09866240083971571,0.03021788738340285,0.3175045089778512,0.0771671588703793,0.06381414432818962,0.09595800253388363,22.99336945669346,0.11970266438073893,20.753128923235607,0.027238553764411935,0.005116596445440713,1.0638244125246992,0.1581769435979559,0.4500000000000064,3.8500000000000014,11.344066104551047,17.25764501121667,1.147845521569252,0.9755838155746464,0.6613830232620241,3.2916666666666665,1.8499999999999979,3.539999999999999,0.8333333333333334,,,,,,,,,TargetSelected_empirical_all_method_pool_paper_weights,0.44364546258306486,0.9788719413536875,0.23811695519769044,0.4756097560975612
muswellbrook,TargetSelected_val_calibrated_all_method_pool_duration_guard,15.189611014973934,30.285323850224998,1.307147097841759,9.083333333333334,,0.4166666666666667,0.5576540675633982,90,C:\Users\13411\MyPython\project\ExtremeScene\results\method_pool_risk_target_selection_expanded_fast\muswellbrook\generated_samples_TargetSelected_val_calibrated_all_method_pool_duration_guard.npy,0.5365862851548526,0.05930213025454813,0.030720446822367267,0.3159479672753218,0.08603120633619872,0.1007854741236326,0.23446376985115153,0.09079389318555967,0.0346072421215205,0.36233267409377534,0.07870907659210218,0.05537105435584012,0.0963569609234592,29.957722557674234,0.32126071516754884,0.9658984613428174,0.1362505593222263,0.4201877679675814,1.2479775384068494,0.16085790874368402,3.0,4.539999999999999,12.573294774209062,14.92179737718589,1.1302937120199203,1.4560832023620605,0.9800073528289799,3.4583333333333335,2.0,3.539999999999999,0.7083333333333334,,,,,,,,,TargetSelected_val_calibrated_all_method_pool_duration_guard,0.2602183930043233,0.954924306567127,0.3334206405239499,0.7317073170731709
muswellbrook,targeted_seed45_Conditional_NormalizingFlow_Risk_Generator,45.3182069425132,29.294995134767177,1.0910450534332388,7.458333333333333,,0.5833333333333334,0.5577124900512344,91,C:\Users\13411\MyPython\project\ExtremeScene\results\targeted_expanded_pool_multiseed\seed45\expanded_pool\muswellbrook\generated_samples_Conditional_NormalizingFlow_Risk_Generator.npy,0.49390592508845854,0.07603104137240335,0.048041502299608775,0.37549254130917015,0.10753409222767486,0.13686264862143158,0.18018060467555327,0.16337052416376205,0.06083776520740786,0.3498596903577273,0.11564521925461342,0.08191397204281607,0.07036966820084063,25.416540325052008,0.058180986385903244,36.050171259878894,0.10042300395939079,0.07712427116930431,1.1328093090653413,0.07774798922611394,3.5499999999999936,4.77,10.776666626323255,14.762268610585412,1.5735170195500057,2.6731576442718494,2.323634977340699,2.6666666666666665,1.0,2.539999999999999,0.7083333333333334,,,,,,,,,targeted_seed45_Conditional_NormalizingFlow_Risk_Generator,0.7800224023976616,0.9169990576396931,0.040765671574745775,0.25609756097560976
muswellbrook,TargetSelected_val_calibrated_targeted_expanded_pool_duration_guard,15.189611014973934,30.42395342385087,1.3537259099442356,8.833333333333334,,0.375,0.5640409023928725,92,C:\Users\13411\MyPython\project\ExtremeScene\results\method_pool_risk_target_selection_expanded_fast\muswellbrook\generated_samples_TargetSelected_val_calibrated_targeted_expanded_pool_duration_guard.npy,0.49353788596474446,0.05906109936333408,0.03468913361366845,0.3300133926203233,0.09829666448979721,0.0998264535725732,0.22553788228578003,0.08899374042273767,0.031721509490995364,0.3496963869569493,0.08211716809195631,0.055412365559079,0.08465210059230704,30.399468201863623,0.29021862642360263,0.9658984613428174,0.13776881759034762,0.4201877679675814,1.2479775384068494,0.14477211786931565,3.0,4.539999999999999,12.386749757403573,14.571615346272353,1.181254451473554,1.4638117551803589,0.9800073528289799,3.375,1.8499999999999979,2.7699999999999996,0.7083333333333334,,,,,,,,,TargetSelected_val_calibrated_targeted_expanded_pool_duration_guard,0.2602183930043233,0.9602332115866434,0.39649973284281764,0.6585365853658539
muswellbrook,ganfix_Conditional_NormalizingFlow_Risk_Generator,40.214867029188156,19.67968274404064,1.3500753408976987,8.875,,0.3333333333333333,0.5707237508293783,93,C:\Users\13411\MyPython\project\ExtremeScene\results\model_pool_experiments_new_machine_margin_formal50_ganfix\muswellbrook\generated_samples_Conditional_NormalizingFlow_Risk_Generator.npy,0.7203557022191862,0.09046744712428006,0.04451213472323808,0.3663767764379305,0.10065689400909869,0.13623129903966613,0.1788144551104173,0.16391914047258976,0.020305842128098998,0.42184897792251136,0.11834782720198951,0.06701642529700107,0.09645158731482745,28.403303193586964,0.17848776110691283,19.580275526292766,0.07893113124589259,0.2689537014812222,1.0184518012404435,0.2171581768039734,0.30000000000000426,0.0,12.590882862398885,6.3881152900074625,1.0345448007186253,1.3317810297012325,0.8140779066085821,3.0416666666666665,1.8499999999999979,2.0,0.75,,,,,,,,,ganfix_Conditional_NormalizingFlow_Risk_Generator,0.691975267555289,0.5487747395507623,0.3915559704000081,0.6707317073170732
muswellbrook,TargetSelected_empirical_targeted_expanded_pool_global_q99,43.53588936312245,26.352908230784294,1.1738754601586454,8.166666666666666,,0.4166666666666667,0.5738274785822889,94,C:\Users\13411\MyPython\project\ExtremeScene\results\method_pool_risk_target_selection_expanded_fast\muswellbrook\generated_samples_TargetSelected_empirical_targeted_expanded_pool_global_q99.npy,0.3522711738392159,0.07454934852865919,0.031447679801947466,0.358876413999867,0.0930294180286842,0.14200974805311004,0.24435636924570442,0.09506698542416532,0.025062371640651657,0.31850131902826245,0.08754858399383623,0.06617326649856971,0.07788598414988175,24.089529362241596,0.08390614643957972,24.292675250908502,0.06158069702352589,0.07017438076436555,0.475796426236629,0.11796246641203491,0.30000000000000426,1.5399999999999991,11.523499348460897,13.119345048863288,0.959294006228447,0.9215147256851197,0.48555551528930696,3.25,1.8499999999999979,2.7699999999999996,0.7916666666666666,,,,,,,,,TargetSelected_empirical_targeted_expanded_pool_global_q99,0.7492723526440086,0.8043300251678721,0.15293828046709412,0.4634146341463413
muswellbrook,TargetSelected_empirical_all_method_pool_q99_guard,25.821310581817173,30.948721369288894,1.2796604647980228,8.333333333333334,,0.625,0.5780710200514653,95,C:\Users\13411\MyPython\project\ExtremeScene\results\method_pool_risk_target_selection_expanded_fast\muswellbrook\generated_samples_TargetSelected_empirical_all_method_pool_q99_guard.npy,0.41625495586130357,0.0569856203426622,0.024141100589238598,0.2976519186912035,0.073119196608224,0.12074247769581804,0.24850259709021177,0.10282611746651323,0.03578110676709856,0.3208031572142396,0.07764364480579981,0.06022156168405173,0.09903193550535438,22.493860557586277,0.0891809065245017,21.054667832376822,0.033857459221735345,0.25259437821805353,0.9968598362803451,0.13941018757785936,0.4500000000000064,3.8500000000000014,11.776960092321849,17.447171223353777,1.251799389719963,0.9755838155746464,0.6613830232620241,3.375,1.8499999999999979,3.539999999999999,0.8333333333333334,,,,,,,,,TargetSelected_empirical_all_method_pool_q99_guard,0.44364546258306486,0.9803295236992075,0.29619702349640253,0.5121951219512197
muswellbrook,TargetSelected_empirical_all_method_pool_global_main,46.03968890570873,27.84845353597809,1.060942899348447,8.583333333333334,,0.4166666666666667,0.5840267403065087,96,C:\Users\13411\MyPython\project\ExtremeScene\results\method_pool_risk_target_selection_expanded_fast\muswellbrook\generated_samples_TargetSelected_empirical_all_method_pool_global_main.npy,0.4161583618433386,0.07536549303036882,0.03207163051326127,0.45583866510747206,0.13875636992411414,0.13780258302497655,0.22773175104040366,0.11357439968209337,0.024712048005787222,0.3665762593304048,0.10923208754552545,0.06486208718134169,0.11806377555362554,25.150259112234135,0.062013079097804444,26.056047725811737,0.0271151278344276,0.420629682019352,1.6164970856904972,0.13941018757785936,0.4500000000000064,1.5399999999999991,11.927996180164284,13.303951595112498,0.870610828200976,0.5474343538284301,0.20576070308685335,3.4583333333333335,1.0,1.7699999999999996,0.7083333333333334,,,,,,,,,TargetSelected_empirical_all_method_pool_global_main,0.7924700192091446,0.8616028549832826,0.0,0.5853658536585368
muswellbrook,targeted_seed45_Conditional_Transformer_Risk_Generator,41.471900456237336,24.217983005958644,1.3079327981977258,9.083333333333334,,0.4166666666666667,0.6242475906586541,97,C:\Users\13411\MyPython\project\ExtremeScene\results\targeted_expanded_pool_multiseed\seed45\expanded_pool\muswellbrook\generated_samples_Conditional_Transformer_Risk_Generator.npy,0.4743663629999868,0.07783680122134337,0.04753111901490529,0.34141373463595903,0.06472054467759364,0.13400950063181735,0.08462412421044133,0.061013922403046615,0.010600904612031599,0.30013474061546236,0.06785708943399454,0.06404717475291807,0.07444779544221557,32.65395162863897,0.21608988363462794,22.48141465684205,0.1360903558036558,0.2412337657064203,1.1262618482112874,0.14477211786931565,2.849999999999998,0.0799999999999983,13.019597248729818,8.786324145952484,0.9414936552445093,0.3937184810638428,0.07736998081207247,3.4166666666666665,1.8499999999999979,3.539999999999999,0.6666666666666666,,,,,,,,,targeted_seed45_Conditional_Transformer_Risk_Generator,0.7136626710072487,0.7225717470030915,0.33448467077830585,0.7317073170731709
muswellbrook,enhanced_gan,58.06842824035727,31.287932574398724,1.252758061736434,7.166666666666667,4.666666666666667,0.3333333333333333,0.6885468530509192,98,C:\Users\13411\MyPython\project\ExtremeScene\results\tailweighted_month_evt_copula\muswellbrook\generated_samples_enhanced_gan.npy,0.8186625736179174,0.0853020608498126,0.0882433830260845,0.2614667731923638,0.0929011900099911,0.1119243495220276,0.2036195965757643,0.0503336847587428,0.1274244358703886,0.4279163144620152,0.0761789785395155,0.1091973894728336,0.0940769006710934,27.104397456199735,0.4638339115814838,43.83354126056749,0.0020482889090258,0.0896262969821695,1.009935154020786,0.1447721178693155,5.549999999999994,6.77,13.928857426114805,19.91063601622793,1.0769833872715633,1.2521901369094848,1.5999124097824091,3.25,2.849999999999998,3.0,0.5833333333333334,1.40927116642663,0.2585753474024958,0.2576710423656705,0.1076563839256236,64.95990226839281,103.23190615982932,1.4076077584177256,10.0,enhanced_gan,1.0,0.9933198260018301,0.25976459661123685,0.17073170731707332
muswellbrook,targeted_seed46_Conditional_NormalizingFlow_Risk_Generator,49.88323504251983,28.849325294359858,1.4046976379177067,7.791666666666667,,0.5416666666666666,0.6970449520215003,99,C:\Users\13411\MyPython\project\ExtremeScene\results\targeted_expanded_pool_multiseed\seed46\expanded_pool\muswellbrook\generated_samples_Conditional_NormalizingFlow_Risk_Generator.npy,0.6319404316169246,0.07535432454524667,0.026516456531295658,0.3703952817660239,0.099323246710647,0.10710238218797884,0.23486029743290365,0.17118181652950049,0.03258734778574012,0.4123986702719507,0.11528646259513138,0.055402062168338206,0.05547312680585048,25.215165518180573,0.051945565232285495,35.98780437451212,0.19518379617993106,1.440782492980361,0.05462451785802891,0.1260053618492191,3.5499999999999936,5.539999999999999,13.009872341035733,12.779539873585257,1.9190409531195958,2.6075071096420293,2.348501791954041,3.0833333333333335,1.0,2.539999999999999,0.7083333333333334,,,,,,,,,targeted_seed46_Conditional_NormalizingFlow_Risk_Generator,0.858782126716833,0.8999318562417375,0.46552790658449716,0.353658536585366
muswellbrook,targeted_seed46_Expanded_ValSelected_Model_Ensemble,49.88323504251983,28.849325294359858,1.4046976379177067,7.791666666666667,,0.5416666666666666,0.6970449520215003,99,C:\Users\13411\MyPython\project\ExtremeScene\results\targeted_expanded_pool_multiseed\seed46\expanded_pool\muswellbrook\generated_samples_Expanded_ValSelected_Model_Ensemble.npy,0.6319404316169246,0.07535432454524667,0.026516456531295658,0.3703952817660239,0.099323246710647,0.10710238218797884,0.23486029743290365,0.17118181652950049,0.03258734778574012,0.4123986702719507,0.11528646259513138,0.055402062168338206,0.05547312680585048,25.215165518180573,0.051945565232285495,35.98780437451212,0.19518379617993106,1.440782492980361,0.05462451785802891,0.1260053618492191,3.5499999999999936,5.539999999999999,13.009872341035733,12.779539873585257,1.9190409531195958,2.6075071096420293,2.348501791954041,3.0833333333333335,1.0,2.539999999999999,0.7083333333333334,,,,,,,,,targeted_seed46_Expanded_ValSelected_Model_Ensemble,0.858782126716833,0.8999318562417375,0.46552790658449716,0.353658536585366
muswellbrook,targeted_seed46_Expanded_ValSelected_Model_Ensemble_Margin_0.05,49.88323504251983,28.849325294359858,1.4046976379177067,7.791666666666667,,0.5416666666666666,0.6970449520215003,99,C:\Users\13411\MyPython\project\ExtremeScene\results\targeted_expanded_pool_multiseed\seed46\expanded_pool\muswellbrook\generated_samples_Expanded_ValSelected_Model_Ensemble_Margin_0.05.npy,0.6319404316169246,0.07535432454524667,0.026516456531295658,0.3703952817660239,0.099323246710647,0.10710238218797884,0.23486029743290365,0.17118181652950049,0.03258734778574012,0.4123986702719507,0.11528646259513138,0.055402062168338206,0.05547312680585048,25.215165518180573,0.051945565232285495,35.98780437451212,0.19518379617993106,1.440782492980361,0.05462451785802891,0.1260053618492191,3.5499999999999936,5.539999999999999,13.009872341035733,12.779539873585257,1.9190409531195958,2.6075071096420293,2.348501791954041,3.0833333333333335,1.0,2.539999999999999,0.7083333333333334,,,,,,,,,targeted_seed46_Expanded_ValSelected_Model_Ensemble_Margin_0.05,0.858782126716833,0.8999318562417375,0.46552790658449716,0.353658536585366
muswellbrook,targeted_seed47_Conditional_NormalizingFlow_Risk_Generator,48.353201775914926,23.962369101436927,1.7993620869140916,6.583333333333333,,0.4583333333333333,0.7135502662320439,102,C:\Users\13411\MyPython\project\ExtremeScene\results\targeted_expanded_pool_multiseed\seed47\expanded_pool\muswellbrook\generated_samples_Conditional_NormalizingFlow_Risk_Generator.npy,0.5432103657060199,0.06830068742954427,0.03539660650362731,0.3787765521297438,0.11165857972726528,0.11681842817792217,0.14711774765173358,0.11149531875612534,0.02700533015205936,0.3563682218291658,0.09715152863764497,0.05974012161120295,0.04581325319805966,23.97759711624704,0.04170368232794978,29.786288005076372,0.25451591109889826,1.4769512977451074,0.4641146925091748,0.04825737262310529,0.15000000000000213,1.5399999999999991,10.868244299153517,11.882654297512687,1.6427679012219112,2.2316467046737674,1.8960373544692994,2.375,2.0,1.2300000000000004,0.75,,,,,,,,,targeted_seed47_Conditional_NormalizingFlow_Risk_Generator,0.8323846992230595,0.7127828548837533,1.0,0.0
cessnock_or_newarea,TargetSelected_val_calibrated_riskfirst_evt_pool_duration_guard,4.399963889646585,3.851107384684788,2.799153748996711,5.814814814814815,,0.5555555555555556,0.08761329386027122,1,C:\Users\13411\MyPython\project\ExtremeScene\results\method_pool_risk_target_selection_expanded_fast\cessnock_or_newarea\generated_samples_TargetSelected_val_calibrated_riskfirst_evt_pool_duration_guard.npy,0.9785218766196765,0.06834110079622452,0.1031037605575178,0.9447292600373136,0.22675730135689126,0.19445488389585244,0.7835700029177677,0.2984630047304184,0.10768872866215223,0.9022737131915859,0.1978538022945114,0.13508245770517416,0.1570634232073279,20.06337655676362,0.11661791621868912,2.4644120154560056,0.01396159173137161,3.838626825809479,3.7221248453855527,0.22727272705816898,3.0,3.0,10.448742943963769,2.8348318110135295,2.729809010470355,2.6024476051330563,2.3659382057189937,2.6666666666666665,0.3000000000000007,0.7399999999999984,0.8888888888888888,,,,,,,,,TargetSelected_val_calibrated_riskfirst_evt_pool_duration_guard,0.02746176964873437,0.09496884678673927,0.13036570401119948,0.1219512195121951
cessnock_or_newarea,TargetSelected_val_calibrated_rf_duration_pool_duration_guard,6.473280027566219,3.851107384684788,2.8751415560233267,5.444444444444445,,0.5925925925925926,0.08821317854871866,2,C:\Users\13411\MyPython\project\ExtremeScene\results\method_pool_risk_target_selection_expanded_fast\cessnock_or_newarea\generated_samples_TargetSelected_val_calibrated_rf_duration_pool_duration_guard.npy,1.1464702663598239,0.08032179414359718,0.10825651172719637,1.0460762387787321,0.28896056762428984,0.21765558276124478,0.8638226187600154,0.3908169350484357,0.10350783645922497,1.0187897079661905,0.2533664322721076,0.14313997698255537,0.15844300394825256,16.99517838340076,0.11887265847104327,8.367464708918433,0.004875857597895168,3.750045657157898,3.7221248453855527,0.24825174801738453,3.3000000000000007,3.0,10.770997726314684,2.8348318110135295,2.870146424682052,2.6024476051330563,2.3659382057189937,2.6296296296296298,0.3000000000000007,0.7399999999999984,0.8518518518518519,,,,,,,,,TargetSelected_val_calibrated_rf_duration_pool_duration_guard,0.04333854681167706,0.09496884678673927,0.186883841876775,0.0
cessnock_or_newarea,DurationAware_RiskFirst_TCN_Empirical,6.473280027566219,3.851107384684788,2.907566290721729,5.555555555555555,3.074074074074074,0.5925925925925926,0.09973019290670782,3,C:\Users\13411\MyPython\project\ExtremeScene\results\duration_aware_riskfirst\formal\cessnock_or_newarea\generated_samples_DurationAware_RiskFirst_TCN_Empirical.npy,1.117943521635032,0.0782650056998984,0.1062187771430035,1.0438272044348085,0.2892105407906463,0.2140749467372233,0.8579164684631329,0.3844777839601884,0.0932303451210963,1.0065623981776577,0.2506511101502444,0.1378413563337744,0.1538874908085632,17.833905629660322,0.0958057080539499,8.367464708918433,0.0001510262785969,3.750045657157898,3.7221248453855527,0.2307692305513715,3.3000000000000007,3.0,10.511276297727598,2.834831811013529,2.909451511171129,2.6024476051330563,2.3659382057189937,2.555555555555556,0.3000000000000007,0.7399999999999984,0.8518518518518519,1.0116820594013445,0.3932953186473233,0.1297659415044235,0.1675470116474722,21.913218366466943,5.740989848786086,1.6462493501603603,4.0,DurationAware_RiskFirst_TCN_Empirical,0.04333854681167706,0.09496884678673927,0.2110006797965366,0.036585365853658416
cessnock_or_newarea,TargetSelected_val_calibrated_rf_duration_pool_global_main,4.0519518696875,3.851107384684788,2.789916792912495,6.111111111111111,,0.5185185185185185,0.09973038794614572,4,C:\Users\13411\MyPython\project\ExtremeScene\results\method_pool_risk_target_selection_expanded_fast\cessnock_or_newarea\generated_samples_TargetSelected_val_calibrated_rf_duration_pool_global_main.npy,1.3277529774869912,0.09794581385677222,0.17880325085674245,1.040312840870227,0.2821061679587805,0.23143852616747893,0.9519050741959134,0.4371402775100886,0.16508370063989744,1.106656964184377,0.27239741977521376,0.19177515922137292,0.19000533636213293,18.867996311301127,0.18297003868157216,6.572777154183683,0.03322463098468262,3.750045657157898,3.7221248453855527,0.33916083884065223,6.699999999999999,7.739999999999998,9.687638547607051,2.8348318110135295,3.129877046302513,3.0987250328063958,5.3704264068603464,2.5555555555555554,0.0,0.7399999999999984,0.8518518518518519,,,,,,,,,TargetSelected_val_calibrated_rf_duration_pool_global_main,0.0247968073741147,0.09496884678673927,0.12349544971838748,0.21951219512195108
cessnock_or_newarea,ganfix_Conditional_NormalizingFlow_Risk_Generator,0.8137870727642138,6.231719888586895,2.655348109385361,6.518518518518518,,0.5185185185185185,0.10656817021972728,5,C:\Users\13411\MyPython\project\ExtremeScene\results\model_pool_experiments_new_machine_margin_formal50_ganfix\cessnock_or_newarea\generated_samples_Conditional_NormalizingFlow_Risk_Generator.npy,1.2414191762606301,0.08295972544826256,0.04286018913183114,0.5122877019566809,0.08676741783588339,0.06865669092454617,0.40250320009764573,0.1715216328360956,0.05398580824047574,0.7187366927716523,0.1137495920400805,0.055167562765617684,0.08320420150743751,30.146329968048683,0.1814957211294577,7.457444119099392,0.06327359475435096,3.5544775247573845,4.029522060751914,0.32867132836104446,3.0,1.5200000000000031,12.952758574886222,4.522918808682235,1.5813832018110487,0.7608675479888918,0.3920616626739504,2.4444444444444446,0.3000000000000007,0.7399999999999984,0.7407407407407407,,,,,,,,,ganfix_Conditional_NormalizingFlow_Risk_Generator,0.0,0.1588928957769172,0.02340608399538906,0.3536585365853658
cessnock_or_newarea,TargetSelected_empirical_rf_duration_pool_global_main,5.00791528560957,11.238448992387212,2.623878972908844,5.851851851851852,,0.48148148148148145,0.11775710606044655,6,C:\Users\13411\MyPython\project\ExtremeScene\results\method_pool_risk_target_selection_expanded_fast\cessnock_or_newarea\generated_samples_TargetSelected_empirical_rf_duration_pool_global_main.npy,1.2884530238653897,0.0890918403595668,0.1634994138264565,1.0491378096497557,0.2942989259055422,0.2202830259051317,0.9427754457794711,0.4288987192369651,0.16019487865318843,1.0934554264315388,0.2707631618340247,0.18132577279492557,0.1867383678658795,17.337607600448493,0.14716837801248772,4.101204235356349,0.014465891125148084,4.056924998760223,4.399012841582298,0.3006993004154237,4.0,3.2600000000000016,10.768430213194195,5.097415039054567,2.8045269030111806,2.6024476051330563,2.596954612731933,2.5185185185185186,0.6999999999999993,0.26000000000000156,0.8888888888888888,,,,,,,,,TargetSelected_empirical_rf_duration_pool_global_main,0.032117262683814575,0.2933332534526333,0.0,0.13414634146341467
cessnock_or_newarea,targeted_seed47_Conditional_NormalizingFlow_Risk_Generator,7.098974630849867,6.629614144044112,2.80888566977767,5.814814814814815,,0.5555555555555556,0.11800581982910555,7,C:\Users\13411\MyPython\project\ExtremeScene\results\targeted_expanded_pool_multiseed\seed47\expanded_pool\cessnock_or_newarea\generated_samples_Conditional_NormalizingFlow_Risk_Generator.npy,0.8154028460322094,0.06259477932906675,0.07612976619417433,0.5937163851701106,0.08350919701905699,0.12420751970561861,0.6191643231889472,0.2528234482658919,0.06577004919370415,0.6760945181304224,0.1329758082046719,0.0887024450311657,0.09086154303816177,24.634703549053498,0.07233815805921891,2.2743319685732644,0.03078854701268017,3.0604507446289055,2.3720820301771184,0.25524475500378974,1.3000000000000007,0.26000000000000156,11.676231089800616,1.1608633004732312,3.1669290595584445,4.0282099723815925,4.767526607513426,2.2962962962962963,0.0,0.7399999999999984,0.9259259259259259,,,,,,,,,targeted_seed47_Conditional_NormalizingFlow_Risk_Generator,0.04812991152770059,0.1695771259223384,0.1376041026690584,0.1219512195121951
cessnock_or_newarea,TargetSelected_val_calibrated_riskfirst_evt_pool_global_main,4.0519518696875,3.851107384684788,2.8238592431054577,6.37037037037037,,0.5555555555555556,0.11884668671677096,8,C:\Users\13411\MyPython\project\ExtremeScene\results\method_pool_risk_target_selection_expanded_fast\cessnock_or_newarea\generated_samples_TargetSelected_val_calibrated_riskfirst_evt_pool_global_main.npy,1.1619850826361544,0.07833164448120317,0.17301742130842493,0.8968944721056067,0.19920475477584754,0.20074327459971075,0.8546901418820221,0.31016356347367835,0.17225858300207805,0.9711898988745945,0.1958999875769097,0.18200642630340458,0.19269280735594727,20.321509454619438,0.23760095596832914,6.572777154183683,0.0262065454033537,3.838626825809479,3.7221248453855527,0.37762237726588094,6.699999999999999,7.739999999999998,9.327351850625249,2.8348318110135295,3.0497969609719737,3.0987250328063958,5.3704264068603464,2.7037037037037037,0.3000000000000007,0.7399999999999984,0.8888888888888888,,,,,,,,,TargetSelected_val_calibrated_riskfirst_evt_pool_global_main,0.0247968073741147,0.09496884678673927,0.14874113260576646,0.30487804878048774
cessnock_or_newarea,TargetSelected_empirical_rf_duration_pool_duration_guard,5.00791528560957,11.238448992387212,2.7270845941513673,5.592592592592593,,0.5555555555555556,0.12414277238362105,9,C:\Users\13411\MyPython\project\ExtremeScene\results\method_pool_risk_target_selection_expanded_fast\cessnock_or_newarea\generated_samples_TargetSelected_empirical_rf_duration_pool_duration_guard.npy,1.1818142292921434,0.08039935698833457,0.1396536180287282,1.0575329574394083,0.2975203194370598,0.22948585689021525,0.8934744118862316,0.4085569823146012,0.13759746386184105,1.0442738662059277,0.2621588862466652,0.16891231292692818,0.17421857303691526,16.847074895153888,0.13410198598666795,4.101204235356349,0.007127235429402186,3.750045657157898,3.7221248453855527,0.262237761990195,4.0,3.2600000000000016,11.06078938146941,5.097415039054567,2.824037278140033,2.6024476051330563,2.3659382057189937,2.4074074074074074,0.0,0.0,0.8888888888888888,,,,,,,,,TargetSelected_empirical_rf_duration_pool_duration_guard,0.032117262683814575,0.2933332534526333,0.07676217748782001,0.04878048780487799
cessnock_or_newarea,TargetSelected_empirical_riskfirst_evt_pool_duration_guard,4.399963889646585,11.238448992387212,2.6510967871247515,5.962962962962963,,0.5185185185185185,0.12690927293353238,10,C:\Users\13411\MyPython\project\ExtremeScene\results\method_pool_risk_target_selection_expanded_fast\cessnock_or_newarea\generated_samples_TargetSelected_empirical_riskfirst_evt_pool_duration_guard.npy,1.0219403507778186,0.06840507713043792,0.13450086685904958,0.9576692596608676,0.23379728251289597,0.2069745750463402,0.8134750765384224,0.313195073555031,0.14177835606476832,0.9310282289923695,0.2051324777327883,0.16108459932338604,0.17283899229599062,19.915273068516754,0.1318472437343138,0.7736065439675741,0.011710213899864708,3.838626825809479,3.7221248453855527,0.24125874103097944,4.0,3.2600000000000016,10.738534599118495,5.289886209479981,2.683699863928336,2.6024476051330563,2.3659382057189937,2.4444444444444446,0.3000000000000007,0.0,0.9259259259259259,,,,,,,,,TargetSelected_empirical_riskfirst_evt_pool_duration_guard,0.02746176964873437,0.2933332534526333,0.02024403962224447,0.1707317073170731
cessnock_or_newarea,TargetSelected_val_calibrated_rf_duration_pool_global_q99,4.0519518696875,3.851107384684788,2.8582336146112843,6.444444444444445,,0.6296296296296297,0.12889695752841981,11,C:\Users\13411\MyPython\project\ExtremeScene\results\method_pool_risk_target_selection_expanded_fast\cessnock_or_newarea\generated_samples_TargetSelected_val_calibrated_rf_duration_pool_global_q99.npy,1.3212726417882945,0.08761268942001618,0.15118473698552606,1.0484799193358179,0.2936735078094019,0.2225437665550752,0.9232760382118663,0.4253024602067714,0.1409638420129924,1.0976761997786595,0.26886288581206313,0.1715641151845312,0.1798413344335341,17.807976911260337,0.20425740427009764,6.572777154183683,0.02442229885936002,3.750045657157898,3.7221248453855527,0.34265734233385475,6.699999999999999,7.739999999999998,9.992064481398039,2.8348318110135295,2.898408386442396,2.6862192153930664,5.289258480072016,2.5925925925925926,0.3000000000000007,0.7399999999999984,0.8888888888888888,,,,,,,,,TargetSelected_val_calibrated_rf_duration_pool_global_q99,0.0247968073741147,0.09496884678673927,0.17430806951089836,0.3292682926829269
cessnock_or_newarea,TargetSelected_empirical_ganfix_model_pool_global_main,5.185253067104611,5.31130808881133,2.624316352895996,7.2592592592592595,,0.3333333333333333,0.1400114698500922,12,C:\Users\13411\MyPython\project\ExtremeScene\results\method_pool_risk_target_selection_expanded_fast\cessnock_or_newarea\generated_samples_TargetSelected_empirical_ganfix_model_pool_global_main.npy,1.1699649691581726,0.08039477214580287,0.08217798045914397,0.5277761822508482,0.0790537180670134,0.11824311859953938,0.5076132949717398,0.14961042992035012,0.10231675026995517,0.7351181487935868,0.1030196400443888,0.10091261644287951,0.11573282829463115,32.91878451981619,0.3332794929596433,2.331093917985143,0.0017514703671364232,3.9841120779514316,4.143048557639123,0.34265734233385475,2.799999999999997,3.2600000000000016,13.972271680126026,0.5468203789626571,2.0082789615348533,1.8847162246704103,2.1533238029479973,2.8518518518518516,1.0,1.7399999999999984,0.7777777777777778,,,,,,,,,TargetSelected_empirical_ganfix_model_pool_global_main,0.03347525743814689,0.1341780592029048,0.0003253140652529768,0.5975609756097563
cessnock_or_newarea,TargetSelected_empirical_riskfirst_evt_pool_paper_weights,4.399963889646585,11.238448992387212,2.6450524456665367,6.333333333333333,,0.48148148148148145,0.14407804224444976,13,C:\Users\13411\MyPython\project\ExtremeScene\results\method_pool_risk_target_selection_expanded_fast\cessnock_or_newarea\generated_samples_TargetSelected_empirical_riskfirst_evt_pool_paper_weights.npy,1.245040223676972,0.07810345673241824,0.14674856867587047,0.9862176215860534,0.2531872319773167,0.22010662874379414,0.8638635222098711,0.3478580016440575,0.14702711362443432,1.0317071224909655,0.22638289678459747,0.1712941036813663,0.18802740373080495,17.89638989116933,0.2416705709822745,0.7736065439675741,0.007901458488846522,3.838626825809479,3.7221248453855527,0.34615384582705744,4.0,3.2600000000000016,10.768221685205551,5.289886209479981,2.588831150973285,2.21777982711792,2.2289401626586915,2.5185185185185186,0.3000000000000007,0.0,0.9629629629629629,,,,,,,,,TargetSelected_empirical_riskfirst_evt_pool_paper_weights,0.02746176964873437,0.2933332534526333,0.015748385158596903,0.2926829268292682
cessnock_or_newarea,TargetSelected_empirical_rf_duration_pool_paper_weights,5.00791528560957,11.238448992387212,2.68306406279724,6.222222222222222,,0.5925925925925926,0.14705494626444005,14,C:\Users\13411\MyPython\project\ExtremeScene\results\method_pool_risk_target_selection_expanded_fast\cessnock_or_newarea\generated_samples_TargetSelected_empirical_rf_duration_pool_paper_weights.npy,1.2820751262299805,0.08459240408105785,0.15474306129843027,1.056834049195758,0.301381429198776,0.23130220889571332,0.9225469860842321,0.4221991359875188,0.15080374829980828,1.0871520538366568,0.2693909897557842,0.17894967283131727,0.18450931347723432,16.424110709800264,0.1745911544240139,4.101204235356349,0.012799093804497917,3.750045657157898,3.7221248453855527,0.3216783213746392,4.0,3.2600000000000016,11.003078485983437,5.097415039054567,2.6358453697628446,2.21777982711792,2.2289401626586915,2.4814814814814814,0.0,0.0,0.9259259259259259,,,,,,,,,TargetSelected_empirical_rf_duration_pool_paper_weights,0.032117262683814575,0.2933332534526333,0.04402062910865697,0.25609756097560976
cessnock_or_newarea,TargetSelected_val_calibrated_riskfirst_evt_pool_core_ramp_guard,4.399963889646585,11.238448992387212,2.6958204303217053,6.296296296296297,,0.48148148148148145,0.15168881462465145,15,C:\Users\13411\MyPython\project\ExtremeScene\results\method_pool_risk_target_selection_expanded_fast\cessnock_or_newarea\generated_samples_TargetSelected_val_calibrated_riskfirst_evt_pool_core_ramp_guard.npy,1.2472989419360223,0.0772240979411883,0.1342150716133281,0.982840746559327,0.25140359957558017,0.21133212479922267,0.8570154119328954,0.3355776062220389,0.13519585618448368,1.0290517001427482,0.22140176791293578,0.16024768419901148,0.181636882006305,17.99716179753452,0.2444420328346565,0.7736065439675741,0.01818535188776786,3.838626825809479,3.7221248453855527,0.34265734233385475,4.0,3.2600000000000016,10.933160591868207,5.289886209479981,2.640376099833736,2.21777982711792,2.2289401626586915,2.5555555555555554,0.3000000000000007,0.0,0.9629629629629629,,,,,,,,,TargetSelected_val_calibrated_riskfirst_evt_pool_core_ramp_guard,0.02746176964873437,0.2933332534526333,0.05350854785013531,0.2804878048780489
cessnock_or_newarea,TargetSelected_val_calibrated_rf_duration_pool_paper_weights,5.00791528560957,11.238448992387212,2.7338320474524087,6.185185185185185,,0.5925925925925926,0.15466571864464174,16,C:\Users\13411\MyPython\project\ExtremeScene\results\method_pool_risk_target_selection_expanded_fast\cessnock_or_newarea\generated_samples_TargetSelected_val_calibrated_rf_duration_pool_paper_weights.npy,1.2843338444890309,0.08379200991211146,0.14220956423588796,1.0534462888401186,0.29947059779553126,0.2225277049511418,0.9159321840852501,0.4067530950337893,0.1389724908598576,1.0845707724714666,0.26333856758047736,0.16790325334896247,0.17811879175273437,16.524882616165453,0.17736261627639568,4.101204235356349,0.02308298720341937,3.750045657157898,3.7221248453855527,0.3181818178814367,4.0,3.2600000000000016,11.168017392646092,5.097415039054567,2.6873903186232955,2.21777982711792,2.2289401626586915,2.5185185185185186,0.0,0.0,0.9259259259259259,,,,,,,,,TargetSelected_val_calibrated_rf_duration_pool_paper_weights,0.032117262683814575,0.2933332534526333,0.08178079180019537,0.2439024390243902
cessnock_or_newarea,TargetSelected_val_calibrated_rf_duration_pool_core_ramp_guard,5.00791528560957,11.238448992387212,2.7338320474524087,6.185185185185185,,0.5925925925925926,0.15466571864464174,16,C:\Users\13411\MyPython\project\ExtremeScene\results\method_pool_risk_target_selection_expanded_fast\cessnock_or_newarea\generated_samples_TargetSelected_val_calibrated_rf_duration_pool_core_ramp_guard.npy,1.2843338444890309,0.08379200991211146,0.14220956423588796,1.0534462888401186,0.29947059779553126,0.2225277049511418,0.9159321840852501,0.4067530950337893,0.1389724908598576,1.0845707724714666,0.26333856758047736,0.16790325334896247,0.17811879175273437,16.524882616165453,0.17736261627639568,4.101204235356349,0.02308298720341937,3.750045657157898,3.7221248453855527,0.3181818178814367,4.0,3.2600000000000016,11.168017392646092,5.097415039054567,2.6873903186232955,2.21777982711792,2.2289401626586915,2.5185185185185186,0.0,0.0,0.9259259259259259,,,,,,,,,TargetSelected_val_calibrated_rf_duration_pool_core_ramp_guard,0.032117262683814575,0.2933332534526333,0.08178079180019537,0.2439024390243902
cessnock_or_newarea,TargetSelected_empirical_riskfirst_evt_pool_core_ramp_guard,2.2427633575469486,11.238448992387212,2.7124505743526646,6.481481481481482,,0.5185185185185185,0.15897170328358046,18,C:\Users\13411\MyPython\project\ExtremeScene\results\method_pool_risk_target_selection_expanded_fast\cessnock_or_newarea\generated_samples_TargetSelected_empirical_riskfirst_evt_pool_core_ramp_guard.npy,1.2866898409623668,0.0796527147515215,0.15622581515214426,0.9837076415413157,0.25233793350652445,0.2213807221847913,0.8760788454348416,0.35652561141203004,0.15456039784751704,1.0488254426461747,0.22950541989002535,0.17738897839481751,0.19199719045301838,18.606457259825476,0.26119907546168925,1.1696822550760118,0.01658542092398773,3.838626825809479,3.7221248453855527,0.36013985979986773,5.0,5.0,10.262192470247543,5.289886209479981,2.759487849694711,2.6862192153930664,5.289258480072016,2.4814814814814814,0.3000000000000007,0.0,0.9259259259259259,,,,,,,,,TargetSelected_empirical_riskfirst_evt_pool_core_ramp_guard,0.010942633219162565,0.2933332534526333,0.06587770034767905,0.3414634146341465
cessnock_or_newarea,TargetSelected_empirical_rf_duration_pool_core_ramp_guard,2.2427633575469486,11.238448992387212,2.750462191483368,6.37037037037037,,0.5925925925925926,0.16055195939304667,19,C:\Users\13411\MyPython\project\ExtremeScene\results\method_pool_risk_target_selection_expanded_fast\cessnock_or_newarea\generated_samples_TargetSelected_empirical_rf_duration_pool_core_ramp_guard.npy,1.3237061704137196,0.08623363841694408,0.16422030777470406,1.0544849962956087,0.3014299769595391,0.23257630233671037,0.9346917342210626,0.4324862804181738,0.15833703252289097,1.1042943003101302,0.27338329859821897,0.18504454754476848,0.18847910019944777,17.134178078456408,0.19411965890342842,0.46819987511871375,0.02148305623963924,3.750045657157898,3.7221248453855527,0.33566433534744966,5.0,5.0,10.497049271025425,5.097415039054567,2.806502068484271,2.6862192153930664,5.289258480072016,2.4444444444444446,0.0,0.0,0.9259259259259259,,,,,,,,,TargetSelected_empirical_rf_duration_pool_core_ramp_guard,0.010942633219162565,0.2933332534526333,0.09414994429773911,0.30487804878048774
cessnock_or_newarea,TargetSelected_empirical_rf_duration_pool_global_q99,5.00791528560957,11.238448992387212,2.7187284666773244,6.444444444444445,,0.5555555555555556,0.16466216500578623,20,C:\Users\13411\MyPython\project\ExtremeScene\results\method_pool_risk_target_selection_expanded_fast\cessnock_or_newarea\generated_samples_TargetSelected_empirical_rf_duration_pool_global_q99.npy,1.3359478542834151,0.08732161004871154,0.16186099826437733,1.052642225984041,0.3006846561387244,0.23409906219611812,0.9404674334367242,0.42873334040889927,0.15772710160706374,1.1096858379013934,0.27224653553211176,0.18456238735585306,0.1911059879742516,16.959738626970772,0.19402647020272756,4.101204235356349,0.017394300668603317,3.1337252020835873,3.5092896360158914,0.34265734233385475,4.0,3.2600000000000016,10.91857001363763,5.289886209479981,2.6356010878527605,2.21777982711792,2.2289401626586915,2.5185185185185186,0.3000000000000007,0.0,0.9629629629629629,,,,,,,,,TargetSelected_empirical_rf_duration_pool_global_q99,0.032117262683814575,0.2933332534526333,0.07054706504965133,0.3292682926829269
cessnock_or_newarea,TargetSelected_empirical_all_method_pool_global_main,12.97515863936107,5.31130808881133,2.6444450312884764,7.37037037037037,,0.4074074074074074,0.16713786202588993,21,C:\Users\13411\MyPython\project\ExtremeScene\results\method_pool_risk_target_selection_expanded_fast\cessnock_or_newarea\generated_samples_TargetSelected_empirical_all_method_pool_global_main.npy,1.2384004958372548,0.07525556935544131,0.0494924696408743,0.5002420523692626,0.0741183604691911,0.15557434779420656,0.43704896686821915,0.1279084253309286,0.05550493672973361,0.725230505024912,0.09242745171852033,0.0868572513882715,0.06179068325488238,35.97956986992025,0.4574564512334265,0.33723114868467974,0.0031565783270954065,4.323998224735259,4.483016106486321,0.367132866786273,0.3000000000000007,2.2199999999999953,13.21912305814757,1.5036802178871937,1.8615623580084906,0.6342918872833252,1.096320524215697,2.7037037037037037,1.0,1.7399999999999984,0.8148148148148148,,,,,,,,,TargetSelected_empirical_all_method_pool_global_main,0.09312780758671252,0.1341780592029048,0.015296603077970174,0.6341463414634146
cessnock_or_newarea,TargetSelected_val_calibrated_riskfirst_evt_pool_paper_weights,4.399963889646585,11.238448992387212,2.760888021812274,6.444444444444445,,0.48148148148148145,0.17110486541542697,22,C:\Users\13411\MyPython\project\ExtremeScene\results\method_pool_risk_target_selection_expanded_fast\cessnock_or_newarea\generated_samples_TargetSelected_val_calibrated_riskfirst_evt_pool_paper_weights.npy,1.199080593056149,0.07252757249223868,0.13408070672947373,0.9230744729970172,0.21902377614818605,0.20772901059538862,0.8232409163159482,0.3079666616733559,0.13681294822386456,0.9817986607897048,0.19983933677126023,0.1595408885162423,0.17968972373280448,17.70570222078774,0.2524578492223886,0.7736065439675741,0.026569034510183488,3.5005279064178456,3.645530640482903,0.32867132836104446,4.0,3.2600000000000016,10.936928894971437,5.320409464616155,2.642536260463573,2.21777982711792,2.2289401626586915,2.5925925925925926,0.3000000000000007,0.0,0.9629629629629629,,,,,,,,,TargetSelected_val_calibrated_riskfirst_evt_pool_paper_weights,0.02746176964873437,0.2933332534526333,0.1019044583303105,0.3292682926829269
cessnock_or_newarea,enhanced_gan,3.9460165492884727,5.059530363711644,2.971851956472232,6.925925925925926,4.111111111111111,0.4814814814814814,0.1832953632107823,23,C:\Users\13411\MyPython\project\ExtremeScene\results\tailweighted_month_evt_copula\cessnock_or_newarea\generated_samples_enhanced_gan.npy,0.9862014913755188,0.0549581612036689,0.073816459923201,0.4314015471926397,0.0986652328186756,0.1584158770120492,0.3306254816735968,0.0623491273819331,0.0753371423414617,0.5827428400805852,0.0719908404680926,0.102523159758904,0.1330774901030065,28.85651813942477,0.5199613065833496,7.25751142155616,0.1909808608074704,0.4239851713180531,0.914750892519951,0.3881118877454886,1.3000000000000007,1.0,13.019917466305628,12.233081344098371,1.968299322658115,1.3407991409301765,1.417499675750732,2.2222222222222223,0.3000000000000007,0.7399999999999984,0.8148148148148148,0.7633129953486515,0.2159407636814425,0.1220329570970571,0.2600076223300249,13.34622073255692,5.609995122061335,1.972258109599352,5.0,enhanced_gan,0.023985589323524542,0.12741734043513944,0.2588150103034642,0.4878048780487804
cessnock_or_newarea,TargetSelected_empirical_all_method_pool_global_q99,12.97515863936107,9.858292645360741,2.8568882130504654,6.185185185185185,,0.5925925925925926,0.18473257117898084,24,C:\Users\13411\MyPython\project\ExtremeScene\results\method_pool_risk_target_selection_expanded_fast\cessnock_or_newarea\generated_samples_TargetSelected_empirical_all_method_pool_global_q99.npy,1.0205435998155257,0.04508699080958925,0.045630932226326436,0.5050175364119724,0.07929744384269112,0.1553790012292584,0.36644862565395075,0.0844202632935833,0.0705376994553925,0.6306699206271497,0.06960156598195456,0.09051587763699244,0.04056932148674849,32.27014646068687,0.41069249334461305,0.3327276494595566,0.02310420508287923,4.201351946592331,2.8067269843816796,0.25524475500378974,0.3000000000000007,1.4799999999999969,12.795888585677842,5.114811523041027,1.6918282685456452,1.4485946178436286,1.2542494678497311,2.6666666666666665,1.0,1.7399999999999984,0.8888888888888888,,,,,,,,,TargetSelected_empirical_all_method_pool_global_q99,0.09312780758671252,0.2562733868020072,0.1733073880348256,0.2439024390243902
cessnock_or_newarea,TargetSelected_empirical_targeted_expanded_pool_global_q99,1.4394037576420686,9.161968059652914,3.1171700363500148,5.925925925925926,,0.5185185185185185,0.1882153237075586,25,C:\Users\13411\MyPython\project\ExtremeScene\results\method_pool_risk_target_selection_expanded_fast\cessnock_or_newarea\generated_samples_TargetSelected_empirical_targeted_expanded_pool_global_q99.npy,0.9958685749352226,0.04245657470431089,0.043339193244905566,0.5133556666559842,0.07826812780748178,0.1366511593674987,0.3896599622767472,0.08077087808529544,0.06332786481744254,0.632961401289318,0.06716519353236271,0.0811060724766156,0.06073377021598245,31.76438480601148,0.42618388501279164,2.103975963914962,0.0625155753832479,2.271526831388474,2.2483886438608174,0.23076923055137152,0.3000000000000007,1.4799999999999969,13.420661895998755,5.233298663240639,1.8327723785682961,1.7228089809417728,2.1245698165893545,2.4814814814814814,0.6999999999999993,0.26000000000000156,0.9259259259259259,,,,,,,,,TargetSelected_empirical_targeted_expanded_pool_global_q99,0.0047907680423455315,0.23757572523092316,0.36689955168280003,0.15853658536585352
cessnock_or_newarea,TargetSelected_empirical_targeted_expanded_pool_paper_weights,2.8573491250318312,12.423500312048041,2.9721251797487236,5.888888888888889,,0.4444444444444444,0.18894670741145703,26,C:\Users\13411\MyPython\project\ExtremeScene\results\method_pool_risk_target_selection_expanded_fast\cessnock_or_newarea\generated_samples_TargetSelected_empirical_targeted_expanded_pool_paper_weights.npy,1.1343368316383518,0.049120018500519155,0.04601857636331222,0.6004121297566616,0.09580460301854883,0.1443348437889301,0.40895169007177146,0.0880990326100298,0.06713248692511205,0.7145668838222616,0.07767455137636593,0.08582863569245146,0.06647875113720031,29.406234643106117,0.49853425982109045,1.040558311657307,0.06943813639126876,3.1839478790760047,2.4605551332235347,0.29720279692222096,1.6999999999999993,0.5200000000000031,12.561801047777244,5.450679258196821,1.8091910150316026,2.0292816162109375,2.1977781295776353,2.5555555555555554,0.3000000000000007,0.7399999999999984,0.9259259259259259,,,,,,,,,TargetSelected_empirical_targeted_expanded_pool_paper_weights,0.01564893010240798,0.3251541728545541,0.259018228048693,0.14634146341463425
cessnock_or_newarea,TargetSelected_empirical_targeted_expanded_pool_duration_guard,2.8573491250318312,12.423500312048041,2.8253236175277614,6.444444444444445,,0.5185185185185185,0.18908875069004674,27,C:\Users\13411\MyPython\project\ExtremeScene\results\method_pool_risk_target_selection_expanded_fast\cessnock_or_newarea\generated_samples_TargetSelected_empirical_targeted_expanded_pool_duration_guard.npy,1.0217188206719763,0.04668178658587668,0.03624160474673159,0.5001070845575197,0.08145864723768954,0.14700422640905855,0.391447002373842,0.08603210010529594,0.06379935252478351,0.6377576358677793,0.07139084464295405,0.08234839456019122,0.0667235982787686,33.02811162980673,0.44937350721299835,1.040558311657307,0.019383423393772733,3.9817721068859093,3.7931949311494844,0.2727272724698028,0.3000000000000007,0.0,13.062219183169917,5.450679258196821,1.9085126099763092,1.7228089809417728,2.1245698165893545,2.5555555555555554,0.3000000000000007,0.7399999999999984,0.9259259259259259,,,,,,,,,TargetSelected_empirical_targeted_expanded_pool_duration_guard,0.01564893010240798,0.3251541728545541,0.1498303036020764,0.3292682926829269
cessnock_or_newarea,TargetSelected_empirical_targeted_expanded_pool_global_main,2.9447789666755284,12.427835504831052,2.680501611655388,7.074074074074074,,0.5555555555555556,0.19349319391816372,28,C:\Users\13411\MyPython\project\ExtremeScene\results\method_pool_risk_target_selection_expanded_fast\cessnock_or_newarea\generated_samples_TargetSelected_empirical_targeted_expanded_pool_global_main.npy,1.009854235030987,0.0626316123527647,0.05412275155892727,0.5215843430975198,0.08288078150331649,0.13201339269600623,0.4704538182495713,0.11992283295925882,0.06539292072616482,0.6672974654593594,0.08847840893844666,0.0838430216603661,0.0994878904113244,34.95490157747036,0.478453467626086,2.730152889507295,0.013605698904601232,3.9824966311454766,4.393307012915612,0.34615384582705744,1.6999999999999993,2.0,11.735537202207247,4.203888646061927,2.2710857038144714,1.7756329059600828,1.404575538635254,2.4074074074074074,0.0,1.4799999999999969,0.8148148148148148,,,,,,,,,TargetSelected_empirical_targeted_expanded_pool_global_main,0.0163184392466146,0.3252705811635035,0.042114731668318035,0.5365853658536587
cessnock_or_newarea,TargetSelected_empirical_all_method_pool_duration_guard,15.084387833123415,12.423500312048041,2.6938960314491176,6.555555555555555,,0.4074074074074074,0.19822748427187134,29,C:\Users\13411\MyPython\project\ExtremeScene\results\method_pool_risk_target_selection_expanded_fast\cessnock_or_newarea\generated_samples_TargetSelected_empirical_all_method_pool_duration_guard.npy,1.26142224093033,0.051474279066433246,0.026774443531429267,0.40657991284271344,0.07100969253046996,0.12555345436257245,0.35985394385492997,0.08475774066395544,0.06416562327701734,0.6759520325426577,0.06908057075361955,0.07216450705700635,0.06793454193866065,35.46962876511812,0.5588452656668444,8.173458837519007,0.025028085018876007,4.042240989208221,4.636288629174231,0.332167831854247,1.6999999999999993,1.2600000000000016,12.85357581607243,5.114811523041027,1.8059670483624493,1.4485946178436286,1.2542494678497311,2.4074074074074074,0.3000000000000007,0.7399999999999984,0.8888888888888888,,,,,,,,,TargetSelected_empirical_all_method_pool_duration_guard,0.10927959519038191,0.3251541728545541,0.05207722031161098,0.3658536585365853
cessnock_or_newarea,TargetSelected_empirical_ganfix_model_pool_duration_guard,20.121773665094423,5.752966773129444,2.6561593186666466,7.592592592592593,,0.5555555555555556,0.2002674314667729,30,C:\Users\13411\MyPython\project\ExtremeScene\results\method_pool_risk_target_selection_expanded_fast\cessnock_or_newarea\generated_samples_TargetSelected_empirical_ganfix_model_pool_duration_guard.npy,1.2822021508413084,0.06159969955697948,0.047785003149122686,0.5143838764963647,0.07833728353567734,0.13063564381138573,0.5432820711127828,0.15064251184875885,0.10261324871216486,0.7799560328168186,0.09685983164713856,0.09367796522422443,0.11072191635111563,34.016976305774996,0.5065745532617913,17.50649577499216,0.026575396080451022,3.053536438941956,2.5824637812376032,0.36013985979986773,3.3000000000000007,2.2600000000000016,13.445151877504372,3.3315951419680303,1.9664874076843262,1.4485946178436286,1.2542494678497311,2.6296296296296298,0.0,0.7399999999999984,0.8148148148148148,,,,,,,,,TargetSelected_empirical_ganfix_model_pool_duration_guard,0.1478542490385007,0.14603744888812742,0.024009444452698793,0.7073170731707318
cessnock_or_newarea,TargetSelected_empirical_targeted_expanded_pool_core_ramp_guard,2.8573491250318312,12.423500312048041,2.940892373481162,6.2592592592592595,,0.4444444444444444,0.20143181370319344,31,C:\Users\13411\MyPython\project\ExtremeScene\results\method_pool_risk_target_selection_expanded_fast\cessnock_or_newarea\generated_samples_TargetSelected_empirical_targeted_expanded_pool_core_ramp_guard.npy,1.0750348823060714,0.04683554500045505,0.04953487443727067,0.6004145528817009,0.09566745622639061,0.1600917959390209,0.43505665824038703,0.09087437946379082,0.06866106351379007,0.7035020311427198,0.07779246023021216,0.09276257796336056,0.07620321228150867,29.182496046669897,0.4873159327306411,1.7986408551359574,0.06260898200898832,3.1839478790760047,2.4605551332235347,0.29020978993581575,1.6999999999999993,0.5200000000000031,12.8241265465701,5.450679258196821,1.8972776024429887,2.0292816162109375,2.1977781295776353,2.5555555555555554,0.3000000000000007,0.7399999999999984,0.8888888888888888,,,,,,,,,TargetSelected_empirical_targeted_expanded_pool_core_ramp_guard,0.01564893010240798,0.3251541728545541,0.23578792150832167,0.26829268292682934
cessnock_or_newarea,TargetSelected_empirical_all_method_pool_paper_weights,15.084387833123415,12.423500312048041,2.9316953006308286,5.851851851851852,,0.4444444444444444,0.20768891451518384,32,C:\Users\13411\MyPython\project\ExtremeScene\results\method_pool_risk_target_selection_expanded_fast\cessnock_or_newarea\generated_samples_TargetSelected_empirical_all_method_pool_paper_weights.npy,1.244904507825404,0.05227438224586954,0.038272617206307764,0.5135651241377183,0.07594337234140154,0.13819941446284598,0.3803148333878468,0.08750396186558472,0.06124996348995224,0.7129281551169896,0.07190723881761861,0.07924066505303533,0.07182048934265463,31.740476538365826,0.5627313421259547,8.173458837519007,0.06194001210139336,3.9817721068859093,2.7562648993730576,0.29370629342901844,1.6999999999999993,0.5200000000000031,12.64529147180918,5.114811523041027,1.7322407298617892,1.7228089809417728,1.557401809692383,2.4814814814814814,0.3000000000000007,0.7399999999999984,0.8518518518518519,,,,,,,,,TargetSelected_empirical_all_method_pool_paper_weights,0.10927959519038191,0.3251541728545541,0.2289473315287634,0.13414634146341467
cessnock_or_newarea,TargetSelected_empirical_all_method_pool_core_ramp_guard,15.084387833123415,12.423500312048041,2.8831036217377037,6.037037037037037,,0.4444444444444444,0.20779988795620155,33,C:\Users\13411\MyPython\project\ExtremeScene\results\method_pool_risk_target_selection_expanded_fast\cessnock_or_newarea\generated_samples_TargetSelected_empirical_all_method_pool_core_ramp_guard.npy,1.1832313880998901,0.04649120491348309,0.044759190132838876,0.5181657122626844,0.07795745180301533,0.13827219270707206,0.40175508913000657,0.08743428368610039,0.06442395437919124,0.7010507298308605,0.07062764680086626,0.0824851124063674,0.07036872177551332,30.982667766395092,0.5368248427920937,8.173458837519007,0.057347474680672555,3.9817721068859093,2.7562648993730576,0.2692307689766002,1.6999999999999993,0.5200000000000031,13.183934073193862,5.114811523041027,1.6869910558064778,1.7228089809417728,1.557401809692383,2.5555555555555554,0.3000000000000007,0.7399999999999984,0.8518518518518519,,,,,,,,,TargetSelected_empirical_all_method_pool_core_ramp_guard,0.10927959519038191,0.3251541728545541,0.19280585943917572,0.19512195121951223
cessnock_or_newarea,TargetSelected_empirical_riskfirst_evt_pool_global_main,8.675193189673706,11.238448992387212,2.8590522028749144,6.62962962962963,,0.4074074074074074,0.20832581436002595,34,C:\Users\13411\MyPython\project\ExtremeScene\results\method_pool_risk_target_selection_expanded_fast\cessnock_or_newarea\generated_samples_TargetSelected_empirical_riskfirst_evt_pool_global_main.npy,1.0108830440682146,0.06779801883818665,0.16384611738606253,0.9077095556569155,0.20897917311552605,0.19074243486378864,0.8141988211787234,0.28876901666710536,0.1775877465498934,0.9109304736346179,0.18851540287360602,0.17739209959991487,0.1711560294922473,23.690999192308347,0.010787012771829387,19.01766786492486,0.022552854955238066,4.009088256955147,4.399012841582298,0.2342657340445742,2.6999999999999993,3.0,11.464038429071739,5.097415039054567,2.6395068610156023,2.6024476051330563,2.596954612731933,2.814814814814815,0.0,0.0,0.9259259259259259,,,,,,,,,TargetSelected_empirical_riskfirst_evt_pool_global_main,0.06020007794412136,0.2933332534526333,0.1749169183005835,0.39024390243902446
cessnock_or_newarea,TargetSelected_empirical_riskfirst_evt_pool_q99_guard,14.895801329445277,11.89050087989942,2.642027147901158,7.222222222222222,,0.5555555555555556,0.21678270673502947,35,C:\Users\13411\MyPython\project\ExtremeScene\results\method_pool_risk_target_selection_expanded_fast\cessnock_or_newarea\generated_samples_TargetSelected_empirical_riskfirst_evt_pool_q99_guard.npy,1.198102670687216,0.07278059805053877,0.16674024515070374,0.8956883415497335,0.20767672033501514,0.2099427035800354,0.8410035297412324,0.3099653547287985,0.17113942528848827,0.9782648473260607,0.19680755770478411,0.18260745800640912,0.1928804338939241,21.084634168142514,0.23216069453649507,0.7736065439675741,0.00972830152676193,3.456632983684539,3.645530640482903,0.332167831854247,5.0,7.219999999999995,10.464409499282294,5.320409464616155,2.67168637558266,2.7475987434387203,3.450916957855222,2.5185185185185186,0.3000000000000007,0.0,0.9629629629629629,,,,,,,,,TargetSelected_empirical_riskfirst_evt_pool_q99_guard,0.10783546139907278,0.3108421074694659,0.013498232102749435,0.5853658536585367
cessnock_or_newarea,TargetSelected_val_calibrated_riskfirst_evt_pool_global_q99,20.422367492172853,2.8378528295629124,3.08555094672893,6.777777777777778,,0.5185185185185185,0.21707427275740612,36,C:\Users\13411\MyPython\project\ExtremeScene\results\method_pool_risk_target_selection_expanded_fast\cessnock_or_newarea\generated_samples_TargetSelected_val_calibrated_riskfirst_evt_pool_global_q99.npy,1.3450521144847323,0.08143088829358983,0.13559840263964393,0.9046130309849076,0.20592869276271245,0.20146991791777127,0.7841652775040615,0.286831992502978,0.13756825470181744,1.0112768076579004,0.19139719118642673,0.15821219175307755,0.17079490032425088,22.92542685386331,0.39268412455999413,9.636760758473656,0.06032712615962655,3.013566005229949,1.9133022075891528,0.40209790171829896,6.699999999999999,7.739999999999998,10.899745696027711,0.7994673338574998,2.9412441341965287,2.6862192153930664,5.289258480072016,2.5185185185185186,0.3000000000000007,0.7399999999999984,0.8888888888888888,,,,,,,,,TargetSelected_val_calibrated_riskfirst_evt_pool_global_q99,0.15015609829428717,0.06776100270671204,0.34338193568208397,0.43902439024390244
cessnock_or_newarea,TargetSelected_val_calibrated_riskfirst_evt_pool_q99_guard,14.895801329445277,11.89050087989942,2.6927951325563266,7.185185185185185,,0.5555555555555556,0.2243934791152311,37,C:\Users\13411\MyPython\project\ExtremeScene\results\method_pool_risk_target_selection_expanded_fast\cessnock_or_newarea\generated_samples_TargetSelected_val_calibrated_riskfirst_evt_pool_q99_guard.npy,1.2003613889462665,0.07230119307419408,0.15420674808816134,0.8922871596016957,0.20566061716753392,0.20116819963546387,0.8340249461232763,0.2995364356958223,0.16038874677626636,0.9755578315570794,0.19249941531251677,0.17192123149996386,0.18648991216942418,21.1854060745077,0.23493215638887727,0.7736065439675741,0.02001219492568327,3.456632983684539,3.645530640482903,0.32867132836104446,5.0,7.219999999999995,10.629348405944947,5.320409464616155,2.723231324443111,2.7475987434387203,3.450916957855222,2.5555555555555554,0.3000000000000007,0.0,0.9629629629629629,,,,,,,,,TargetSelected_val_calibrated_riskfirst_evt_pool_q99_guard,0.10783546139907278,0.3108421074694659,0.05125839479428784,0.5731707317073171
cessnock_or_newarea,TargetSelected_empirical_ganfix_model_pool_paper_weights,20.121773665094423,13.12745379942546,2.71294963962821,6.666666666666667,,0.5925925925925926,0.22450135758552273,38,C:\Users\13411\MyPython\project\ExtremeScene\results\method_pool_risk_target_selection_expanded_fast\cessnock_or_newarea\generated_samples_TargetSelected_empirical_ganfix_model_pool_paper_weights.npy,1.3839628264737227,0.06765036312011108,0.08111793597696343,0.6069899155089593,0.09888041664709818,0.1632885790690504,0.5711224808800168,0.1555672595170132,0.12011399203355548,0.8540250742875664,0.10736601309474081,0.12150683569318976,0.11220822531309575,28.969899928038476,0.46734085964754335,19.273699746882997,0.011254945816561598,2.1120299935340885,2.131726951003074,0.29370629342901844,3.6999999999999993,2.520000000000003,12.881140794494131,6.732197714892919,2.005721648534139,1.7228089809417728,1.557401809692383,2.6666666666666665,0.0,0.7399999999999984,0.8518518518518519,,,,,,,,,TargetSelected_empirical_ganfix_model_pool_paper_weights,0.1478542490385007,0.34405668518705723,0.066248894637275,0.40243902439024404
cessnock_or_newarea,TargetSelected_empirical_rf_duration_pool_q99_guard,14.287849933482292,11.89050087989942,2.816708365483296,6.777777777777778,,0.5925925925925926,0.22591589622179517,39,C:\Users\13411\MyPython\project\ExtremeScene\results\method_pool_risk_target_selection_expanded_fast\cessnock_or_newarea\generated_samples_TargetSelected_empirical_rf_duration_pool_q99_guard.npy,1.5079187696853291,0.09790424316399628,0.1939350019109087,1.0505796066383721,0.3002166143982455,0.24740502251889898,0.9868598628267954,0.4509296980735335,0.1854902847890457,1.1817860797168322,0.28301685187859177,0.20894343640628446,0.2096724313996952,17.355161008931386,0.28020729980206954,3.2948579211325324,0.04128197735322701,3.0580490112304677,2.912881135344506,0.4230769226775147,6.0,7.479999999999997,11.056890687932151,5.097415039054567,3.0960186234226934,3.8770939826965325,5.319352912902829,2.4444444444444446,0.3000000000000007,0.7399999999999984,1.0,,,,,,,,,TargetSelected_empirical_rf_duration_pool_q99_guard,0.10317996836399258,0.3108421074694659,0.14342245974068904,0.43902439024390244
cessnock_or_newarea,TargetSelected_empirical_ganfix_model_pool_global_q99,12.769009878829138,9.029014118292807,2.855668820123861,7.185185185185185,,0.48148148148148145,0.22674216981899153,40,C:\Users\13411\MyPython\project\ExtremeScene\results\method_pool_risk_target_selection_expanded_fast\cessnock_or_newarea\generated_samples_TargetSelected_empirical_ganfix_model_pool_global_q99.npy,1.0204662266091553,0.06330385303341937,0.08897534666830581,0.6200222222305081,0.10305162788010191,0.15019297064156695,0.5260683796961246,0.14295021978638783,0.11311528625863837,0.7221856095119293,0.10310190023330305,0.11742786785617038,0.1005419151219692,28.485089864125793,0.26201735113365726,1.7923820164268136,0.009888774468743493,3.053536438941956,2.4814293450117137,0.2587412584969925,3.0,3.0,12.564487902918236,1.4790691227453365,1.8237904530984383,1.238432836532593,1.2377742004394534,3.037037037037037,0.3000000000000007,1.4799999999999969,0.8518518518518519,,,,,,,,,TargetSelected_empirical_ganfix_model_pool_global_q99,0.09154918777397793,0.23400565481962776,0.1724004291392491,0.5731707317073171
cessnock_or_newarea,TargetSelected_val_calibrated_rf_duration_pool_q99_guard,14.287849933482292,11.89050087989942,2.867476350138464,6.7407407407407405,,0.5925925925925926,0.23352666860199678,41,C:\Users\13411\MyPython\project\ExtremeScene\results\method_pool_risk_target_selection_expanded_fast\cessnock_or_newarea\generated_samples_TargetSelected_val_calibrated_rf_duration_pool_q99_guard.npy,1.5101774879443788,0.09733357088554884,0.18140150484836634,1.0471918462827325,0.2980411896451264,0.2386305185743275,0.9800579392814955,0.4350470535799031,0.1747396062768238,1.179142424502869,0.2768072713701928,0.19825720989983922,0.20328190967519533,17.45593291529657,0.2829787616544515,3.2948579211325324,0.051565870752148454,3.0580490112304677,2.912881135344506,0.419580419184312,6.0,7.479999999999997,11.221829594594807,5.097415039054567,3.1475635722831443,3.8770939826965325,5.319352912902829,2.4814814814814814,0.3000000000000007,0.7399999999999984,1.0,,,,,,,,,TargetSelected_val_calibrated_rf_duration_pool_q99_guard,0.10317996836399258,0.3108421074694659,0.18118262243222713,0.42682926829268286
cessnock_or_newarea,ganfix_Conditional_Transformer_Risk_Generator,40.20366935925601,5.2370488001022935,2.879880185991405,6.666666666666667,,0.3333333333333333,0.23811360593854622,42,C:\Users\13411\MyPython\project\ExtremeScene\results\model_pool_experiments_new_machine_margin_formal50_ganfix\cessnock_or_newarea\generated_samples_Conditional_Transformer_Risk_Generator.npy,1.2372304640189116,0.055389514837774635,0.01792800820787809,0.18072634876994711,0.052815171452208536,0.08675548558763306,0.14160265237736852,0.09222433488230716,0.01385815350258677,0.5198531550554091,0.06680967372409678,0.03951388243269931,0.09446212828013294,46.9893465980205,0.5732502407402004,21.39677946522538,0.13360979896161562,2.113816559314728,1.766367017626763,0.23776223753777675,1.0,1.0,17.598135915669886,1.3859165152672617,1.8081098397572835,1.0034368515014647,1.203546848297119,2.5925925925925926,0.6999999999999993,1.0,0.7037037037037037,,,,,,,,,ganfix_Conditional_Transformer_Risk_Generator,0.30163484096770926,0.1321840537099355,0.19040833550686476,0.40243902439024404
cessnock_or_newarea,TargetSelected_empirical_targeted_expanded_pool_q99_guard,2.8573491250318312,12.423500312048041,3.0949197195888565,6.444444444444445,,0.5185185185185185,0.23921873292184662,43,C:\Users\13411\MyPython\project\ExtremeScene\results\method_pool_risk_target_selection_expanded_fast\cessnock_or_newarea\generated_samples_TargetSelected_empirical_targeted_expanded_pool_q99_guard.npy,0.9810896282823979,0.04550212287871203,0.04630298660774934,0.5653304841225728,0.08980533049257343,0.16018839288742984,0.4256786270701691,0.0950291055709994,0.07584671961003835,0.6573662464917133,0.07677885298076163,0.09411269970173917,0.07456338055396565,32.25047130469766,0.4390872699640676,1.040558311657307,0.05361658181698506,3.1839478790760047,2.4605551332235347,0.2587412584969925,0.3000000000000007,0.0,12.365686635394498,5.450679258196821,1.866385406917996,1.7228089809417728,2.1245698165893545,2.4814814814814814,0.3000000000000007,0.7399999999999984,0.9259259259259259,,,,,,,,,TargetSelected_empirical_targeted_expanded_pool_q99_guard,0.01564893010240798,0.3251541728545541,0.35035023252927583,0.3292682926829269
cessnock_or_newarea,TargetSelected_empirical_ganfix_model_pool_core_ramp_guard,20.121773665094423,13.12745379942546,2.7576274711367055,6.814814814814815,,0.5555555555555556,0.24012603936985621,44,C:\Users\13411\MyPython\project\ExtremeScene\results\method_pool_risk_target_selection_expanded_fast\cessnock_or_newarea\generated_samples_TargetSelected_empirical_ganfix_model_pool_core_ramp_guard.npy,1.3751471489054676,0.06830491080537372,0.08254175341464474,0.6172737105448749,0.10111588378220049,0.1533385391077649,0.5436304537663581,0.13641458794674502,0.12049352773038513,0.8453504377389002,0.10194512751143973,0.11879127341759826,0.10820645469883908,28.854085188580964,0.464155684890733,19.273699746882997,0.025295743579233965,2.1120299935340885,2.131726951003074,0.28671328644261324,3.6999999999999993,2.520000000000003,13.281517290985741,6.732197714892919,1.88594001310843,1.7228089809417728,1.557401809692383,2.6666666666666665,0.0,0.7399999999999984,0.8888888888888888,,,,,,,,,TargetSelected_empirical_ganfix_model_pool_core_ramp_guard,0.1478542490385007,0.34405668518705723,0.09947932909168222,0.451219512195122
cessnock_or_newarea,TargetSelected_empirical_riskfirst_evt_pool_global_q99,7.382508238151686,11.238448992387212,2.97980781689788,7.0,,0.4444444444444444,0.24610268321338258,45,C:\Users\13411\MyPython\project\ExtremeScene\results\method_pool_risk_target_selection_expanded_fast\cessnock_or_newarea\generated_samples_TargetSelected_empirical_riskfirst_evt_pool_global_q99.npy,1.00103109780653,0.06466618516186494,0.16571682581871647,0.934616526376657,0.2255547601969002,0.20354204207637108,0.8552437772979097,0.3228862784083337,0.1752113330679811,0.9302971338270322,0.20436907458903297,0.18149006698768955,0.17410498107369796,22.925072047824997,0.045576939508088984,12.240129413246692,0.022962338904017256,3.1337252020835873,3.5092896360158914,0.25524475500378974,3.3000000000000007,3.0,11.545130828884101,5.289886209479981,2.462268078768695,2.021757268905639,2.2289401626586915,2.7777777777777777,0.3000000000000007,0.0,0.9259259259259259,,,,,,,,,TargetSelected_empirical_riskfirst_evt_pool_global_q99,0.0503011191978696,0.2933332534526333,0.26473241250219526,0.5121951219512195
cessnock_or_newarea,targeted_seed45_Conditional_NormalizingFlow_Risk_Generator,3.4738967714071407,11.70949143547076,3.1937439226032303,6.37037037037037,,0.4074074074074074,0.24960067935211194,46,C:\Users\13411\MyPython\project\ExtremeScene\results\targeted_expanded_pool_multiseed\seed45\expanded_pool\cessnock_or_newarea\generated_samples_Conditional_NormalizingFlow_Risk_Generator.npy,0.9506453278133408,0.059929358368932005,0.03639887836470417,0.5512565643513259,0.08158927156475015,0.09343980939799425,0.39229950346359255,0.15901432427256149,0.049304898259869716,0.6314004652094197,0.10017765140208122,0.05971452867418938,0.09436598235612997,30.360230486151227,0.23325714099180883,0.46670312934273284,0.03768001874724328,2.741746950149535,1.2817419308424043,0.29370629342901844,0.3000000000000007,1.4799999999999969,12.323590037905111,5.6394481218748,3.2486293845706515,4.370972347259521,4.209364795684815,2.185185185185185,0.3000000000000007,0.7399999999999984,0.8518518518518519,,,,,,,,,targeted_seed45_Conditional_NormalizingFlow_Risk_Generator,0.020370250412806788,0.30598165387847764,0.4238536029906138,0.30487804878048774
cessnock_or_newarea,TargetSelected_empirical_ganfix_model_pool_q99_guard,20.121773665094423,13.12745379942546,2.7587347311696417,7.037037037037037,,0.6296296296296297,0.251307538325956,47,C:\Users\13411\MyPython\project\ExtremeScene\results\method_pool_risk_target_selection_expanded_fast\cessnock_or_newarea\generated_samples_TargetSelected_empirical_ganfix_model_pool_q99_guard.npy,1.4767421307387179,0.06976799696086847,0.06220024946152015,0.5429147783461864,0.0869871480784475,0.13183807399807504,0.5452343013855978,0.13895003790856406,0.1191403895980845,0.8549637368235006,0.09856839431596003,0.10439290435255989,0.11372977608535899,29.33898016659902,0.5236987145160833,19.273699746882997,0.02610158212100777,2.085126578807831,2.131726951003074,0.37762237726588094,4.0,2.520000000000003,11.372529421981161,7.132653385779285,2.264346634900128,1.7756329059600828,1.557401809692383,2.3703703703703702,0.6999999999999993,0.4799999999999969,0.8148148148148148,,,,,,,,,TargetSelected_empirical_ganfix_model_pool_q99_guard,0.1478542490385007,0.34405668518705723,0.10030288589169113,0.5243902439024392
cessnock_or_newarea,TargetSelected_empirical_all_method_pool_q99_guard,15.084387833123415,12.423500312048041,2.9915424347618007,6.555555555555555,,0.4074074074074074,0.2535732730104733,48,C:\Users\13411\MyPython\project\ExtremeScene\results\method_pool_risk_target_selection_expanded_fast\cessnock_or_newarea\generated_samples_TargetSelected_empirical_all_method_pool_q99_guard.npy,1.2039278416967196,0.04847610815389019,0.026572411968105846,0.4459745746882072,0.06757509419610135,0.12310483364806102,0.3845108374522402,0.08616008357443347,0.06861865883802364,0.6781377512790557,0.06740376197480834,0.07276530148473016,0.06553660872312159,34.650959278965175,0.5513135632616971,8.173458837519007,0.0556470813412743,3.9817721068859093,2.7562648993730576,0.3181818178814367,1.6999999999999993,1.2600000000000016,12.157431201816163,5.114811523041027,1.7537779189922191,1.4485946178436286,1.2542494678497311,2.3333333333333335,0.3000000000000007,0.7399999999999984,0.8888888888888888,,,,,,,,,TargetSelected_empirical_all_method_pool_q99_guard,0.10927959519038191,0.3251541728545541,0.2734603752660188,0.3658536585365853
cessnock_or_newarea,TargetSelected_val_calibrated_targeted_expanded_pool_q99_guard,52.49935159013755,2.09047235384584,2.815268174324754,7.296296296296297,,0.2962962962962963,0.2600962978144157,49,C:\Users\13411\MyPython\project\ExtremeScene\results\method_pool_risk_target_selection_expanded_fast\cessnock_or_newarea\generated_samples_TargetSelected_val_calibrated_targeted_expanded_pool_q99_guard.npy,1.2563800774974585,0.05028722814702782,0.027277661424630357,0.523368990910533,0.07788927820317747,0.12434537715860781,0.411191495120665,0.0897396787781521,0.0641262546955781,0.7303135211762188,0.07263872837611912,0.07191643109293876,0.04238087951143208,46.00688589488486,0.7940485677232972,34.862160441642644,0.07605415378103843,2.5931175649166107,2.3629931133985522,0.3531468528134627,3.6999999999999993,9.919999999999987,18.345014986708488,6.5840318887963605,2.0964706297273987,1.4134775638580326,1.2542494678497311,2.740740740740741,0.3000000000000007,0.7399999999999984,0.6666666666666666,,,,,,,,,TargetSelected_val_calibrated_targeted_expanded_pool_q99_guard,0.3957911557118466,0.04769239176489316,0.1423512757489896,0.6097560975609758
cessnock_or_newarea,RiskFirst_TCN_Empirical,17.52891677363678,12.783644197728025,2.875847974820149,7.592592592592593,2.851851851851852,0.7407407407407407,0.2917969956813631,50,C:\Users\13411\MyPython\project\ExtremeScene\results\duration_aware_riskfirst\formal\cessnock_or_newarea\generated_samples_RiskFirst_TCN_Empirical.npy,1.910655656714498,0.1446128596323837,0.3193398209474465,1.0260332045342653,0.2960035467329553,0.2553224409419667,1.1533876277981594,0.5963452059215932,0.3276983914985971,1.3633588296823076,0.3456538707623107,0.3007868844626701,0.2911372704079594,19.857321968660177,0.3732652446882076,9.636760758473656,0.0413640744703448,2.948546671867369,2.924685606360436,0.576923076378429,9.4,8.520000000000003,10.049476523059118,9.661291457471318,2.950106770903976,5.721513938903808,6.185915260314941,2.703703703703704,0.3000000000000007,0.7399999999999984,0.925925925925926,1.5833396334125645,0.4421098594527482,0.2936211190500828,0.3018030898228868,12.53405156012111,19.836357204250064,1.9523434303700924,10.0,RiskFirst_TCN_Empirical,0.12799899863641803,0.3348247325756279,0.18740926136855804,0.7073170731707318
cessnock_or_newarea,TargetSelected_val_calibrated_all_method_pool_q99_guard,52.49935159013755,2.590703379584575,2.9907488502428383,7.555555555555555,,0.2962962962962963,0.3095605389534605,51,C:\Users\13411\MyPython\project\ExtremeScene\results\method_pool_risk_target_selection_expanded_fast\cessnock_or_newarea\generated_samples_TargetSelected_val_calibrated_all_method_pool_q99_guard.npy,1.3943992173720776,0.05569953615878204,0.02675168124616323,0.5186162820844799,0.07822813797516585,0.12483175852094004,0.4125585931076545,0.0898577363692311,0.0719393762704164,0.7751913641880707,0.074595136834393,0.07450760534583989,0.04394153089533828,46.97073024743967,0.812315514445842,37.10095623867309,0.0986640930697459,1.5810353279113762,1.619253340959549,0.384615384252286,4.0,9.919999999999987,18.82832429422894,8.133152064768524,2.1505767416071007,1.7228089809417728,2.648655796051024,2.8518518518518516,0.3000000000000007,0.7399999999999984,0.6666666666666666,,,,,,,,,TargetSelected_val_calibrated_all_method_pool_q99_guard,0.3957911557118466,0.06112456207539775,0.2728701237374414,0.6951219512195123
cessnock_or_newarea,ganfix_TransformerVAE_Augmented_TailWeighted_Copula,57.62075136424831,2.227846615421363,3.0381783616353966,8.037037037037036,,0.4444444444444444,0.3510026756438692,52,C:\Users\13411\MyPython\project\ExtremeScene\results\model_pool_experiments_new_machine_margin_formal50_ganfix\cessnock_or_newarea\generated_samples_TransformerVAE_Augmented_TailWeighted_Copula.npy,1.6048291644441735,0.07485840579797993,0.017982955108638128,0.24077744848523538,0.0558341051418241,0.035756497242095876,0.34286126074022105,0.04223705934311553,0.08084761087197292,0.72948929122321,0.057643190094306525,0.04486235440756897,0.025450644705920976,49.95576281202297,0.8288344179414747,40.80362542753441,0.0384445818917688,1.0344011217355735,0.9745596897602091,0.44405594363673023,3.0,2.2600000000000016,16.36928608591906,6.028287661360508,2.052577782560278,3.382594966888428,3.0863442993164067,2.6666666666666665,1.0,1.7399999999999984,0.6666666666666666,,,,,,,,,ganfix_TransformerVAE_Augmented_TailWeighted_Copula,0.4350091608625176,0.05138115632130431,0.3081472000036714,0.8536585365853657
cessnock_or_newarea,TargetSelected_val_calibrated_all_method_pool_paper_weights,63.13212332209294,2.227846615421363,3.2135543364759847,7.333333333333333,,0.25925925925925924,0.36151810685586294,53,C:\Users\13411\MyPython\project\ExtremeScene\results\method_pool_risk_target_selection_expanded_fast\cessnock_or_newarea\generated_samples_TargetSelected_val_calibrated_all_method_pool_paper_weights.npy,1.6606799942966353,0.07038202799115084,0.02483602907491751,0.536133864386839,0.08586722947536245,0.1356994604191486,0.3995419372921724,0.0808414916383362,0.07271782853690882,0.8654519319918822,0.0790302497016165,0.07775110601032498,0.051090087450268974,46.273191215189236,0.9436273025958999,56.129232405589974,0.1396561783947547,1.4461180865764618,1.619253340959549,0.4055944052115017,3.0,9.659999999999986,19.21614363583281,8.133152064768524,2.291595538457235,2.784701347351074,2.9710735893249502,2.814814814814815,0.3000000000000007,0.7399999999999984,0.7037037037037037,,,,,,,,,TargetSelected_val_calibrated_all_method_pool_paper_weights,0.47721344550412115,0.05138115632130431,0.4385881735256244,0.6219512195121951
cessnock_or_newarea,TargetSelected_val_calibrated_ganfix_model_pool_q99_guard,51.67494253155725,0.31434731217415646,3.4630914258326544,7.592592592592593,,0.25925925925925924,0.37898814850384765,54,C:\Users\13411\MyPython\project\ExtremeScene\results\method_pool_risk_target_selection_expanded_fast\cessnock_or_newarea\generated_samples_TargetSelected_val_calibrated_ganfix_model_pool_q99_guard.npy,1.8041697367719172,0.07824929543491818,0.02452447866795396,0.498227596982978,0.08512693415582086,0.09443679559397962,0.40579589828433127,0.09428161506537898,0.07718133952810666,0.9027310773464089,0.085885948218706,0.06538087126334674,0.08354885524927058,44.003379140594106,0.8911401010484123,34.88139338864919,0.15160590785871436,1.4461180865764618,1.619253340959549,0.437062936650325,4.300000000000001,9.919999999999987,17.418407558130838,4.3327764339978,2.4072212554790355,2.659004878997802,2.924386329650879,2.7777777777777777,0.6999999999999993,0.4799999999999969,0.7037037037037037,,,,,,,,,TargetSelected_val_calibrated_ganfix_model_pool_q99_guard,0.3894781006621115,0.0,0.6241886293184176,0.7073170731707318
cessnock_or_newarea,extreme_conditioned_gaussian_copula,44.106785998569976,7.133056558943451,3.437528368606662,7.148148148148148,3.555555555555556,0.5555555555555556,0.38982593039785374,55,C:\Users\13411\MyPython\project\ExtremeScene\results\evt_copula\cessnock_or_newarea\generated_samples_evt_copula.npy,0.7999250405609852,0.0424929613557946,0.0313749902523953,0.303757607015687,0.0527662883036977,0.049548473904651,0.3440921165287656,0.0341358732567194,0.0849509026532482,0.4825915880351459,0.0431317076387373,0.0552914556034315,0.0471165070230137,38.346554474127,0.3900540655627046,41.12588801126927,0.0202356686600212,1.6626278400421146,1.562891591191292,0.1433566432213065,4.399999999999999,3.520000000000003,10.421220212532113,1.7522621329194266,1.9499140403888844,1.0193631172180178,1.1853849220275876,2.074074074074074,0.3000000000000007,0.7399999999999984,0.8148148148148148,0.6413660249783316,0.1900609045032592,0.0723335711717646,0.2039886444688124,33.73738708107379,11.009120027589615,1.7214740850031376,5.5,extreme_conditioned_gaussian_copula,0.3315236321607114,0.18309552824149308,0.6051753632551111,0.5609756097560975
cessnock_or_newarea,targeted_seed47_Conditional_Transformer_Risk_Generator,81.34435644781298,10.042362077002593,2.950572352125568,6.777777777777778,,0.3333333333333333,0.38996841411777833,56,C:\Users\13411\MyPython\project\ExtremeScene\results\targeted_expanded_pool_multiseed\seed47\expanded_pool\cessnock_or_newarea\generated_samples_Conditional_Transformer_Risk_Generator.npy,1.3114497202904625,0.05358419116794127,0.024998456599963314,0.37940142174801006,0.04773321056904743,0.0578707038889777,0.24640185377510732,0.12528371514131065,0.017350039399917905,0.6457509986045266,0.07553370562609978,0.03340639996295297,0.09248064360620006,51.118640680212636,0.7804844439630757,40.611892287325446,0.0002838391223416606,2.3103681206703186,2.749426941275596,0.28321678294941066,0.3000000000000007,2.9599999999999937,17.534793975130125,9.263186168991638,1.8088877819202565,0.6597292900085447,0.8314805030822754,2.4074074074074074,0.3000000000000007,1.4799999999999969,0.7037037037037037,,,,,,,,,targeted_seed47_Conditional_Transformer_Risk_Generator,0.6166767727257746,0.26121600696659986,0.2429876866939224,0.43902439024390244
cessnock_or_newarea,TargetSelected_val_calibrated_ganfix_model_pool_core_ramp_guard,63.13212332209294,2.227846615421363,3.2447989036229923,7.925925925925926,,0.25925925925925924,0.3965961630477771,57,C:\Users\13411\MyPython\project\ExtremeScene\results\method_pool_risk_target_selection_expanded_fast\cessnock_or_newarea\generated_samples_TargetSelected_val_calibrated_ganfix_model_pool_core_ramp_guard.npy,1.7007033049814984,0.07936070938031643,0.03412656791394474,0.5461600754131745,0.09191545352711485,0.12305677776784579,0.4994758012418787,0.10334582959742233,0.08820032702694935,0.9154463938788505,0.09154066416828455,0.08179455756957997,0.06838378819696248,44.75679763030788,0.9009254894577247,56.129232405589974,0.11239971891269881,1.4461180865764618,1.619253340959549,0.39160839123869123,4.300000000000001,9.919999999999987,19.493431414721517,8.133152064768524,2.357572493729768,2.784701347351074,2.9710735893249502,3.1481481481481484,1.0,1.0,0.7037037037037037,,,,,,,,,TargetSelected_val_calibrated_ganfix_model_pool_core_ramp_guard,0.47721344550412115,0.05138115632130431,0.4618272275615737,0.8170731707317074
cessnock_or_newarea,TargetSelected_val_calibrated_ganfix_model_pool_paper_weights,63.13212332209294,2.227846615421363,3.292353304958885,7.777777777777778,,0.25925925925925924,0.3981215815740209,58,C:\Users\13411\MyPython\project\ExtremeScene\results\method_pool_risk_target_selection_expanded_fast\cessnock_or_newarea\generated_samples_TargetSelected_val_calibrated_ganfix_model_pool_paper_weights.npy,1.7712042361129945,0.08300724205660091,0.02912023630623786,0.5831661930432247,0.10374546647881239,0.11613502308051153,0.45011094509028604,0.08810796827068676,0.08221024404883566,0.9348271247488351,0.09162022560203335,0.07582183447852835,0.050789141588321526,44.26133204666504,0.893169410843756,56.129232405589974,0.12230938806382435,1.4461180865764618,1.619253340959549,0.4125874121979069,4.300000000000001,9.919999999999987,18.832785646572958,8.133152064768524,2.3707263116483337,2.784701347351074,2.9710735893249502,3.1481481481481484,1.0,1.0,0.7037037037037037,,,,,,,,,TargetSelected_val_calibrated_ganfix_model_pool_paper_weights,0.47721344550412115,0.05138115632130431,0.4971971943494756,0.7682926829268294
cessnock_or_newarea,TargetSelected_val_calibrated_ganfix_model_pool_global_q99,66.98156902530873,10.766784928656648,3.0908351645015903,7.0,,0.25925925925925924,0.3998651458711778,59,C:\Users\13411\MyPython\project\ExtremeScene\results\method_pool_risk_target_selection_expanded_fast\cessnock_or_newarea\generated_samples_TargetSelected_val_calibrated_ganfix_model_pool_global_q99.npy,2.04287165771296,0.08652774523813822,0.0359640425084766,0.5846446382266949,0.10019053817792802,0.12945265215366294,0.40176161461532967,0.07957910063495474,0.07239622134273416,1.0097593035183283,0.08876579468367367,0.07927097200162457,0.04636799888877833,42.26988760414192,0.9948469863752712,36.639822849703364,0.12322856317903005,1.4966378688812245,2.118387711644173,0.48601398555516145,5.699999999999999,5.260000000000002,20.044716643875102,16.440985708304446,2.654221260989154,3.1460200309753414,5.473396797180172,2.888888888888889,0.0,0.7399999999999984,0.7037037037037037,,,,,,,,,TargetSelected_val_calibrated_ganfix_model_pool_global_q99,0.5066912422149156,0.2806681613104226,0.3473122260835735,0.5121951219512195
cessnock_or_newarea,ordinary_conditional_tcn,96.72313832465308,5.795275868122566,2.9152387032496603,7.111111111111111,5.407407407407407,0.2962962962962963,0.4009786839721925,60,C:\Users\13411\MyPython\project\ExtremeScene\results\expanded_model_pool_formal50\cessnock_or_newarea\generated_samples_Conditional_TCN_Risk_Generator.npy,1.466021112699077,0.0856033861423908,0.0211331924242694,0.6823993799886092,0.1269019944916056,0.0957097322691133,0.924145598846024,0.3783588881742693,0.0568619690521033,1.0241886971779033,0.1969547562694219,0.0579016312484953,0.3552238982811957,52.44411560974342,0.8099247277727297,69.0874454535468,0.061364813752502,2.627369982004165,3.0827833396196365,0.3216783213746392,5.099999999999998,4.520000000000003,17.424735934824767,11.44124593633144,2.117551551924812,0.173273658752441,0.2840664291381829,2.555555555555556,0.0,0.7399999999999984,0.6666666666666666,1.1230980284022667,0.3758785822387271,0.105239356603031,0.3918162599418173,28.855173836651197,18.760314163222745,1.2383917532861233,2.5,ordinary_conditional_tcn,0.7344424566127902,0.14717352989947946,0.2167072593911195,0.548780487804878
cessnock_or_newarea,targeted_seed46_Conditional_TCN_Risk_Generator,76.96432393900513,5.154897211735232,3.322617191366455,6.666666666666667,,0.2962962962962963,0.4042267754403254,61,C:\Users\13411\MyPython\project\ExtremeScene\results\targeted_expanded_pool_multiseed\seed46\expanded_pool\cessnock_or_newarea\generated_samples_Conditional_TCN_Risk_Generator.npy,1.330474182656763,0.07204927047932046,0.03437717845085943,0.6540570953764644,0.14229743728046554,0.10206067609985849,0.9477426940843524,0.41431679541339217,0.03409043025200637,0.9774246573725266,0.20955450105772608,0.05684276160090809,0.3881193185910228,51.26079433405366,0.8769165572043307,48.90828550057752,0.004918488765190663,2.47598797082901,2.4482749658823018,0.314685314388234,3.099999999999998,5.479999999999997,17.27718783889766,9.272163929410112,1.7062701914045546,0.86218638420105,0.7375112056732185,2.4074074074074074,0.6999999999999993,0.26000000000000156,0.6666666666666666,,,,,,,,,targeted_seed46_Conditional_TCN_Risk_Generator,0.5831359157204533,0.1299781247102393,0.5197068386103243,0.40243902439024404
cessnock_or_newarea,TargetSelected_val_calibrated_targeted_expanded_pool_duration_guard,89.50897044367191,7.827480477243661,2.8314693917421176,7.62962962962963,,0.25925925925925924,0.410809440883454,62,C:\Users\13411\MyPython\project\ExtremeScene\results\method_pool_risk_target_selection_expanded_fast\cessnock_or_newarea\generated_samples_TargetSelected_val_calibrated_targeted_expanded_pool_duration_guard.npy,1.4486806238139116,0.060121042052570794,0.02398312383602005,0.5197349767915489,0.07396930093279291,0.11759478250445761,0.3976733784297066,0.08769360727822925,0.06330044596889835,0.7886963263450557,0.07392798342119765,0.06829278410312534,0.04380421929189039,49.639637825981296,0.9231464165709179,56.129232405589974,0.08700542630124788,1.7600976765155796,1.97661042034626,0.4125874121979069,5.099999999999998,10.43999999999999,19.36488853349954,6.5840318887963605,1.9602724092978019,1.4134775638580326,1.2542494678497311,2.814814814814815,0.3000000000000007,0.7399999999999984,0.7037037037037037,,,,,,,,,TargetSelected_val_calibrated_targeted_expanded_pool_duration_guard,0.6791987174803087,0.20174215321746578,0.1544014016233158,0.7195121951219514
cessnock_or_newarea,TargetSelected_val_calibrated_ganfix_model_pool_duration_guard,63.13212332209294,2.227846615421363,3.2055705272079513,8.444444444444445,,0.25925925925925924,0.41491160814590566,63,C:\Users\13411\MyPython\project\ExtremeScene\results\method_pool_risk_target_selection_expanded_fast\cessnock_or_newarea\generated_samples_TargetSelected_val_calibrated_ganfix_model_pool_duration_guard.npy,1.6820790917294506,0.07447445317029323,0.01975908164472683,0.5126715279530714,0.08264731740776231,0.09235588754352764,0.47258054384629566,0.10077099785876961,0.08328369884077085,0.8891103878429393,0.08596425614560839,0.06513288934300844,0.08123468883542379,49.68289562415979,0.9173158780803078,56.129232405589974,0.09574417049319044,1.4963984072208394,1.6232665133476267,0.4615384611027432,3.3000000000000007,9.659999999999986,18.239629431756516,8.195117829349428,2.6538821238058583,2.7492555618286136,2.9710735893249502,2.962962962962963,1.0,1.0,0.7037037037037037,,,,,,,,,TargetSelected_val_calibrated_ganfix_model_pool_duration_guard,0.47721344550412115,0.05138115632130431,0.4326499835638439,0.9878048780487807
cessnock_or_newarea,targeted_seed46_RiskKNN_Bootstrap_Generator,58.30646584188237,24.55742482848286,2.9720893932303794,6.037037037037037,,0.25925925925925924,0.42138628947427487,64,C:\Users\13411\MyPython\project\ExtremeScene\results\targeted_expanded_pool_multiseed\seed46\expanded_pool\cessnock_or_newarea\generated_samples_RiskKNN_Bootstrap_Generator.npy,1.3561157311922238,0.05563927496736472,0.03437034417532584,0.27107789613697086,0.05389798393852602,0.08836028513425015,0.3226175740384688,0.03759144722859841,0.05350277003140789,0.6499370671225545,0.049042902044829716,0.058744466446994624,0.04568474315174374,50.25035032884706,0.905239830825649,47.22849303634736,0.05389213599924577,3.256001442670822,3.3676682263612747,0.32517482486784177,0.3000000000000007,1.4799999999999969,19.761809476624578,10.706416600691036,2.1878045399983725,0.8896675109863281,0.5130313491821292,2.185185185185185,0.6999999999999993,0.26000000000000156,0.7037037037037037,,,,,,,,,targeted_seed46_RiskKNN_Bootstrap_Generator,0.4402601381542507,0.6509735088280981,0.25899161078657357,0.19512195121951223
cessnock_or_newarea,TargetSelected_val_calibrated_targeted_expanded_pool_global_q99,83.63104231512254,11.718040366928626,3.1516232749520525,6.296296296296297,,0.25925925925925924,0.42232406022358016,65,C:\Users\13411\MyPython\project\ExtremeScene\results\method_pool_risk_target_selection_expanded_fast\cessnock_or_newarea\generated_samples_TargetSelected_val_calibrated_targeted_expanded_pool_global_q99.npy,1.6148687652599663,0.05986860754913579,0.031684352620264915,0.49478682617067266,0.07649949901755704,0.13501452746020728,0.35458007433499383,0.08028355139140939,0.05193021727406218,0.8214118885885441,0.0722172193193674,0.0728763657848448,0.0668938265979231,45.349365303914546,0.98335142434422,41.53721886779712,0.15856055537711436,1.4646813213825212,2.100241537690163,0.3706293702794757,2.3000000000000007,3.479999999999997,19.69946162176962,9.602354193833712,2.1702795646808766,1.7228089809417728,1.557401809692383,2.4814814814814814,0.3000000000000007,0.0,0.7037037037037037,,,,,,,,,TargetSelected_val_calibrated_targeted_expanded_pool_global_q99,0.6341874655202429,0.3062112092187233,0.39252514828073176,0.2804878048780489
cessnock_or_newarea,TargetSelected_val_calibrated_targeted_expanded_pool_core_ramp_guard,89.50897044367191,7.827480477243661,3.0481198689042315,7.185185185185185,,0.25925925925925924,0.4291432421397955,66,C:\Users\13411\MyPython\project\ExtremeScene\results\method_pool_risk_target_selection_expanded_fast\cessnock_or_newarea\generated_samples_TargetSelected_val_calibrated_targeted_expanded_pool_core_ramp_guard.npy,1.566482230959606,0.06325355149418034,0.024501371193416163,0.48348663049719975,0.07479678617322684,0.13256376887767465,0.41051123660459493,0.0886823474912279,0.06203391994129039,0.8201600326871336,0.07557756171954504,0.07303302000412708,0.06017903705857311,46.758042722231096,0.9652028621372134,56.129232405589974,0.11834065035448742,1.4461180865764618,1.9725972479581824,0.384615384252286,5.099999999999998,10.43999999999999,19.137773540879426,6.5840318887963605,2.0042186401508473,1.7228089809417728,1.557401809692383,2.740740740740741,0.3000000000000007,0.7399999999999984,0.7037037037037037,,,,,,,,,TargetSelected_val_calibrated_targeted_expanded_pool_core_ramp_guard,0.6791987174803087,0.20174215321746578,0.3155414846974622,0.5731707317073171
cessnock_or_newarea,TargetSelected_val_calibrated_targeted_expanded_pool_paper_weights,89.50897044367191,7.827480477243661,3.0497066151906944,7.222222222222222,,0.25925925925925924,0.4312675575883484,67,C:\Users\13411\MyPython\project\ExtremeScene\results\method_pool_risk_target_selection_expanded_fast\cessnock_or_newarea\generated_samples_TargetSelected_val_calibrated_targeted_expanded_pool_paper_weights.npy,1.5519961815312076,0.06170790151418405,0.025206337459888973,0.50970832183287,0.07900210456755116,0.12980967355904857,0.41242942179848086,0.09098522502065776,0.06160088289255058,0.8247113083875194,0.07723174370079766,0.07220563130382938,0.059735721296892225,46.629509381231976,0.9616678962505169,56.129232405589974,0.11854509586973187,1.4461180865764618,1.9725972479581824,0.38811188774548866,5.099999999999998,10.43999999999999,19.03813287123334,6.5840318887963605,2.044839302698771,1.7228089809417728,1.557401809692383,2.740740740740741,0.3000000000000007,0.7399999999999984,0.7037037037037037,,,,,,,,,TargetSelected_val_calibrated_targeted_expanded_pool_paper_weights,0.6791987174803087,0.20174215321746578,0.31672167332094214,0.5853658536585367
cessnock_or_newarea,TargetSelected_val_calibrated_all_method_pool_duration_guard,89.50897044367191,8.327711502982403,2.942226556123286,8.11111111111111,,0.25925925925925924,0.4592142940226198,68,C:\Users\13411\MyPython\project\ExtremeScene\results\method_pool_risk_target_selection_expanded_fast\cessnock_or_newarea\generated_samples_TargetSelected_val_calibrated_all_method_pool_duration_guard.npy,1.7233190730275436,0.07517662078734413,0.02842702636456848,0.507249365174965,0.07376221247487055,0.11413530863612097,0.4075050251075155,0.08299926570221484,0.07558471921959696,0.8793578211033415,0.07731269965480984,0.07271568474009547,0.036409432153594434,51.05211281367591,0.9960761069080241,56.129232405589974,0.11937283309147077,1.329169732332229,1.575815380811692,0.5139860135007823,5.399999999999999,10.43999999999999,19.235750171706925,8.133152064768524,2.0560210987373635,1.7228089809417728,2.648655796051024,2.7777777777777777,0.3000000000000007,0.7399999999999984,0.7037037037037037,,,,,,,,,TargetSelected_val_calibrated_all_method_pool_duration_guard,0.6791987174803087,0.21517432352797056,0.23678025858786145,0.8780487804878049
cessnock_or_newarea,ganfix_TailWeighted_Month_EVT_Copula_Risk_Selection_Fixed,75.00693401289381,10.766784928656648,3.0806887132844336,7.962962962962963,,0.3333333333333333,0.463976128466396,69,C:\Users\13411\MyPython\project\ExtremeScene\results\model_pool_experiments_new_machine_margin_formal50_ganfix\cessnock_or_newarea\generated_samples_TailWeighted_Month_EVT_Copula_Risk_Selection_Fixed.npy,1.9386803306669855,0.06967397580579764,0.027048335340584404,0.38730744060392785,0.06332873988479763,0.06901953435144594,0.3178316950469035,0.02831380807674264,0.07269735225924055,0.8812731554392723,0.05377217458911263,0.05625507398375696,0.025521649654018257,50.871179399789256,0.8981967698296403,58.79134542518635,0.028204867425319066,3.2763245344161973,2.635950145125392,0.45104895062313544,6.0,6.739999999999998,18.91739118738567,14.041077218124954,1.8499658990789343,1.3845857620239261,2.3180925750732406,2.8518518518518516,0.3000000000000007,1.4799999999999969,0.7037037037037037,,,,,,,,,ganfix_TailWeighted_Month_EVT_Copula_Risk_Selection_Fixed,0.5681468635882296,0.2806681613104226,0.33976550837744546,0.8292682926829269
cessnock_or_newarea,ganfix_ValSelected_Model_Ensemble,75.00693401289381,10.766784928656648,3.0806887132844336,7.962962962962963,,0.3333333333333333,0.463976128466396,69,C:\Users\13411\MyPython\project\ExtremeScene\results\model_pool_experiments_new_machine_margin_formal50_ganfix\cessnock_or_newarea\generated_samples_ValSelected_Model_Ensemble.npy,1.9386803306669855,0.06967397580579764,0.027048335340584404,0.38730744060392785,0.06332873988479763,0.06901953435144594,0.3178316950469035,0.02831380807674264,0.07269735225924055,0.8812731554392723,0.05377217458911263,0.05625507398375696,0.025521649654018257,50.871179399789256,0.8981967698296403,58.79134542518635,0.028204867425319066,3.2763245344161973,2.635950145125392,0.45104895062313544,6.0,6.739999999999998,18.91739118738567,14.041077218124954,1.8499658990789343,1.3845857620239261,2.3180925750732406,2.8518518518518516,0.3000000000000007,1.4799999999999969,0.7037037037037037,,,,,,,,,ganfix_ValSelected_Model_Ensemble,0.5681468635882296,0.2806681613104226,0.33976550837744546,0.8292682926829269
cessnock_or_newarea,ganfix_ValSelected_Model_Ensemble_Margin_0.00,75.00693401289381,10.766784928656648,3.0806887132844336,7.962962962962963,,0.3333333333333333,0.463976128466396,69,C:\Users\13411\MyPython\project\ExtremeScene\results\model_pool_experiments_new_machine_margin_formal50_ganfix\cessnock_or_newarea\generated_samples_ValSelected_Model_Ensemble_Margin_0.00.npy,1.9386803306669855,0.06967397580579764,0.027048335340584404,0.38730744060392785,0.06332873988479763,0.06901953435144594,0.3178316950469035,0.02831380807674264,0.07269735225924055,0.8812731554392723,0.05377217458911263,0.05625507398375696,0.025521649654018257,50.871179399789256,0.8981967698296403,58.79134542518635,0.028204867425319066,3.2763245344161973,2.635950145125392,0.45104895062313544,6.0,6.739999999999998,18.91739118738567,14.041077218124954,1.8499658990789343,1.3845857620239261,2.3180925750732406,2.8518518518518516,0.3000000000000007,1.4799999999999969,0.7037037037037037,,,,,,,,,ganfix_ValSelected_Model_Ensemble_Margin_0.00,0.5681468635882296,0.2806681613104226,0.33976550837744546,0.8292682926829269
cessnock_or_newarea,ganfix_ValSelected_Model_Ensemble_Margin_0.05,75.00693401289381,10.766784928656648,3.0806887132844336,7.962962962962963,,0.3333333333333333,0.463976128466396,69,C:\Users\13411\MyPython\project\ExtremeScene\results\model_pool_experiments_new_machine_margin_formal50_ganfix\cessnock_or_newarea\generated_samples_ValSelected_Model_Ensemble_Margin_0.05.npy,1.9386803306669855,0.06967397580579764,0.027048335340584404,0.38730744060392785,0.06332873988479763,0.06901953435144594,0.3178316950469035,0.02831380807674264,0.07269735225924055,0.8812731554392723,0.05377217458911263,0.05625507398375696,0.025521649654018257,50.871179399789256,0.8981967698296403,58.79134542518635,0.028204867425319066,3.2763245344161973,2.635950145125392,0.45104895062313544,6.0,6.739999999999998,18.91739118738567,14.041077218124954,1.8499658990789343,1.3845857620239261,2.3180925750732406,2.8518518518518516,0.3000000000000007,1.4799999999999969,0.7037037037037037,,,,,,,,,ganfix_ValSelected_Model_Ensemble_Margin_0.05,0.5681468635882296,0.2806681613104226,0.33976550837744546,0.8292682926829269
cessnock_or_newarea,ganfix_ValSelected_Model_Ensemble_Margin_0.10,75.00693401289381,10.766784928656648,3.0806887132844336,7.962962962962963,,0.3333333333333333,0.463976128466396,69,C:\Users\13411\MyPython\project\ExtremeScene\results\model_pool_experiments_new_machine_margin_formal50_ganfix\cessnock_or_newarea\generated_samples_ValSelected_Model_Ensemble_Margin_0.10.npy,1.9386803306669855,0.06967397580579764,0.027048335340584404,0.38730744060392785,0.06332873988479763,0.06901953435144594,0.3178316950469035,0.02831380807674264,0.07269735225924055,0.8812731554392723,0.05377217458911263,0.05625507398375696,0.025521649654018257,50.871179399789256,0.8981967698296403,58.79134542518635,0.028204867425319066,3.2763245344161973,2.635950145125392,0.45104895062313544,6.0,6.739999999999998,18.91739118738567,14.041077218124954,1.8499658990789343,1.3845857620239261,2.3180925750732406,2.8518518518518516,0.3000000000000007,1.4799999999999969,0.7037037037037037,,,,,,,,,ganfix_ValSelected_Model_Ensemble_Margin_0.10,0.5681468635882296,0.2806681613104226,0.33976550837744546,0.8292682926829269
cessnock_or_newarea,TargetSelected_val_calibrated_ganfix_model_pool_global_main,77.03271635237833,9.092196009555686,3.0689279022734373,8.222222222222221,,0.2962962962962963,0.4657581938464659,74,C:\Users\13411\MyPython\project\ExtremeScene\results\method_pool_risk_target_selection_expanded_fast\cessnock_or_newarea\generated_samples_TargetSelected_val_calibrated_ganfix_model_pool_global_main.npy,1.6505267546500688,0.07606600572407071,0.029096016694914684,0.3882550284820223,0.058637686088524904,0.08800341966040685,0.34017968659777187,0.06883820054974395,0.06650447177167358,0.792987156576621,0.06784729745411318,0.06120130270899837,0.0857235891148586,51.92629988821424,0.9385322391457018,69.0874454535468,0.13772720873900016,1.4966378688812245,2.118387711644173,0.5034965030211744,5.699999999999999,4.520000000000003,19.667323487843596,13.525381408360055,2.5045144204740173,2.574533748626709,2.924386329650879,2.8518518518518516,0.3000000000000007,1.4799999999999969,0.6666666666666666,,,,,,,,,TargetSelected_val_calibrated_ganfix_model_pool_global_main,0.5836596424627976,0.23570221077140918,0.3310180636999375,0.9146341463414633
cessnock_or_newarea,TargetSelected_val_calibrated_all_method_pool_global_q99,81.34435644781298,14.383077523034977,3.247132310671818,6.518518518518518,,0.25925925925925924,0.46727428703643287,75,C:\Users\13411\MyPython\project\ExtremeScene\results\method_pool_risk_target_selection_expanded_fast\cessnock_or_newarea\generated_samples_TargetSelected_val_calibrated_all_method_pool_global_q99.npy,1.8743721195209173,0.07226342968927575,0.03299637886492227,0.5185702544822487,0.08582683044200644,0.134826309743448,0.3387703478572638,0.08238895787384024,0.06026210584918279,0.9105709072868099,0.08015973933504081,0.07602826481918436,0.0701860975891484,47.322312543779475,1.0293710479603977,45.07066562223473,0.1708664887105084,1.4461180865764618,1.619253340959549,0.39860139822509644,3.0,3.7399999999999984,21.358962950604592,18.34600265643406,2.2630845264152244,2.0292816162109375,2.7218641090393056,2.6296296296296298,0.3000000000000007,0.0,0.7037037037037037,,,,,,,,,TargetSelected_val_calibrated_all_method_pool_global_q99,0.6166767727257746,0.37777261009700425,0.46356276680717734,0.3536585365853658
cessnock_or_newarea,targeted_seed47_Conditional_TCN_Risk_Generator,92.21072622251906,2.0729532686700196,3.6078589850696043,6.777777777777778,,0.2962962962962963,0.47295253990683117,76,C:\Users\13411\MyPython\project\ExtremeScene\results\targeted_expanded_pool_multiseed\seed47\expanded_pool\cessnock_or_newarea\generated_samples_Conditional_TCN_Risk_Generator.npy,1.2114405428431163,0.08199003700446135,0.03928081238082221,0.5344689190899439,0.08698011582611724,0.13696987014088804,0.8136402471029343,0.3266055212089244,0.036167139524054544,0.8531832363453314,0.165191891346501,0.0708059406819216,0.3044694496883358,51.008772159656054,0.7962985270053244,62.712167987298514,0.03885079565684899,2.371476483345031,2.1987438911199586,0.367132866786273,3.1999999999999957,4.260000000000002,16.726608655850782,0.07658858063957297,1.600006341934204,0.43471288681030273,0.5197896289825437,2.6296296296296298,0.6999999999999993,0.26000000000000156,0.6666666666666666,,,,,,,,,targeted_seed47_Conditional_TCN_Risk_Generator,0.699887879960127,0.04722197045222401,0.7318637049861619,0.43902439024390244
cessnock_or_newarea,TargetSelected_val_calibrated_all_method_pool_core_ramp_guard,89.50897044367191,8.327711502982403,3.225187291108779,7.481481481481482,,0.25925925925925924,0.48073179872739324,77,C:\Users\13411\MyPython\project\ExtremeScene\results\method_pool_risk_target_selection_expanded_fast\cessnock_or_newarea\generated_samples_TargetSelected_val_calibrated_all_method_pool_core_ramp_guard.npy,1.6925066837067466,0.07118854516395533,0.025890162435620617,0.514801340191219,0.08185599896089203,0.1302960549213808,0.41099161914710974,0.0852279395030268,0.07058139952899904,0.8727665476816918,0.0794241612092914,0.07558920562866682,0.05499783634145357,47.59335373378679,0.9799348429730615,56.129232405589974,0.14115503515843936,1.3245391488075242,1.575815380811692,0.419580419184312,5.399999999999999,10.43999999999999,19.521442178753787,8.133152064768524,2.098945414578473,2.0292816162109375,2.7218641090393056,2.8518518518518516,0.3000000000000007,0.7399999999999984,0.7037037037037037,,,,,,,,,TargetSelected_val_calibrated_all_method_pool_core_ramp_guard,0.6791987174803087,0.21517432352797056,0.447240521309394,0.6707317073170734
cessnock_or_newarea,TargetSelected_val_calibrated_targeted_expanded_pool_global_main,83.69064138895054,11.718040366928626,3.228719753758654,7.407407407407407,,0.3333333333333333,0.49167471224429277,78,C:\Users\13411\MyPython\project\ExtremeScene\results\method_pool_risk_target_selection_expanded_fast\cessnock_or_newarea\generated_samples_TargetSelected_val_calibrated_targeted_expanded_pool_global_main.npy,1.639468558040666,0.06552995577379847,0.03686359166039859,0.5680488809197819,0.08577645888967794,0.1314102541867497,0.43134660155217186,0.11260091303348731,0.04883038022031513,0.8796213468375399,0.08796910923232125,0.07236807535582114,0.08660157564376912,49.92070148249976,0.9716498864370527,44.34133260630419,0.14810279872704712,1.0898299455642704,1.2045126169919964,0.4475524471299329,2.6999999999999993,3.7399999999999984,17.75440771336723,9.917510466987466,2.6368647857948586,1.9661624908447273,1.5252754783630378,2.5925925925925926,0.3000000000000007,0.7399999999999984,0.7037037037037037,,,,,,,,,TargetSelected_val_calibrated_targeted_expanded_pool_global_main,0.6346438557431224,0.3062112092187233,0.44986789297417584,0.6463414634146343
cessnock_or_newarea,targeted_seed46_Expanded_ValSelected_Model_Ensemble,81.81467520494779,15.242043255386157,3.177252552672548,7.407407407407407,,0.4444444444444444,0.5061828827383524,79,C:\Users\13411\MyPython\project\ExtremeScene\results\targeted_expanded_pool_multiseed\seed46\expanded_pool\cessnock_or_newarea\generated_samples_Expanded_ValSelected_Model_Ensemble.npy,1.320288405251601,0.0493881793634738,0.028484763641171706,0.3212069800845958,0.048873324418012426,0.04592763450605734,0.38253555245390825,0.03617622513502888,0.0987150010508538,0.6746769792633683,0.04481257630550504,0.05770913306602762,0.07348622158245771,49.54330967182323,0.7984910582096043,38.03530047576224,0.10028679456692698,1.6858428478240963,1.8509791558980933,0.39160839123869123,2.3000000000000007,1.2600000000000016,18.01290332504606,10.788038655179768,1.9095902266325775,0.9795462131500248,1.2882390975952136,2.3703703703703702,0.3000000000000007,0.0,0.6666666666666666,,,,,,,,,targeted_seed46_Expanded_ValSelected_Model_Ensemble,0.6202783200084162,0.4008375009457666,0.4115876677596097,0.6463414634146343
cessnock_or_newarea,targeted_seed46_Expanded_ValSelected_Model_Ensemble_Margin_0.05,81.81467520494779,15.242043255386157,3.177252552672548,7.407407407407407,,0.4444444444444444,0.5061828827383524,79,C:\Users\13411\MyPython\project\ExtremeScene\results\targeted_expanded_pool_multiseed\seed46\expanded_pool\cessnock_or_newarea\generated_samples_Expanded_ValSelected_Model_Ensemble_Margin_0.05.npy,1.320288405251601,0.0493881793634738,0.028484763641171706,0.3212069800845958,0.048873324418012426,0.04592763450605734,0.38253555245390825,0.03617622513502888,0.0987150010508538,0.6746769792633683,0.04481257630550504,0.05770913306602762,0.07348622158245771,49.54330967182323,0.7984910582096043,38.03530047576224,0.10028679456692698,1.6858428478240963,1.8509791558980933,0.39160839123869123,2.3000000000000007,1.2600000000000016,18.01290332504606,10.788038655179768,1.9095902266325775,0.9795462131500248,1.2882390975952136,2.3703703703703702,0.3000000000000007,0.0,0.6666666666666666,,,,,,,,,targeted_seed46_Expanded_ValSelected_Model_Ensemble_Margin_0.05,0.6202783200084162,0.4008375009457666,0.4115876677596097,0.6463414634146343
cessnock_or_newarea,targeted_seed46_TailWeighted_Month_EVT_Copula_Risk_Selection_Fixed,81.81467520494779,15.242043255386157,3.177252552672548,7.407407407407407,,0.4444444444444444,0.5061828827383524,79,C:\Users\13411\MyPython\project\ExtremeScene\results\targeted_expanded_pool_multiseed\seed46\expanded_pool\cessnock_or_newarea\generated_samples_TailWeighted_Month_EVT_Copula_Risk_Selection_Fixed.npy,1.320288405251601,0.0493881793634738,0.028484763641171706,0.3212069800845958,0.048873324418012426,0.04592763450605734,0.38253555245390825,0.03617622513502888,0.0987150010508538,0.6746769792633683,0.04481257630550504,0.05770913306602762,0.07348622158245771,49.54330967182323,0.7984910582096043,38.03530047576224,0.10028679456692698,1.6858428478240963,1.8509791558980933,0.39160839123869123,2.3000000000000007,1.2600000000000016,18.01290332504606,10.788038655179768,1.9095902266325775,0.9795462131500248,1.2882390975952136,2.3703703703703702,0.3000000000000007,0.0,0.6666666666666666,,,,,,,,,targeted_seed46_TailWeighted_Month_EVT_Copula_Risk_Selection_Fixed,0.6202783200084162,0.4008375009457666,0.4115876677596097,0.6463414634146343
cessnock_or_newarea,targeted_seed45_Conditional_TCN_Risk_Generator,109.40869953812701,14.525801973700972,3.0103422011080614,6.888888888888889,,0.2962962962962963,0.507159087670074,82,C:\Users\13411\MyPython\project\ExtremeScene\results\targeted_expanded_pool_multiseed\seed45\expanded_pool\cessnock_or_newarea\generated_samples_Conditional_TCN_Risk_Generator.npy,1.470337563826714,0.09054340335707603,0.012442616366726523,0.7583711095332566,0.13204863432292016,0.1441971534576568,0.8475790143457583,0.326054177521735,0.06560365153218495,1.025429229235243,0.18288207173391038,0.07408114045218943,0.35382905344764803,49.331167683930325,0.7924957670262254,21.617827167732045,0.039042017116489365,3.0264943838119507,2.9321237736940393,0.32867132836104446,1.0,9.359999999999978,16.367379763819493,3.656989430340232,1.516608856342457,1.016534614562988,1.290047492980957,2.1481481481481484,0.0,0.0,0.7407407407407407,,,,,,,,,targeted_seed45_Conditional_TCN_Risk_Generator,0.8315843371439885,0.38160503757586306,0.28744324735793747,0.4756097560975612
cessnock_or_newarea,targeted_seed45_Conditional_Transformer_Risk_Generator,86.47319739973254,12.98555462699872,3.4010729728615843,7.148148148148148,,0.3333333333333333,0.5275209459026492,83,C:\Users\13411\MyPython\project\ExtremeScene\results\targeted_expanded_pool_multiseed\seed45\expanded_pool\cessnock_or_newarea\generated_samples_Conditional_Transformer_Risk_Generator.npy,1.6241345800490046,0.06785555182858798,0.02337253898985801,0.3355654371667182,0.07006289797722891,0.05750654299704194,0.20910255507462558,0.10322913826295635,0.024116037327895166,0.7229341907634494,0.08038252935625774,0.03499837310493171,0.0703720716051161,51.88575024246464,0.8868659572043885,48.64275280938362,0.007456201589883433,3.2643396854400635,2.43015258252621,0.3111888108950315,0.3000000000000007,2.9599999999999937,18.58828041757114,17.33767989265722,1.6574089262220595,0.17803936004638654,0.017094841003417294,2.740740740740741,0.0,0.0,0.7037037037037037,,,,,,,,,targeted_seed45_Conditional_Transformer_Risk_Generator,0.6559517599833898,0.3402464180247179,0.5780606041472093,0.5609756097560975
cessnock_or_newarea,TargetSelected_val_calibrated_all_method_pool_global_main,89.24597677413125,14.383077523034977,3.1292553041410565,8.037037037037036,,0.3333333333333333,0.5385080830263043,84,C:\Users\13411\MyPython\project\ExtremeScene\results\method_pool_risk_target_selection_expanded_fast\cessnock_or_newarea\generated_samples_TargetSelected_val_calibrated_all_method_pool_global_main.npy,1.710177037941576,0.0727795789758245,0.04117419208790767,0.534069736881155,0.0789648455344407,0.13828093611040174,0.4041657881780699,0.1189360815303146,0.058301058892363984,0.8828041876669336,0.09022683534685993,0.0792520623635578,0.08284743897570293,53.06976340869155,1.0095006714292072,66.41302697058528,0.14942363561615482,1.4688024520874023,1.7232576555013654,0.5069930065143772,5.399999999999999,4.520000000000003,18.300622271019254,18.34600265643406,2.790200569011547,1.9782876014709476,2.6956480407714825,2.6666666666666665,0.3000000000000007,1.4799999999999969,0.7037037037037037,,,,,,,,,TargetSelected_val_calibrated_all_method_pool_global_main,0.677184797938472,0.37777261009700425,0.375888320511426,0.8536585365853657
cessnock_or_newarea,targeted_seed46_Conditional_NormalizingFlow_Risk_Generator,69.95160228849592,11.229241723506583,3.7003131160723837,7.37037037037037,,0.4444444444444444,0.5420354805089648,85,C:\Users\13411\MyPython\project\ExtremeScene\results\targeted_expanded_pool_multiseed\seed46\expanded_pool\cessnock_or_newarea\generated_samples_Conditional_NormalizingFlow_Risk_Generator.npy,0.8702881971504466,0.04057391691209042,0.08004519389337768,0.4879901517127077,0.0694799125701626,0.12254173949682216,0.48820171527441875,0.1767113129844718,0.05951265902832829,0.6154933547125243,0.0955883808222416,0.08736653080617605,0.06459923981809788,30.371792151136233,0.23717256453831687,19.529442054740727,0.08379401522670042,1.9214969277381897,3.6708343797922005,0.3531468528134627,5.0,6.479999999999997,13.189037617933245,3.0521861026335344,2.5281151400672064,1.4770945549011234,5.298623790740958,2.6666666666666665,1.0,1.0,0.8888888888888888,,,,,,,,,targeted_seed46_Conditional_NormalizingFlow_Risk_Generator,0.5294347859628871,0.2930860204795953,0.8006291494268314,0.6341463414634146
cessnock_or_newarea,targeted_seed45_RiskKNN_Bootstrap_Generator,72.04293839959722,27.981083180381056,3.2537450707211435,6.296296296296297,,0.4444444444444444,0.5456999434794709,86,C:\Users\13411\MyPython\project\ExtremeScene\results\targeted_expanded_pool_multiseed\seed45\expanded_pool\cessnock_or_newarea\generated_samples_RiskKNN_Bootstrap_Generator.npy,1.1377778732727584,0.04302786358641758,0.024692750394159826,0.4074742829125845,0.04593550048586546,0.12709087028932917,0.3510694827439136,0.029700544703504615,0.06098480648906163,0.6321072129764188,0.039554636258595885,0.07092280905751687,0.049869960515487616,49.84124188199141,0.8709624693861082,48.06904031189056,0.03886373641297416,2.7895342946052555,3.0545399731397627,0.30769230740182874,1.0,0.26000000000000156,19.276341385960645,9.80997317985301,1.9924387843520552,0.7450999259948734,0.5534692573547364,2.3703703703703702,0.0,0.0,0.6666666666666666,,,,,,,,,targeted_seed45_RiskKNN_Bootstrap_Generator,0.5454495541892547,0.7429053557177723,0.46848119910262215,0.2804878048780489
cessnock_or_newarea,targeted_seed45_Expanded_ValSelected_Model_Ensemble,77.14963578005161,22.021985737754115,3.5500513033324816,6.0,,0.2962962962962963,0.5498900271317307,87,C:\Users\13411\MyPython\project\ExtremeScene\results\targeted_expanded_pool_multiseed\seed45\expanded_pool\cessnock_or_newarea\generated_samples_Expanded_ValSelected_Model_Ensemble.npy,1.4766411717536518,0.06330821470098363,0.0241070405898423,0.3283273123896434,0.05869155715594029,0.03313296581483167,0.19457784475629142,0.03194414899982962,0.05756370768896507,0.6665154429665289,0.051314640285584516,0.03826790469787968,0.05974283135988361,48.59455783532537,0.7757409635883094,67.85642215517474,0.13620868299878078,0.9762376248836517,0.904120593070985,0.279720279456208,0.3000000000000007,0.0,19.084329726473854,10.861395108258769,2.0418093469407825,0.9407034873962399,1.0735286140441893,2.4444444444444446,0.3000000000000007,0.0,0.7407407407407407,,,,,,,,,targeted_seed45_Expanded_ValSelected_Model_Ensemble,0.5845549732159021,0.5828920666019083,0.6888675631845748,0.18292682926829265
cessnock_or_newarea,targeted_seed45_Expanded_ValSelected_Model_Ensemble_Margin_0.05,77.14963578005161,22.021985737754115,3.5500513033324816,6.0,,0.2962962962962963,0.5498900271317307,87,C:\Users\13411\MyPython\project\ExtremeScene\results\targeted_expanded_pool_multiseed\seed45\expanded_pool\cessnock_or_newarea\generated_samples_Expanded_ValSelected_Model_Ensemble_Margin_0.05.npy,1.4766411717536518,0.06330821470098363,0.0241070405898423,0.3283273123896434,0.05869155715594029,0.03313296581483167,0.19457784475629142,0.03194414899982962,0.05756370768896507,0.6665154429665289,0.051314640285584516,0.03826790469787968,0.05974283135988361,48.59455783532537,0.7757409635883094,67.85642215517474,0.13620868299878078,0.9762376248836517,0.904120593070985,0.279720279456208,0.3000000000000007,0.0,19.084329726473854,10.861395108258769,2.0418093469407825,0.9407034873962399,1.0735286140441893,2.4444444444444446,0.3000000000000007,0.0,0.7407407407407407,,,,,,,,,targeted_seed45_Expanded_ValSelected_Model_Ensemble_Margin_0.05,0.5845549732159021,0.5828920666019083,0.6888675631845748,0.18292682926829265
cessnock_or_newarea,targeted_seed45_TransformerVAE_Augmented_TailWeighted_Copula,77.14963578005161,22.021985737754115,3.5500513033324816,6.0,,0.2962962962962963,0.5498900271317307,87,C:\Users\13411\MyPython\project\ExtremeScene\results\targeted_expanded_pool_multiseed\seed45\expanded_pool\cessnock_or_newarea\generated_samples_TransformerVAE_Augmented_TailWeighted_Copula.npy,1.4766411717536518,0.06330821470098363,0.0241070405898423,0.3283273123896434,0.05869155715594029,0.03313296581483167,0.19457784475629142,0.03194414899982962,0.05756370768896507,0.6665154429665289,0.051314640285584516,0.03826790469787968,0.05974283135988361,48.59455783532537,0.7757409635883094,67.85642215517474,0.13620868299878078,0.9762376248836517,0.904120593070985,0.279720279456208,0.3000000000000007,0.0,19.084329726473854,10.861395108258769,2.0418093469407825,0.9407034873962399,1.0735286140441893,2.4444444444444446,0.3000000000000007,0.0,0.7407407407407407,,,,,,,,,targeted_seed45_TransformerVAE_Augmented_TailWeighted_Copula,0.5845549732159021,0.5828920666019083,0.6888675631845748,0.18292682926829265
cessnock_or_newarea,targeted_seed47_RiskKNN_Bootstrap_Generator,73.51122217373138,28.168671147299996,3.112796775783257,6.851851851851852,,0.3333333333333333,0.5518145921612261,90,C:\Users\13411\MyPython\project\ExtremeScene\results\targeted_expanded_pool_multiseed\seed47\expanded_pool\cessnock_or_newarea\generated_samples_RiskKNN_Bootstrap_Generator.npy,1.3901403016514244,0.049091093122610056,0.02135208096370041,0.3181481080288377,0.04355236278790813,0.07914336732854742,0.35271708517297745,0.035151039469784616,0.05844147540527505,0.6870018316177465,0.0425981651267676,0.05297897456584096,0.04174005759373842,51.24185158409796,0.9540509171565608,46.995983143388955,0.06701076749148997,2.393774229288102,2.2845436775684362,0.38111888075908346,2.3999999999999986,3.7399999999999984,20.616579176434332,10.729426091657828,2.277413156297472,0.9647992134094245,0.5263440513610842,2.5925925925925926,0.0,0.7399999999999984,0.7037037037037037,,,,,,,,,targeted_seed47_RiskKNN_Bootstrap_Generator,0.5566931913112246,0.7479424553581543,0.36364681215384476,0.4634146341463416
cessnock_or_newarea,targeted_seed46_TransformerVAE_Augmented_TailWeighted_Copula,83.40418768179192,16.777016140891327,3.3271802635798746,7.666666666666667,,0.4074074074074074,0.5628827199520161,91,C:\Users\13411\MyPython\project\ExtremeScene\results\targeted_expanded_pool_multiseed\seed46\expanded_pool\cessnock_or_newarea\generated_samples_TransformerVAE_Augmented_TailWeighted_Copula.npy,1.7268684746797194,0.06729110158099923,0.033993615635030686,0.22128049364186408,0.045931916166525026,0.04682362946049572,0.37587437610893226,0.03333496939771422,0.09552493555148674,0.7746744481435052,0.048852662381746154,0.05878072688233771,0.06452216488777424,51.90398792922494,0.9129971282714667,61.82240259930357,0.09206633427451613,1.059087324142455,1.4263459438085562,0.4790209785687562,5.0,5.0,17.95382202009384,11.13532746036762,1.906226290596856,1.1752705574035645,1.321763668060302,2.4814814814814814,1.0,1.7399999999999984,0.7037037037037037,,,,,,,,,targeted_seed46_TransformerVAE_Augmented_TailWeighted_Copula,0.632450286902907,0.4420544910148325,0.5231007560628744,0.7317073170731709
cessnock_or_newarea,targeted_seed46_Conditional_Transformer_Risk_Generator,131.4017594705171,15.7695584885818,2.758765949654238,8.222222222222221,,0.4444444444444444,0.586777339833079,92,C:\Users\13411\MyPython\project\ExtremeScene\results\targeted_expanded_pool_multiseed\seed46\expanded_pool\cessnock_or_newarea\generated_samples_Conditional_Transformer_Risk_Generator.npy,1.6985815780643576,0.06842462636126573,0.026162187528252463,0.162119990883884,0.037373745751089475,0.09955431001191806,0.24497616905029174,0.1227078625970023,0.03235611092794206,0.7018925793328444,0.07616874490311916,0.05269086948937086,0.08679720692838862,52.58027885062293,0.9098549693532103,68.73547140872516,0.029870996318483486,3.667876577377319,1.5872733324766202,0.3706293702794757,4.399999999999999,10.919999999999987,18.235782063794357,16.58914357321104,1.699486392515677,0.6799321174621582,0.8440587425231936,2.5185185185185186,0.0,0.0,0.7407407407407407,,,,,,,,,targeted_seed46_Conditional_Transformer_Risk_Generator,1.0,0.41500230498447127,0.10032610554607249,0.9146341463414633
cessnock_or_newarea,targeted_seed47_TransformerVAE_Augmented_TailWeighted_Copula,78.99492381038608,29.735711163966734,3.052752444393398,7.814814814814815,,0.2962962962962963,0.6134317737144733,93,C:\Users\13411\MyPython\project\ExtremeScene\results\targeted_expanded_pool_multiseed\seed47\expanded_pool\cessnock_or_newarea\generated_samples_TransformerVAE_Augmented_TailWeighted_Copula.npy,1.591198726691336,0.055384269316637764,0.021258273733841492,0.3636122922909313,0.05945801362327728,0.06955359294076874,0.324058364215409,0.04252773568082829,0.0848376146455082,0.7596231277325588,0.05245667287358111,0.05854982710670614,0.07098143304494862,50.37996675627148,0.8332971893721434,41.77950046433945,0.08808534957145285,1.7770714521408078,1.3430481070280091,0.3951048947318939,3.3000000000000007,4.479999999999997,17.385790247874578,1.0029568760515986,2.2822308628647416,2.195033931732178,2.080150604248047,2.185185185185185,0.3000000000000007,0.0,0.6666666666666666,,,,,,,,,targeted_seed47_TransformerVAE_Augmented_TailWeighted_Copula,0.5986855856793071,0.7900205099053689,0.3189870972294529,0.7804878048780489
cessnock_or_newarea,targeted_seed47_Expanded_ValSelected_Model_Ensemble,100.50775996438695,26.551083171512552,3.092422320294039,7.333333333333333,,0.37037037037037035,0.6207951454105368,94,C:\Users\13411\MyPython\project\ExtremeScene\results\targeted_expanded_pool_multiseed\seed47\expanded_pool\cessnock_or_newarea\generated_samples_Expanded_ValSelected_Model_Ensemble.npy,1.384162847151972,0.05900163236650039,0.018403125586753742,0.33217665127539264,0.05195402346590477,0.0709826597608611,0.2775435252381073,0.036409728709219706,0.061204211853116884,0.6646276745551574,0.04912179484720829,0.05019666573357725,0.06543968708556377,52.1811265461508,0.88484342667744,50.97498419656294,0.07407421062741902,2.90881700515747,3.485741104483605,0.3636363632930704,5.4999999999999964,7.739999999999998,19.154754238736118,15.936241719778984,2.1769028592992714,2.289830589294433,2.944434394836424,2.259259259259259,1.0,1.0,0.6666666666666666,,,,,,,,,targeted_seed47_Expanded_ValSelected_Model_Ensemble,0.763423851838121,0.7045070903667204,0.34849271928902065,0.6219512195121951
cessnock_or_newarea,targeted_seed47_Expanded_ValSelected_Model_Ensemble_Margin_0.05,100.50775996438695,26.551083171512552,3.092422320294039,7.333333333333333,,0.37037037037037035,0.6207951454105368,94,C:\Users\13411\MyPython\project\ExtremeScene\results\targeted_expanded_pool_multiseed\seed47\expanded_pool\cessnock_or_newarea\generated_samples_Expanded_ValSelected_Model_Ensemble_Margin_0.05.npy,1.384162847151972,0.05900163236650039,0.018403125586753742,0.33217665127539264,0.05195402346590477,0.0709826597608611,0.2775435252381073,0.036409728709219706,0.061204211853116884,0.6646276745551574,0.04912179484720829,0.05019666573357725,0.06543968708556377,52.1811265461508,0.88484342667744,50.97498419656294,0.07407421062741902,2.90881700515747,3.485741104483605,0.3636363632930704,5.4999999999999964,7.739999999999998,19.154754238736118,15.936241719778984,2.1769028592992714,2.289830589294433,2.944434394836424,2.259259259259259,1.0,1.0,0.6666666666666666,,,,,,,,,targeted_seed47_Expanded_ValSelected_Model_Ensemble_Margin_0.05,0.763423851838121,0.7045070903667204,0.34849271928902065,0.6219512195121951
cessnock_or_newarea,targeted_seed47_TailWeighted_Month_EVT_Copula_Risk_Selection_Fixed,100.50775996438695,26.551083171512552,3.092422320294039,7.333333333333333,,0.37037037037037035,0.6207951454105368,94,C:\Users\13411\MyPython\project\ExtremeScene\results\targeted_expanded_pool_multiseed\seed47\expanded_pool\cessnock_or_newarea\generated_samples_TailWeighted_Month_EVT_Copula_Risk_Selection_Fixed.npy,1.384162847151972,0.05900163236650039,0.018403125586753742,0.33217665127539264,0.05195402346590477,0.0709826597608611,0.2775435252381073,0.036409728709219706,0.061204211853116884,0.6646276745551574,0.04912179484720829,0.05019666573357725,0.06543968708556377,52.1811265461508,0.88484342667744,50.97498419656294,0.07407421062741902,2.90881700515747,3.485741104483605,0.3636363632930704,5.4999999999999964,7.739999999999998,19.154754238736118,15.936241719778984,2.1769028592992714,2.289830589294433,2.944434394836424,2.259259259259259,1.0,1.0,0.6666666666666666,,,,,,,,,targeted_seed47_TailWeighted_Month_EVT_Copula_Risk_Selection_Fixed,0.763423851838121,0.7045070903667204,0.34849271928902065,0.6219512195121951
cessnock_or_newarea,targeted_seed45_TailWeighted_Month_EVT_Copula_Risk_Selection_Fixed,87.62483674279885,22.48336985537302,3.3630177781128117,7.666666666666667,,0.37037037037037035,0.6252106125460225,97,C:\Users\13411\MyPython\project\ExtremeScene\results\targeted_expanded_pool_multiseed\seed45\expanded_pool\cessnock_or_newarea\generated_samples_TailWeighted_Month_EVT_Copula_Risk_Selection_Fixed.npy,1.3680395008114625,0.05419995235441024,0.039054418018026,0.42783307009184357,0.06515426142705008,0.09795860443624221,0.3594498200153206,0.04239873582397923,0.0891703043543583,0.7184407969728756,0.053917649868479856,0.07539444226954217,0.04691125993284338,51.826440098875445,0.9194713661114478,39.747403184796,0.11264038452233811,0.023555007576945286,0.6242682993412014,0.437062936650325,4.0,6.959999999999994,17.48067881859532,6.525447354385939,2.2506822038579872,2.2275938987731925,2.462037887573242,2.4444444444444446,0.0,0.0,0.6666666666666666,,,,,,,,,targeted_seed45_TailWeighted_Month_EVT_Copula_Risk_Selection_Fixed,0.6647706375715843,0.5952811223132505,0.5497559480783862,0.7317073170731709
cessnock_or_newarea,traditional_gaussian_copula,79.41621962708216,21.250898740516284,3.9683642991477854,8.481481481481481,4.333333333333333,0.2962962962962963,0.7492295863084601,98,C:\Users\13411\MyPython\project\ExtremeScene\results\tailweighted_month_evt_copula\cessnock_or_newarea\generated_samples_traditional_gaussian_copula.npy,0.5463657908969455,0.0450662647507598,0.1017521128807281,0.156808124489716,0.0489259225940454,0.0952822237880887,0.3239881839784984,0.0390542528031712,0.1313074469067911,0.3423873664550532,0.0443488133826588,0.1094472611918693,0.0594983491086493,47.03024359423142,0.3803701020944781,59.49245475785317,0.1415923067999961,1.0196067512035365,2.0965771061182004,0.1433566432213065,12.0,12.0,17.927938211496713,14.378730221986627,2.5209032164679632,1.8651918411254889,2.206719131469725,2.592592592592593,0.3000000000000007,0.7399999999999984,0.7777777777777778,0.8127648584389439,0.230338916726049,0.1654823815406149,0.1904587785271131,44.14568487734351,37.82193678796304,2.37671547755599,8.25,traditional_gaussian_copula,0.6019117313109497,0.5621868897172508,1.0,1.0
cessnock_or_newarea,ganfix_GAN_Augmented_TailWeighted_Month_EVT_Copula_Risk_Selection_Fixed,125.09183224931387,37.5556131817359,3.024440755957686,7.592592592592593,,0.25925925925925924,0.7660841172652629,99,C:\Users\13411\MyPython\project\ExtremeScene\results\model_pool_experiments_new_machine_margin_formal50_ganfix\cessnock_or_newarea\generated_samples_GAN_Augmented_TailWeighted_Month_EVT_Copula_Risk_Selection_Fixed.npy,1.1866239336292437,0.047652946627093726,0.02776055621362075,0.45683918325593975,0.0714773252373571,0.037967266217834715,0.42689631951899665,0.04094263951217161,0.12216376420052816,0.6901198121347267,0.05335763712554081,0.06263052887732788,0.05049825374918416,53.61628455646049,0.8833583640604834,48.48617742962888,0.07755107587380737,1.9821826457977298,2.143149057030678,0.43006992966391994,4.399999999999999,9.43999999999999,18.71777268201366,9.826214311179129,1.9224449351981834,1.1257400035858147,2.084801721572875,2.7037037037037037,1.0,1.7399999999999984,0.6296296296296297,,,,,,,,,ganfix_GAN_Augmented_TailWeighted_Month_EVT_Copula_Risk_Selection_Fixed,0.9516806402201876,1.0,0.29792945689438805,0.7073170731707318
cessnock_or_newarea,targeted_seed45_GAN_Augmented_TailWeighted_Month_EVT_Copula_Risk_Selection_Fixed,125.09183224931387,37.5556131817359,3.024440755957686,7.592592592592593,,0.25925925925925924,0.7660841172652629,99,C:\Users\13411\MyPython\project\ExtremeScene\results\targeted_expanded_pool_multiseed\seed45\expanded_pool\cessnock_or_newarea\generated_samples_GAN_Augmented_TailWeighted_Month_EVT_Copula_Risk_Selection_Fixed.npy,1.1866239336292437,0.047652946627093726,0.02776055621362075,0.45683918325593975,0.0714773252373571,0.037967266217834715,0.42689631951899665,0.04094263951217161,0.12216376420052816,0.6901198121347267,0.05335763712554081,0.06263052887732788,0.05049825374918416,53.61628455646049,0.8833583640604834,48.48617742962888,0.07755107587380737,1.9821826457977298,2.143149057030678,0.43006992966391994,4.399999999999999,9.43999999999999,18.71777268201366,9.826214311179129,1.9224449351981834,1.1257400035858147,2.084801721572875,2.7037037037037037,1.0,1.7399999999999984,0.6296296296296297,,,,,,,,,targeted_seed45_GAN_Augmented_TailWeighted_Month_EVT_Copula_Risk_Selection_Fixed,0.9516806402201876,1.0,0.29792945689438805,0.7073170731707318
cessnock_or_newarea,targeted_seed46_GAN_Augmented_TailWeighted_Month_EVT_Copula_Risk_Selection_Fixed,125.09183224931387,37.5556131817359,3.024440755957686,7.592592592592593,,0.25925925925925924,0.7660841172652629,99,C:\Users\13411\MyPython\project\ExtremeScene\results\targeted_expanded_pool_multiseed\seed46\expanded_pool\cessnock_or_newarea\generated_samples_GAN_Augmented_TailWeighted_Month_EVT_Copula_Risk_Selection_Fixed.npy,1.1866239336292437,0.047652946627093726,0.02776055621362075,0.45683918325593975,0.0714773252373571,0.037967266217834715,0.42689631951899665,0.04094263951217161,0.12216376420052816,0.6901198121347267,0.05335763712554081,0.06263052887732788,0.05049825374918416,53.61628455646049,0.8833583640604834,48.48617742962888,0.07755107587380737,1.9821826457977298,2.143149057030678,0.43006992966391994,4.399999999999999,9.43999999999999,18.71777268201366,9.826214311179129,1.9224449351981834,1.1257400035858147,2.084801721572875,2.7037037037037037,1.0,1.7399999999999984,0.6296296296296297,,,,,,,,,targeted_seed46_GAN_Augmented_TailWeighted_Month_EVT_Copula_Risk_Selection_Fixed,0.9516806402201876,1.0,0.29792945689438805,0.7073170731707318
cessnock_or_newarea,targeted_seed47_GAN_Augmented_TailWeighted_Month_EVT_Copula_Risk_Selection_Fixed,125.09183224931387,37.5556131817359,3.024440755957686,7.592592592592593,,0.25925925925925924,0.7660841172652629,99,C:\Users\13411\MyPython\project\ExtremeScene\results\targeted_expanded_pool_multiseed\seed47\expanded_pool\cessnock_or_newarea\generated_samples_GAN_Augmented_TailWeighted_Month_EVT_Copula_Risk_Selection_Fixed.npy,1.1866239336292437,0.047652946627093726,0.02776055621362075,0.45683918325593975,0.0714773252373571,0.037967266217834715,0.42689631951899665,0.04094263951217161,0.12216376420052816,0.6901198121347267,0.05335763712554081,0.06263052887732788,0.05049825374918416,53.61628455646049,0.8833583640604834,48.48617742962888,0.07755107587380737,1.9821826457977298,2.143149057030678,0.43006992966391994,4.399999999999999,9.43999999999999,18.71777268201366,9.826214311179129,1.9224449351981834,1.1257400035858147,2.084801721572875,2.7037037037037037,1.0,1.7399999999999984,0.6296296296296297,,,,,,,,,targeted_seed47_GAN_Augmented_TailWeighted_Month_EVT_Copula_Risk_Selection_Fixed,0.9516806402201876,1.0,0.29792945689438805,0.7073170731707318
