dataset,method,q99_cum_deficit_error,core_q99_cum_deficit_error,netload_ramp_max_mae,imbalance_duration_mae,max_imbalance_run_mae,extreme_degree_match_rate,risk_score,risk_rank,generated_path,load_wasserstein,load_js,load_acf_mae,wind_power_wasserstein,wind_power_js,wind_power_acf_mae,solar_power_wasserstein,solar_power_js,solar_power_acf_mae,mean_wasserstein,mean_js,acf_mae,corr_matrix_error,cum_deficit_mae,cum_deficit_relative_error,q95_cum_deficit_error,netload_ramp_max_relative_error,q95_netload_ramp_max_error,q99_netload_ramp_max_error,imbalance_duration_relative_error,q95_imbalance_duration_error,q99_imbalance_duration_error,core_cum_deficit_mae,core_q95_cum_deficit_error,core_netload_ramp_max_mae,core_q95_netload_ramp_max_error,core_q99_netload_ramp_max_error,core_imbalance_duration_mae,core_q95_imbalance_duration_error,core_q99_imbalance_duration_error,extreme_degree_adjacent_match_rate,highrisk_wasserstein,highrisk_js,highrisk_acf_mae,highrisk_corr_matrix_error,highrisk_cum_deficit_mae,highrisk_q99_cum_deficit_error,highrisk_netload_ramp_max_mae,highrisk_imbalance_duration_mae,model_name,norm_q99_cum_deficit_error,norm_core_q99_cum_deficit_error,norm_netload_ramp_max_mae,norm_imbalance_duration_mae
cessnock_or_newarea,TargetSelected_val_calibrated_riskfirst_evt_pool_duration_guard,4.399963889646585,3.851107384684788,2.799153748996711,5.814814814814815,,0.5555555555555556,0.08761329386027122,1,C:\Users\13411\MyPython\project\ExtremeScene\results\method_pool_risk_target_selection_expanded_fast\cessnock_or_newarea\generated_samples_TargetSelected_val_calibrated_riskfirst_evt_pool_duration_guard.npy,0.9785218766196765,0.06834110079622452,0.1031037605575178,0.9447292600373136,0.22675730135689126,0.19445488389585244,0.7835700029177677,0.2984630047304184,0.10768872866215223,0.9022737131915859,0.1978538022945114,0.13508245770517416,0.1570634232073279,20.06337655676362,0.11661791621868912,2.4644120154560056,0.01396159173137161,3.838626825809479,3.7221248453855527,0.22727272705816898,3.0,3.0,10.448742943963769,2.8348318110135295,2.729809010470355,2.6024476051330563,2.3659382057189937,2.6666666666666665,0.3000000000000007,0.7399999999999984,0.8888888888888888,,,,,,,,,TargetSelected_val_calibrated_riskfirst_evt_pool_duration_guard,0.02746176964873437,0.09496884678673927,0.13036570401119948,0.1219512195121951
cessnock_or_newarea,TargetSelected_val_calibrated_rf_duration_pool_duration_guard,6.473280027566219,3.851107384684788,2.8751415560233267,5.444444444444445,,0.5925925925925926,0.08821317854871866,2,C:\Users\13411\MyPython\project\ExtremeScene\results\method_pool_risk_target_selection_expanded_fast\cessnock_or_newarea\generated_samples_TargetSelected_val_calibrated_rf_duration_pool_duration_guard.npy,1.1464702663598239,0.08032179414359718,0.10825651172719637,1.0460762387787321,0.28896056762428984,0.21765558276124478,0.8638226187600154,0.3908169350484357,0.10350783645922497,1.0187897079661905,0.2533664322721076,0.14313997698255537,0.15844300394825256,16.99517838340076,0.11887265847104327,8.367464708918433,0.004875857597895168,3.750045657157898,3.7221248453855527,0.24825174801738453,3.3000000000000007,3.0,10.770997726314684,2.8348318110135295,2.870146424682052,2.6024476051330563,2.3659382057189937,2.6296296296296298,0.3000000000000007,0.7399999999999984,0.8518518518518519,,,,,,,,,TargetSelected_val_calibrated_rf_duration_pool_duration_guard,0.04333854681167706,0.09496884678673927,0.186883841876775,0.0
cessnock_or_newarea,DurationAware_RiskFirst_TCN_Empirical,6.473280027566219,3.851107384684788,2.907566290721729,5.555555555555555,3.074074074074074,0.5925925925925926,0.09973019290670782,3,C:\Users\13411\MyPython\project\ExtremeScene\results\duration_aware_riskfirst\formal\cessnock_or_newarea\generated_samples_DurationAware_RiskFirst_TCN_Empirical.npy,1.117943521635032,0.0782650056998984,0.1062187771430035,1.0438272044348085,0.2892105407906463,0.2140749467372233,0.8579164684631329,0.3844777839601884,0.0932303451210963,1.0065623981776577,0.2506511101502444,0.1378413563337744,0.1538874908085632,17.833905629660322,0.0958057080539499,8.367464708918433,0.0001510262785969,3.750045657157898,3.7221248453855527,0.2307692305513715,3.3000000000000007,3.0,10.511276297727598,2.834831811013529,2.909451511171129,2.6024476051330563,2.3659382057189937,2.555555555555556,0.3000000000000007,0.7399999999999984,0.8518518518518519,1.0116820594013445,0.3932953186473233,0.1297659415044235,0.1675470116474722,21.913218366466943,5.740989848786086,1.6462493501603603,4.0,DurationAware_RiskFirst_TCN_Empirical,0.04333854681167706,0.09496884678673927,0.2110006797965366,0.036585365853658416
cessnock_or_newarea,TargetSelected_val_calibrated_rf_duration_pool_global_main,4.0519518696875,3.851107384684788,2.789916792912495,6.111111111111111,,0.5185185185185185,0.09973038794614572,4,C:\Users\13411\MyPython\project\ExtremeScene\results\method_pool_risk_target_selection_expanded_fast\cessnock_or_newarea\generated_samples_TargetSelected_val_calibrated_rf_duration_pool_global_main.npy,1.3277529774869912,0.09794581385677222,0.17880325085674245,1.040312840870227,0.2821061679587805,0.23143852616747893,0.9519050741959134,0.4371402775100886,0.16508370063989744,1.106656964184377,0.27239741977521376,0.19177515922137292,0.19000533636213293,18.867996311301127,0.18297003868157216,6.572777154183683,0.03322463098468262,3.750045657157898,3.7221248453855527,0.33916083884065223,6.699999999999999,7.739999999999998,9.687638547607051,2.8348318110135295,3.129877046302513,3.0987250328063958,5.3704264068603464,2.5555555555555554,0.0,0.7399999999999984,0.8518518518518519,,,,,,,,,TargetSelected_val_calibrated_rf_duration_pool_global_main,0.0247968073741147,0.09496884678673927,0.12349544971838748,0.21951219512195108
cessnock_or_newarea,ganfix_Conditional_NormalizingFlow_Risk_Generator,0.8137870727642138,6.231719888586895,2.655348109385361,6.518518518518518,,0.5185185185185185,0.10656817021972728,5,C:\Users\13411\MyPython\project\ExtremeScene\results\model_pool_experiments_new_machine_margin_formal50_ganfix\cessnock_or_newarea\generated_samples_Conditional_NormalizingFlow_Risk_Generator.npy,1.2414191762606301,0.08295972544826256,0.04286018913183114,0.5122877019566809,0.08676741783588339,0.06865669092454617,0.40250320009764573,0.1715216328360956,0.05398580824047574,0.7187366927716523,0.1137495920400805,0.055167562765617684,0.08320420150743751,30.146329968048683,0.1814957211294577,7.457444119099392,0.06327359475435096,3.5544775247573845,4.029522060751914,0.32867132836104446,3.0,1.5200000000000031,12.952758574886222,4.522918808682235,1.5813832018110487,0.7608675479888918,0.3920616626739504,2.4444444444444446,0.3000000000000007,0.7399999999999984,0.7407407407407407,,,,,,,,,ganfix_Conditional_NormalizingFlow_Risk_Generator,0.0,0.1588928957769172,0.02340608399538906,0.3536585365853658
cessnock_or_newarea,TargetSelected_empirical_rf_duration_pool_global_main,5.00791528560957,11.238448992387212,2.623878972908844,5.851851851851852,,0.48148148148148145,0.11775710606044655,6,C:\Users\13411\MyPython\project\ExtremeScene\results\method_pool_risk_target_selection_expanded_fast\cessnock_or_newarea\generated_samples_TargetSelected_empirical_rf_duration_pool_global_main.npy,1.2884530238653897,0.0890918403595668,0.1634994138264565,1.0491378096497557,0.2942989259055422,0.2202830259051317,0.9427754457794711,0.4288987192369651,0.16019487865318843,1.0934554264315388,0.2707631618340247,0.18132577279492557,0.1867383678658795,17.337607600448493,0.14716837801248772,4.101204235356349,0.014465891125148084,4.056924998760223,4.399012841582298,0.3006993004154237,4.0,3.2600000000000016,10.768430213194195,5.097415039054567,2.8045269030111806,2.6024476051330563,2.596954612731933,2.5185185185185186,0.6999999999999993,0.26000000000000156,0.8888888888888888,,,,,,,,,TargetSelected_empirical_rf_duration_pool_global_main,0.032117262683814575,0.2933332534526333,0.0,0.13414634146341467
cessnock_or_newarea,targeted_seed47_Conditional_NormalizingFlow_Risk_Generator,7.098974630849867,6.629614144044112,2.80888566977767,5.814814814814815,,0.5555555555555556,0.11800581982910555,7,C:\Users\13411\MyPython\project\ExtremeScene\results\targeted_expanded_pool_multiseed\seed47\expanded_pool\cessnock_or_newarea\generated_samples_Conditional_NormalizingFlow_Risk_Generator.npy,0.8154028460322094,0.06259477932906675,0.07612976619417433,0.5937163851701106,0.08350919701905699,0.12420751970561861,0.6191643231889472,0.2528234482658919,0.06577004919370415,0.6760945181304224,0.1329758082046719,0.0887024450311657,0.09086154303816177,24.634703549053498,0.07233815805921891,2.2743319685732644,0.03078854701268017,3.0604507446289055,2.3720820301771184,0.25524475500378974,1.3000000000000007,0.26000000000000156,11.676231089800616,1.1608633004732312,3.1669290595584445,4.0282099723815925,4.767526607513426,2.2962962962962963,0.0,0.7399999999999984,0.9259259259259259,,,,,,,,,targeted_seed47_Conditional_NormalizingFlow_Risk_Generator,0.04812991152770059,0.1695771259223384,0.1376041026690584,0.1219512195121951
cessnock_or_newarea,TargetSelected_val_calibrated_riskfirst_evt_pool_global_main,4.0519518696875,3.851107384684788,2.8238592431054577,6.37037037037037,,0.5555555555555556,0.11884668671677096,8,C:\Users\13411\MyPython\project\ExtremeScene\results\method_pool_risk_target_selection_expanded_fast\cessnock_or_newarea\generated_samples_TargetSelected_val_calibrated_riskfirst_evt_pool_global_main.npy,1.1619850826361544,0.07833164448120317,0.17301742130842493,0.8968944721056067,0.19920475477584754,0.20074327459971075,0.8546901418820221,0.31016356347367835,0.17225858300207805,0.9711898988745945,0.1958999875769097,0.18200642630340458,0.19269280735594727,20.321509454619438,0.23760095596832914,6.572777154183683,0.0262065454033537,3.838626825809479,3.7221248453855527,0.37762237726588094,6.699999999999999,7.739999999999998,9.327351850625249,2.8348318110135295,3.0497969609719737,3.0987250328063958,5.3704264068603464,2.7037037037037037,0.3000000000000007,0.7399999999999984,0.8888888888888888,,,,,,,,,TargetSelected_val_calibrated_riskfirst_evt_pool_global_main,0.0247968073741147,0.09496884678673927,0.14874113260576646,0.30487804878048774
cessnock_or_newarea,TargetSelected_empirical_rf_duration_pool_duration_guard,5.00791528560957,11.238448992387212,2.7270845941513673,5.592592592592593,,0.5555555555555556,0.12414277238362105,9,C:\Users\13411\MyPython\project\ExtremeScene\results\method_pool_risk_target_selection_expanded_fast\cessnock_or_newarea\generated_samples_TargetSelected_empirical_rf_duration_pool_duration_guard.npy,1.1818142292921434,0.08039935698833457,0.1396536180287282,1.0575329574394083,0.2975203194370598,0.22948585689021525,0.8934744118862316,0.4085569823146012,0.13759746386184105,1.0442738662059277,0.2621588862466652,0.16891231292692818,0.17421857303691526,16.847074895153888,0.13410198598666795,4.101204235356349,0.007127235429402186,3.750045657157898,3.7221248453855527,0.262237761990195,4.0,3.2600000000000016,11.06078938146941,5.097415039054567,2.824037278140033,2.6024476051330563,2.3659382057189937,2.4074074074074074,0.0,0.0,0.8888888888888888,,,,,,,,,TargetSelected_empirical_rf_duration_pool_duration_guard,0.032117262683814575,0.2933332534526333,0.07676217748782001,0.04878048780487799
cessnock_or_newarea,TargetSelected_empirical_riskfirst_evt_pool_duration_guard,4.399963889646585,11.238448992387212,2.6510967871247515,5.962962962962963,,0.5185185185185185,0.12690927293353238,10,C:\Users\13411\MyPython\project\ExtremeScene\results\method_pool_risk_target_selection_expanded_fast\cessnock_or_newarea\generated_samples_TargetSelected_empirical_riskfirst_evt_pool_duration_guard.npy,1.0219403507778186,0.06840507713043792,0.13450086685904958,0.9576692596608676,0.23379728251289597,0.2069745750463402,0.8134750765384224,0.313195073555031,0.14177835606476832,0.9310282289923695,0.2051324777327883,0.16108459932338604,0.17283899229599062,19.915273068516754,0.1318472437343138,0.7736065439675741,0.011710213899864708,3.838626825809479,3.7221248453855527,0.24125874103097944,4.0,3.2600000000000016,10.738534599118495,5.289886209479981,2.683699863928336,2.6024476051330563,2.3659382057189937,2.4444444444444446,0.3000000000000007,0.0,0.9259259259259259,,,,,,,,,TargetSelected_empirical_riskfirst_evt_pool_duration_guard,0.02746176964873437,0.2933332534526333,0.02024403962224447,0.1707317073170731
cessnock_or_newarea,TargetSelected_val_calibrated_rf_duration_pool_global_q99,4.0519518696875,3.851107384684788,2.8582336146112843,6.444444444444445,,0.6296296296296297,0.12889695752841981,11,C:\Users\13411\MyPython\project\ExtremeScene\results\method_pool_risk_target_selection_expanded_fast\cessnock_or_newarea\generated_samples_TargetSelected_val_calibrated_rf_duration_pool_global_q99.npy,1.3212726417882945,0.08761268942001618,0.15118473698552606,1.0484799193358179,0.2936735078094019,0.2225437665550752,0.9232760382118663,0.4253024602067714,0.1409638420129924,1.0976761997786595,0.26886288581206313,0.1715641151845312,0.1798413344335341,17.807976911260337,0.20425740427009764,6.572777154183683,0.02442229885936002,3.750045657157898,3.7221248453855527,0.34265734233385475,6.699999999999999,7.739999999999998,9.992064481398039,2.8348318110135295,2.898408386442396,2.6862192153930664,5.289258480072016,2.5925925925925926,0.3000000000000007,0.7399999999999984,0.8888888888888888,,,,,,,,,TargetSelected_val_calibrated_rf_duration_pool_global_q99,0.0247968073741147,0.09496884678673927,0.17430806951089836,0.3292682926829269
cessnock_or_newarea,TargetSelected_empirical_ganfix_model_pool_global_main,5.185253067104611,5.31130808881133,2.624316352895996,7.2592592592592595,,0.3333333333333333,0.1400114698500922,12,C:\Users\13411\MyPython\project\ExtremeScene\results\method_pool_risk_target_selection_expanded_fast\cessnock_or_newarea\generated_samples_TargetSelected_empirical_ganfix_model_pool_global_main.npy,1.1699649691581726,0.08039477214580287,0.08217798045914397,0.5277761822508482,0.0790537180670134,0.11824311859953938,0.5076132949717398,0.14961042992035012,0.10231675026995517,0.7351181487935868,0.1030196400443888,0.10091261644287951,0.11573282829463115,32.91878451981619,0.3332794929596433,2.331093917985143,0.0017514703671364232,3.9841120779514316,4.143048557639123,0.34265734233385475,2.799999999999997,3.2600000000000016,13.972271680126026,0.5468203789626571,2.0082789615348533,1.8847162246704103,2.1533238029479973,2.8518518518518516,1.0,1.7399999999999984,0.7777777777777778,,,,,,,,,TargetSelected_empirical_ganfix_model_pool_global_main,0.03347525743814689,0.1341780592029048,0.0003253140652529768,0.5975609756097563
cessnock_or_newarea,TargetSelected_empirical_riskfirst_evt_pool_paper_weights,4.399963889646585,11.238448992387212,2.6450524456665367,6.333333333333333,,0.48148148148148145,0.14407804224444976,13,C:\Users\13411\MyPython\project\ExtremeScene\results\method_pool_risk_target_selection_expanded_fast\cessnock_or_newarea\generated_samples_TargetSelected_empirical_riskfirst_evt_pool_paper_weights.npy,1.245040223676972,0.07810345673241824,0.14674856867587047,0.9862176215860534,0.2531872319773167,0.22010662874379414,0.8638635222098711,0.3478580016440575,0.14702711362443432,1.0317071224909655,0.22638289678459747,0.1712941036813663,0.18802740373080495,17.89638989116933,0.2416705709822745,0.7736065439675741,0.007901458488846522,3.838626825809479,3.7221248453855527,0.34615384582705744,4.0,3.2600000000000016,10.768221685205551,5.289886209479981,2.588831150973285,2.21777982711792,2.2289401626586915,2.5185185185185186,0.3000000000000007,0.0,0.9629629629629629,,,,,,,,,TargetSelected_empirical_riskfirst_evt_pool_paper_weights,0.02746176964873437,0.2933332534526333,0.015748385158596903,0.2926829268292682
cessnock_or_newarea,TargetSelected_empirical_rf_duration_pool_paper_weights,5.00791528560957,11.238448992387212,2.68306406279724,6.222222222222222,,0.5925925925925926,0.14705494626444005,14,C:\Users\13411\MyPython\project\ExtremeScene\results\method_pool_risk_target_selection_expanded_fast\cessnock_or_newarea\generated_samples_TargetSelected_empirical_rf_duration_pool_paper_weights.npy,1.2820751262299805,0.08459240408105785,0.15474306129843027,1.056834049195758,0.301381429198776,0.23130220889571332,0.9225469860842321,0.4221991359875188,0.15080374829980828,1.0871520538366568,0.2693909897557842,0.17894967283131727,0.18450931347723432,16.424110709800264,0.1745911544240139,4.101204235356349,0.012799093804497917,3.750045657157898,3.7221248453855527,0.3216783213746392,4.0,3.2600000000000016,11.003078485983437,5.097415039054567,2.6358453697628446,2.21777982711792,2.2289401626586915,2.4814814814814814,0.0,0.0,0.9259259259259259,,,,,,,,,TargetSelected_empirical_rf_duration_pool_paper_weights,0.032117262683814575,0.2933332534526333,0.04402062910865697,0.25609756097560976
cessnock_or_newarea,TargetSelected_val_calibrated_riskfirst_evt_pool_core_ramp_guard,4.399963889646585,11.238448992387212,2.6958204303217053,6.296296296296297,,0.48148148148148145,0.15168881462465145,15,C:\Users\13411\MyPython\project\ExtremeScene\results\method_pool_risk_target_selection_expanded_fast\cessnock_or_newarea\generated_samples_TargetSelected_val_calibrated_riskfirst_evt_pool_core_ramp_guard.npy,1.2472989419360223,0.0772240979411883,0.1342150716133281,0.982840746559327,0.25140359957558017,0.21133212479922267,0.8570154119328954,0.3355776062220389,0.13519585618448368,1.0290517001427482,0.22140176791293578,0.16024768419901148,0.181636882006305,17.99716179753452,0.2444420328346565,0.7736065439675741,0.01818535188776786,3.838626825809479,3.7221248453855527,0.34265734233385475,4.0,3.2600000000000016,10.933160591868207,5.289886209479981,2.640376099833736,2.21777982711792,2.2289401626586915,2.5555555555555554,0.3000000000000007,0.0,0.9629629629629629,,,,,,,,,TargetSelected_val_calibrated_riskfirst_evt_pool_core_ramp_guard,0.02746176964873437,0.2933332534526333,0.05350854785013531,0.2804878048780489
cessnock_or_newarea,TargetSelected_val_calibrated_rf_duration_pool_paper_weights,5.00791528560957,11.238448992387212,2.7338320474524087,6.185185185185185,,0.5925925925925926,0.15466571864464174,16,C:\Users\13411\MyPython\project\ExtremeScene\results\method_pool_risk_target_selection_expanded_fast\cessnock_or_newarea\generated_samples_TargetSelected_val_calibrated_rf_duration_pool_paper_weights.npy,1.2843338444890309,0.08379200991211146,0.14220956423588796,1.0534462888401186,0.29947059779553126,0.2225277049511418,0.9159321840852501,0.4067530950337893,0.1389724908598576,1.0845707724714666,0.26333856758047736,0.16790325334896247,0.17811879175273437,16.524882616165453,0.17736261627639568,4.101204235356349,0.02308298720341937,3.750045657157898,3.7221248453855527,0.3181818178814367,4.0,3.2600000000000016,11.168017392646092,5.097415039054567,2.6873903186232955,2.21777982711792,2.2289401626586915,2.5185185185185186,0.0,0.0,0.9259259259259259,,,,,,,,,TargetSelected_val_calibrated_rf_duration_pool_paper_weights,0.032117262683814575,0.2933332534526333,0.08178079180019537,0.2439024390243902
cessnock_or_newarea,TargetSelected_val_calibrated_rf_duration_pool_core_ramp_guard,5.00791528560957,11.238448992387212,2.7338320474524087,6.185185185185185,,0.5925925925925926,0.15466571864464174,16,C:\Users\13411\MyPython\project\ExtremeScene\results\method_pool_risk_target_selection_expanded_fast\cessnock_or_newarea\generated_samples_TargetSelected_val_calibrated_rf_duration_pool_core_ramp_guard.npy,1.2843338444890309,0.08379200991211146,0.14220956423588796,1.0534462888401186,0.29947059779553126,0.2225277049511418,0.9159321840852501,0.4067530950337893,0.1389724908598576,1.0845707724714666,0.26333856758047736,0.16790325334896247,0.17811879175273437,16.524882616165453,0.17736261627639568,4.101204235356349,0.02308298720341937,3.750045657157898,3.7221248453855527,0.3181818178814367,4.0,3.2600000000000016,11.168017392646092,5.097415039054567,2.6873903186232955,2.21777982711792,2.2289401626586915,2.5185185185185186,0.0,0.0,0.9259259259259259,,,,,,,,,TargetSelected_val_calibrated_rf_duration_pool_core_ramp_guard,0.032117262683814575,0.2933332534526333,0.08178079180019537,0.2439024390243902
cessnock_or_newarea,TargetSelected_empirical_riskfirst_evt_pool_core_ramp_guard,2.2427633575469486,11.238448992387212,2.7124505743526646,6.481481481481482,,0.5185185185185185,0.15897170328358046,18,C:\Users\13411\MyPython\project\ExtremeScene\results\method_pool_risk_target_selection_expanded_fast\cessnock_or_newarea\generated_samples_TargetSelected_empirical_riskfirst_evt_pool_core_ramp_guard.npy,1.2866898409623668,0.0796527147515215,0.15622581515214426,0.9837076415413157,0.25233793350652445,0.2213807221847913,0.8760788454348416,0.35652561141203004,0.15456039784751704,1.0488254426461747,0.22950541989002535,0.17738897839481751,0.19199719045301838,18.606457259825476,0.26119907546168925,1.1696822550760118,0.01658542092398773,3.838626825809479,3.7221248453855527,0.36013985979986773,5.0,5.0,10.262192470247543,5.289886209479981,2.759487849694711,2.6862192153930664,5.289258480072016,2.4814814814814814,0.3000000000000007,0.0,0.9259259259259259,,,,,,,,,TargetSelected_empirical_riskfirst_evt_pool_core_ramp_guard,0.010942633219162565,0.2933332534526333,0.06587770034767905,0.3414634146341465
cessnock_or_newarea,TargetSelected_empirical_rf_duration_pool_core_ramp_guard,2.2427633575469486,11.238448992387212,2.750462191483368,6.37037037037037,,0.5925925925925926,0.16055195939304667,19,C:\Users\13411\MyPython\project\ExtremeScene\results\method_pool_risk_target_selection_expanded_fast\cessnock_or_newarea\generated_samples_TargetSelected_empirical_rf_duration_pool_core_ramp_guard.npy,1.3237061704137196,0.08623363841694408,0.16422030777470406,1.0544849962956087,0.3014299769595391,0.23257630233671037,0.9346917342210626,0.4324862804181738,0.15833703252289097,1.1042943003101302,0.27338329859821897,0.18504454754476848,0.18847910019944777,17.134178078456408,0.19411965890342842,0.46819987511871375,0.02148305623963924,3.750045657157898,3.7221248453855527,0.33566433534744966,5.0,5.0,10.497049271025425,5.097415039054567,2.806502068484271,2.6862192153930664,5.289258480072016,2.4444444444444446,0.0,0.0,0.9259259259259259,,,,,,,,,TargetSelected_empirical_rf_duration_pool_core_ramp_guard,0.010942633219162565,0.2933332534526333,0.09414994429773911,0.30487804878048774
cessnock_or_newarea,TargetSelected_empirical_rf_duration_pool_global_q99,5.00791528560957,11.238448992387212,2.7187284666773244,6.444444444444445,,0.5555555555555556,0.16466216500578623,20,C:\Users\13411\MyPython\project\ExtremeScene\results\method_pool_risk_target_selection_expanded_fast\cessnock_or_newarea\generated_samples_TargetSelected_empirical_rf_duration_pool_global_q99.npy,1.3359478542834151,0.08732161004871154,0.16186099826437733,1.052642225984041,0.3006846561387244,0.23409906219611812,0.9404674334367242,0.42873334040889927,0.15772710160706374,1.1096858379013934,0.27224653553211176,0.18456238735585306,0.1911059879742516,16.959738626970772,0.19402647020272756,4.101204235356349,0.017394300668603317,3.1337252020835873,3.5092896360158914,0.34265734233385475,4.0,3.2600000000000016,10.91857001363763,5.289886209479981,2.6356010878527605,2.21777982711792,2.2289401626586915,2.5185185185185186,0.3000000000000007,0.0,0.9629629629629629,,,,,,,,,TargetSelected_empirical_rf_duration_pool_global_q99,0.032117262683814575,0.2933332534526333,0.07054706504965133,0.3292682926829269
cessnock_or_newarea,TargetSelected_empirical_all_method_pool_global_main,12.97515863936107,5.31130808881133,2.6444450312884764,7.37037037037037,,0.4074074074074074,0.16713786202588993,21,C:\Users\13411\MyPython\project\ExtremeScene\results\method_pool_risk_target_selection_expanded_fast\cessnock_or_newarea\generated_samples_TargetSelected_empirical_all_method_pool_global_main.npy,1.2384004958372548,0.07525556935544131,0.0494924696408743,0.5002420523692626,0.0741183604691911,0.15557434779420656,0.43704896686821915,0.1279084253309286,0.05550493672973361,0.725230505024912,0.09242745171852033,0.0868572513882715,0.06179068325488238,35.97956986992025,0.4574564512334265,0.33723114868467974,0.0031565783270954065,4.323998224735259,4.483016106486321,0.367132866786273,0.3000000000000007,2.2199999999999953,13.21912305814757,1.5036802178871937,1.8615623580084906,0.6342918872833252,1.096320524215697,2.7037037037037037,1.0,1.7399999999999984,0.8148148148148148,,,,,,,,,TargetSelected_empirical_all_method_pool_global_main,0.09312780758671252,0.1341780592029048,0.015296603077970174,0.6341463414634146
cessnock_or_newarea,TargetSelected_val_calibrated_riskfirst_evt_pool_paper_weights,4.399963889646585,11.238448992387212,2.760888021812274,6.444444444444445,,0.48148148148148145,0.17110486541542697,22,C:\Users\13411\MyPython\project\ExtremeScene\results\method_pool_risk_target_selection_expanded_fast\cessnock_or_newarea\generated_samples_TargetSelected_val_calibrated_riskfirst_evt_pool_paper_weights.npy,1.199080593056149,0.07252757249223868,0.13408070672947373,0.9230744729970172,0.21902377614818605,0.20772901059538862,0.8232409163159482,0.3079666616733559,0.13681294822386456,0.9817986607897048,0.19983933677126023,0.1595408885162423,0.17968972373280448,17.70570222078774,0.2524578492223886,0.7736065439675741,0.026569034510183488,3.5005279064178456,3.645530640482903,0.32867132836104446,4.0,3.2600000000000016,10.936928894971437,5.320409464616155,2.642536260463573,2.21777982711792,2.2289401626586915,2.5925925925925926,0.3000000000000007,0.0,0.9629629629629629,,,,,,,,,TargetSelected_val_calibrated_riskfirst_evt_pool_paper_weights,0.02746176964873437,0.2933332534526333,0.1019044583303105,0.3292682926829269
cessnock_or_newarea,enhanced_gan,3.9460165492884727,5.059530363711644,2.971851956472232,6.925925925925926,4.111111111111111,0.4814814814814814,0.1832953632107823,23,C:\Users\13411\MyPython\project\ExtremeScene\results\tailweighted_month_evt_copula\cessnock_or_newarea\generated_samples_enhanced_gan.npy,0.9862014913755188,0.0549581612036689,0.073816459923201,0.4314015471926397,0.0986652328186756,0.1584158770120492,0.3306254816735968,0.0623491273819331,0.0753371423414617,0.5827428400805852,0.0719908404680926,0.102523159758904,0.1330774901030065,28.85651813942477,0.5199613065833496,7.25751142155616,0.1909808608074704,0.4239851713180531,0.914750892519951,0.3881118877454886,1.3000000000000007,1.0,13.019917466305628,12.233081344098371,1.968299322658115,1.3407991409301765,1.417499675750732,2.2222222222222223,0.3000000000000007,0.7399999999999984,0.8148148148148148,0.7633129953486515,0.2159407636814425,0.1220329570970571,0.2600076223300249,13.34622073255692,5.609995122061335,1.972258109599352,5.0,enhanced_gan,0.023985589323524542,0.12741734043513944,0.2588150103034642,0.4878048780487804
cessnock_or_newarea,TargetSelected_empirical_all_method_pool_global_q99,12.97515863936107,9.858292645360741,2.8568882130504654,6.185185185185185,,0.5925925925925926,0.18473257117898084,24,C:\Users\13411\MyPython\project\ExtremeScene\results\method_pool_risk_target_selection_expanded_fast\cessnock_or_newarea\generated_samples_TargetSelected_empirical_all_method_pool_global_q99.npy,1.0205435998155257,0.04508699080958925,0.045630932226326436,0.5050175364119724,0.07929744384269112,0.1553790012292584,0.36644862565395075,0.0844202632935833,0.0705376994553925,0.6306699206271497,0.06960156598195456,0.09051587763699244,0.04056932148674849,32.27014646068687,0.41069249334461305,0.3327276494595566,0.02310420508287923,4.201351946592331,2.8067269843816796,0.25524475500378974,0.3000000000000007,1.4799999999999969,12.795888585677842,5.114811523041027,1.6918282685456452,1.4485946178436286,1.2542494678497311,2.6666666666666665,1.0,1.7399999999999984,0.8888888888888888,,,,,,,,,TargetSelected_empirical_all_method_pool_global_q99,0.09312780758671252,0.2562733868020072,0.1733073880348256,0.2439024390243902
cessnock_or_newarea,TargetSelected_empirical_targeted_expanded_pool_global_q99,1.4394037576420686,9.161968059652914,3.1171700363500148,5.925925925925926,,0.5185185185185185,0.1882153237075586,25,C:\Users\13411\MyPython\project\ExtremeScene\results\method_pool_risk_target_selection_expanded_fast\cessnock_or_newarea\generated_samples_TargetSelected_empirical_targeted_expanded_pool_global_q99.npy,0.9958685749352226,0.04245657470431089,0.043339193244905566,0.5133556666559842,0.07826812780748178,0.1366511593674987,0.3896599622767472,0.08077087808529544,0.06332786481744254,0.632961401289318,0.06716519353236271,0.0811060724766156,0.06073377021598245,31.76438480601148,0.42618388501279164,2.103975963914962,0.0625155753832479,2.271526831388474,2.2483886438608174,0.23076923055137152,0.3000000000000007,1.4799999999999969,13.420661895998755,5.233298663240639,1.8327723785682961,1.7228089809417728,2.1245698165893545,2.4814814814814814,0.6999999999999993,0.26000000000000156,0.9259259259259259,,,,,,,,,TargetSelected_empirical_targeted_expanded_pool_global_q99,0.0047907680423455315,0.23757572523092316,0.36689955168280003,0.15853658536585352
cessnock_or_newarea,TargetSelected_empirical_targeted_expanded_pool_paper_weights,2.8573491250318312,12.423500312048041,2.9721251797487236,5.888888888888889,,0.4444444444444444,0.18894670741145703,26,C:\Users\13411\MyPython\project\ExtremeScene\results\method_pool_risk_target_selection_expanded_fast\cessnock_or_newarea\generated_samples_TargetSelected_empirical_targeted_expanded_pool_paper_weights.npy,1.1343368316383518,0.049120018500519155,0.04601857636331222,0.6004121297566616,0.09580460301854883,0.1443348437889301,0.40895169007177146,0.0880990326100298,0.06713248692511205,0.7145668838222616,0.07767455137636593,0.08582863569245146,0.06647875113720031,29.406234643106117,0.49853425982109045,1.040558311657307,0.06943813639126876,3.1839478790760047,2.4605551332235347,0.29720279692222096,1.6999999999999993,0.5200000000000031,12.561801047777244,5.450679258196821,1.8091910150316026,2.0292816162109375,2.1977781295776353,2.5555555555555554,0.3000000000000007,0.7399999999999984,0.9259259259259259,,,,,,,,,TargetSelected_empirical_targeted_expanded_pool_paper_weights,0.01564893010240798,0.3251541728545541,0.259018228048693,0.14634146341463425
cessnock_or_newarea,TargetSelected_empirical_targeted_expanded_pool_duration_guard,2.8573491250318312,12.423500312048041,2.8253236175277614,6.444444444444445,,0.5185185185185185,0.18908875069004674,27,C:\Users\13411\MyPython\project\ExtremeScene\results\method_pool_risk_target_selection_expanded_fast\cessnock_or_newarea\generated_samples_TargetSelected_empirical_targeted_expanded_pool_duration_guard.npy,1.0217188206719763,0.04668178658587668,0.03624160474673159,0.5001070845575197,0.08145864723768954,0.14700422640905855,0.391447002373842,0.08603210010529594,0.06379935252478351,0.6377576358677793,0.07139084464295405,0.08234839456019122,0.0667235982787686,33.02811162980673,0.44937350721299835,1.040558311657307,0.019383423393772733,3.9817721068859093,3.7931949311494844,0.2727272724698028,0.3000000000000007,0.0,13.062219183169917,5.450679258196821,1.9085126099763092,1.7228089809417728,2.1245698165893545,2.5555555555555554,0.3000000000000007,0.7399999999999984,0.9259259259259259,,,,,,,,,TargetSelected_empirical_targeted_expanded_pool_duration_guard,0.01564893010240798,0.3251541728545541,0.1498303036020764,0.3292682926829269
cessnock_or_newarea,TargetSelected_empirical_targeted_expanded_pool_global_main,2.9447789666755284,12.427835504831052,2.680501611655388,7.074074074074074,,0.5555555555555556,0.19349319391816372,28,C:\Users\13411\MyPython\project\ExtremeScene\results\method_pool_risk_target_selection_expanded_fast\cessnock_or_newarea\generated_samples_TargetSelected_empirical_targeted_expanded_pool_global_main.npy,1.009854235030987,0.0626316123527647,0.05412275155892727,0.5215843430975198,0.08288078150331649,0.13201339269600623,0.4704538182495713,0.11992283295925882,0.06539292072616482,0.6672974654593594,0.08847840893844666,0.0838430216603661,0.0994878904113244,34.95490157747036,0.478453467626086,2.730152889507295,0.013605698904601232,3.9824966311454766,4.393307012915612,0.34615384582705744,1.6999999999999993,2.0,11.735537202207247,4.203888646061927,2.2710857038144714,1.7756329059600828,1.404575538635254,2.4074074074074074,0.0,1.4799999999999969,0.8148148148148148,,,,,,,,,TargetSelected_empirical_targeted_expanded_pool_global_main,0.0163184392466146,0.3252705811635035,0.042114731668318035,0.5365853658536587
cessnock_or_newarea,TargetSelected_empirical_all_method_pool_duration_guard,15.084387833123415,12.423500312048041,2.6938960314491176,6.555555555555555,,0.4074074074074074,0.19822748427187134,29,C:\Users\13411\MyPython\project\ExtremeScene\results\method_pool_risk_target_selection_expanded_fast\cessnock_or_newarea\generated_samples_TargetSelected_empirical_all_method_pool_duration_guard.npy,1.26142224093033,0.051474279066433246,0.026774443531429267,0.40657991284271344,0.07100969253046996,0.12555345436257245,0.35985394385492997,0.08475774066395544,0.06416562327701734,0.6759520325426577,0.06908057075361955,0.07216450705700635,0.06793454193866065,35.46962876511812,0.5588452656668444,8.173458837519007,0.025028085018876007,4.042240989208221,4.636288629174231,0.332167831854247,1.6999999999999993,1.2600000000000016,12.85357581607243,5.114811523041027,1.8059670483624493,1.4485946178436286,1.2542494678497311,2.4074074074074074,0.3000000000000007,0.7399999999999984,0.8888888888888888,,,,,,,,,TargetSelected_empirical_all_method_pool_duration_guard,0.10927959519038191,0.3251541728545541,0.05207722031161098,0.3658536585365853
cessnock_or_newarea,TargetSelected_empirical_ganfix_model_pool_duration_guard,20.121773665094423,5.752966773129444,2.6561593186666466,7.592592592592593,,0.5555555555555556,0.2002674314667729,30,C:\Users\13411\MyPython\project\ExtremeScene\results\method_pool_risk_target_selection_expanded_fast\cessnock_or_newarea\generated_samples_TargetSelected_empirical_ganfix_model_pool_duration_guard.npy,1.2822021508413084,0.06159969955697948,0.047785003149122686,0.5143838764963647,0.07833728353567734,0.13063564381138573,0.5432820711127828,0.15064251184875885,0.10261324871216486,0.7799560328168186,0.09685983164713856,0.09367796522422443,0.11072191635111563,34.016976305774996,0.5065745532617913,17.50649577499216,0.026575396080451022,3.053536438941956,2.5824637812376032,0.36013985979986773,3.3000000000000007,2.2600000000000016,13.445151877504372,3.3315951419680303,1.9664874076843262,1.4485946178436286,1.2542494678497311,2.6296296296296298,0.0,0.7399999999999984,0.8148148148148148,,,,,,,,,TargetSelected_empirical_ganfix_model_pool_duration_guard,0.1478542490385007,0.14603744888812742,0.024009444452698793,0.7073170731707318
cessnock_or_newarea,TargetSelected_empirical_targeted_expanded_pool_core_ramp_guard,2.8573491250318312,12.423500312048041,2.940892373481162,6.2592592592592595,,0.4444444444444444,0.20143181370319344,31,C:\Users\13411\MyPython\project\ExtremeScene\results\method_pool_risk_target_selection_expanded_fast\cessnock_or_newarea\generated_samples_TargetSelected_empirical_targeted_expanded_pool_core_ramp_guard.npy,1.0750348823060714,0.04683554500045505,0.04953487443727067,0.6004145528817009,0.09566745622639061,0.1600917959390209,0.43505665824038703,0.09087437946379082,0.06866106351379007,0.7035020311427198,0.07779246023021216,0.09276257796336056,0.07620321228150867,29.182496046669897,0.4873159327306411,1.7986408551359574,0.06260898200898832,3.1839478790760047,2.4605551332235347,0.29020978993581575,1.6999999999999993,0.5200000000000031,12.8241265465701,5.450679258196821,1.8972776024429887,2.0292816162109375,2.1977781295776353,2.5555555555555554,0.3000000000000007,0.7399999999999984,0.8888888888888888,,,,,,,,,TargetSelected_empirical_targeted_expanded_pool_core_ramp_guard,0.01564893010240798,0.3251541728545541,0.23578792150832167,0.26829268292682934
cessnock_or_newarea,TargetSelected_empirical_all_method_pool_paper_weights,15.084387833123415,12.423500312048041,2.9316953006308286,5.851851851851852,,0.4444444444444444,0.20768891451518384,32,C:\Users\13411\MyPython\project\ExtremeScene\results\method_pool_risk_target_selection_expanded_fast\cessnock_or_newarea\generated_samples_TargetSelected_empirical_all_method_pool_paper_weights.npy,1.244904507825404,0.05227438224586954,0.038272617206307764,0.5135651241377183,0.07594337234140154,0.13819941446284598,0.3803148333878468,0.08750396186558472,0.06124996348995224,0.7129281551169896,0.07190723881761861,0.07924066505303533,0.07182048934265463,31.740476538365826,0.5627313421259547,8.173458837519007,0.06194001210139336,3.9817721068859093,2.7562648993730576,0.29370629342901844,1.6999999999999993,0.5200000000000031,12.64529147180918,5.114811523041027,1.7322407298617892,1.7228089809417728,1.557401809692383,2.4814814814814814,0.3000000000000007,0.7399999999999984,0.8518518518518519,,,,,,,,,TargetSelected_empirical_all_method_pool_paper_weights,0.10927959519038191,0.3251541728545541,0.2289473315287634,0.13414634146341467
cessnock_or_newarea,TargetSelected_empirical_all_method_pool_core_ramp_guard,15.084387833123415,12.423500312048041,2.8831036217377037,6.037037037037037,,0.4444444444444444,0.20779988795620155,33,C:\Users\13411\MyPython\project\ExtremeScene\results\method_pool_risk_target_selection_expanded_fast\cessnock_or_newarea\generated_samples_TargetSelected_empirical_all_method_pool_core_ramp_guard.npy,1.1832313880998901,0.04649120491348309,0.044759190132838876,0.5181657122626844,0.07795745180301533,0.13827219270707206,0.40175508913000657,0.08743428368610039,0.06442395437919124,0.7010507298308605,0.07062764680086626,0.0824851124063674,0.07036872177551332,30.982667766395092,0.5368248427920937,8.173458837519007,0.057347474680672555,3.9817721068859093,2.7562648993730576,0.2692307689766002,1.6999999999999993,0.5200000000000031,13.183934073193862,5.114811523041027,1.6869910558064778,1.7228089809417728,1.557401809692383,2.5555555555555554,0.3000000000000007,0.7399999999999984,0.8518518518518519,,,,,,,,,TargetSelected_empirical_all_method_pool_core_ramp_guard,0.10927959519038191,0.3251541728545541,0.19280585943917572,0.19512195121951223
cessnock_or_newarea,TargetSelected_empirical_riskfirst_evt_pool_global_main,8.675193189673706,11.238448992387212,2.8590522028749144,6.62962962962963,,0.4074074074074074,0.20832581436002595,34,C:\Users\13411\MyPython\project\ExtremeScene\results\method_pool_risk_target_selection_expanded_fast\cessnock_or_newarea\generated_samples_TargetSelected_empirical_riskfirst_evt_pool_global_main.npy,1.0108830440682146,0.06779801883818665,0.16384611738606253,0.9077095556569155,0.20897917311552605,0.19074243486378864,0.8141988211787234,0.28876901666710536,0.1775877465498934,0.9109304736346179,0.18851540287360602,0.17739209959991487,0.1711560294922473,23.690999192308347,0.010787012771829387,19.01766786492486,0.022552854955238066,4.009088256955147,4.399012841582298,0.2342657340445742,2.6999999999999993,3.0,11.464038429071739,5.097415039054567,2.6395068610156023,2.6024476051330563,2.596954612731933,2.814814814814815,0.0,0.0,0.9259259259259259,,,,,,,,,TargetSelected_empirical_riskfirst_evt_pool_global_main,0.06020007794412136,0.2933332534526333,0.1749169183005835,0.39024390243902446
cessnock_or_newarea,TargetSelected_empirical_riskfirst_evt_pool_q99_guard,14.895801329445277,11.89050087989942,2.642027147901158,7.222222222222222,,0.5555555555555556,0.21678270673502947,35,C:\Users\13411\MyPython\project\ExtremeScene\results\method_pool_risk_target_selection_expanded_fast\cessnock_or_newarea\generated_samples_TargetSelected_empirical_riskfirst_evt_pool_q99_guard.npy,1.198102670687216,0.07278059805053877,0.16674024515070374,0.8956883415497335,0.20767672033501514,0.2099427035800354,0.8410035297412324,0.3099653547287985,0.17113942528848827,0.9782648473260607,0.19680755770478411,0.18260745800640912,0.1928804338939241,21.084634168142514,0.23216069453649507,0.7736065439675741,0.00972830152676193,3.456632983684539,3.645530640482903,0.332167831854247,5.0,7.219999999999995,10.464409499282294,5.320409464616155,2.67168637558266,2.7475987434387203,3.450916957855222,2.5185185185185186,0.3000000000000007,0.0,0.9629629629629629,,,,,,,,,TargetSelected_empirical_riskfirst_evt_pool_q99_guard,0.10783546139907278,0.3108421074694659,0.013498232102749435,0.5853658536585367
cessnock_or_newarea,TargetSelected_val_calibrated_riskfirst_evt_pool_global_q99,20.422367492172853,2.8378528295629124,3.08555094672893,6.777777777777778,,0.5185185185185185,0.21707427275740612,36,C:\Users\13411\MyPython\project\ExtremeScene\results\method_pool_risk_target_selection_expanded_fast\cessnock_or_newarea\generated_samples_TargetSelected_val_calibrated_riskfirst_evt_pool_global_q99.npy,1.3450521144847323,0.08143088829358983,0.13559840263964393,0.9046130309849076,0.20592869276271245,0.20146991791777127,0.7841652775040615,0.286831992502978,0.13756825470181744,1.0112768076579004,0.19139719118642673,0.15821219175307755,0.17079490032425088,22.92542685386331,0.39268412455999413,9.636760758473656,0.06032712615962655,3.013566005229949,1.9133022075891528,0.40209790171829896,6.699999999999999,7.739999999999998,10.899745696027711,0.7994673338574998,2.9412441341965287,2.6862192153930664,5.289258480072016,2.5185185185185186,0.3000000000000007,0.7399999999999984,0.8888888888888888,,,,,,,,,TargetSelected_val_calibrated_riskfirst_evt_pool_global_q99,0.15015609829428717,0.06776100270671204,0.34338193568208397,0.43902439024390244
cessnock_or_newarea,TargetSelected_val_calibrated_riskfirst_evt_pool_q99_guard,14.895801329445277,11.89050087989942,2.6927951325563266,7.185185185185185,,0.5555555555555556,0.2243934791152311,37,C:\Users\13411\MyPython\project\ExtremeScene\results\method_pool_risk_target_selection_expanded_fast\cessnock_or_newarea\generated_samples_TargetSelected_val_calibrated_riskfirst_evt_pool_q99_guard.npy,1.2003613889462665,0.07230119307419408,0.15420674808816134,0.8922871596016957,0.20566061716753392,0.20116819963546387,0.8340249461232763,0.2995364356958223,0.16038874677626636,0.9755578315570794,0.19249941531251677,0.17192123149996386,0.18648991216942418,21.1854060745077,0.23493215638887727,0.7736065439675741,0.02001219492568327,3.456632983684539,3.645530640482903,0.32867132836104446,5.0,7.219999999999995,10.629348405944947,5.320409464616155,2.723231324443111,2.7475987434387203,3.450916957855222,2.5555555555555554,0.3000000000000007,0.0,0.9629629629629629,,,,,,,,,TargetSelected_val_calibrated_riskfirst_evt_pool_q99_guard,0.10783546139907278,0.3108421074694659,0.05125839479428784,0.5731707317073171
cessnock_or_newarea,TargetSelected_empirical_ganfix_model_pool_paper_weights,20.121773665094423,13.12745379942546,2.71294963962821,6.666666666666667,,0.5925925925925926,0.22450135758552273,38,C:\Users\13411\MyPython\project\ExtremeScene\results\method_pool_risk_target_selection_expanded_fast\cessnock_or_newarea\generated_samples_TargetSelected_empirical_ganfix_model_pool_paper_weights.npy,1.3839628264737227,0.06765036312011108,0.08111793597696343,0.6069899155089593,0.09888041664709818,0.1632885790690504,0.5711224808800168,0.1555672595170132,0.12011399203355548,0.8540250742875664,0.10736601309474081,0.12150683569318976,0.11220822531309575,28.969899928038476,0.46734085964754335,19.273699746882997,0.011254945816561598,2.1120299935340885,2.131726951003074,0.29370629342901844,3.6999999999999993,2.520000000000003,12.881140794494131,6.732197714892919,2.005721648534139,1.7228089809417728,1.557401809692383,2.6666666666666665,0.0,0.7399999999999984,0.8518518518518519,,,,,,,,,TargetSelected_empirical_ganfix_model_pool_paper_weights,0.1478542490385007,0.34405668518705723,0.066248894637275,0.40243902439024404
cessnock_or_newarea,TargetSelected_empirical_rf_duration_pool_q99_guard,14.287849933482292,11.89050087989942,2.816708365483296,6.777777777777778,,0.5925925925925926,0.22591589622179517,39,C:\Users\13411\MyPython\project\ExtremeScene\results\method_pool_risk_target_selection_expanded_fast\cessnock_or_newarea\generated_samples_TargetSelected_empirical_rf_duration_pool_q99_guard.npy,1.5079187696853291,0.09790424316399628,0.1939350019109087,1.0505796066383721,0.3002166143982455,0.24740502251889898,0.9868598628267954,0.4509296980735335,0.1854902847890457,1.1817860797168322,0.28301685187859177,0.20894343640628446,0.2096724313996952,17.355161008931386,0.28020729980206954,3.2948579211325324,0.04128197735322701,3.0580490112304677,2.912881135344506,0.4230769226775147,6.0,7.479999999999997,11.056890687932151,5.097415039054567,3.0960186234226934,3.8770939826965325,5.319352912902829,2.4444444444444446,0.3000000000000007,0.7399999999999984,1.0,,,,,,,,,TargetSelected_empirical_rf_duration_pool_q99_guard,0.10317996836399258,0.3108421074694659,0.14342245974068904,0.43902439024390244
cessnock_or_newarea,TargetSelected_empirical_ganfix_model_pool_global_q99,12.769009878829138,9.029014118292807,2.855668820123861,7.185185185185185,,0.48148148148148145,0.22674216981899153,40,C:\Users\13411\MyPython\project\ExtremeScene\results\method_pool_risk_target_selection_expanded_fast\cessnock_or_newarea\generated_samples_TargetSelected_empirical_ganfix_model_pool_global_q99.npy,1.0204662266091553,0.06330385303341937,0.08897534666830581,0.6200222222305081,0.10305162788010191,0.15019297064156695,0.5260683796961246,0.14295021978638783,0.11311528625863837,0.7221856095119293,0.10310190023330305,0.11742786785617038,0.1005419151219692,28.485089864125793,0.26201735113365726,1.7923820164268136,0.009888774468743493,3.053536438941956,2.4814293450117137,0.2587412584969925,3.0,3.0,12.564487902918236,1.4790691227453365,1.8237904530984383,1.238432836532593,1.2377742004394534,3.037037037037037,0.3000000000000007,1.4799999999999969,0.8518518518518519,,,,,,,,,TargetSelected_empirical_ganfix_model_pool_global_q99,0.09154918777397793,0.23400565481962776,0.1724004291392491,0.5731707317073171
cessnock_or_newarea,TargetSelected_val_calibrated_rf_duration_pool_q99_guard,14.287849933482292,11.89050087989942,2.867476350138464,6.7407407407407405,,0.5925925925925926,0.23352666860199678,41,C:\Users\13411\MyPython\project\ExtremeScene\results\method_pool_risk_target_selection_expanded_fast\cessnock_or_newarea\generated_samples_TargetSelected_val_calibrated_rf_duration_pool_q99_guard.npy,1.5101774879443788,0.09733357088554884,0.18140150484836634,1.0471918462827325,0.2980411896451264,0.2386305185743275,0.9800579392814955,0.4350470535799031,0.1747396062768238,1.179142424502869,0.2768072713701928,0.19825720989983922,0.20328190967519533,17.45593291529657,0.2829787616544515,3.2948579211325324,0.051565870752148454,3.0580490112304677,2.912881135344506,0.419580419184312,6.0,7.479999999999997,11.221829594594807,5.097415039054567,3.1475635722831443,3.8770939826965325,5.319352912902829,2.4814814814814814,0.3000000000000007,0.7399999999999984,1.0,,,,,,,,,TargetSelected_val_calibrated_rf_duration_pool_q99_guard,0.10317996836399258,0.3108421074694659,0.18118262243222713,0.42682926829268286
cessnock_or_newarea,ganfix_Conditional_Transformer_Risk_Generator,40.20366935925601,5.2370488001022935,2.879880185991405,6.666666666666667,,0.3333333333333333,0.23811360593854622,42,C:\Users\13411\MyPython\project\ExtremeScene\results\model_pool_experiments_new_machine_margin_formal50_ganfix\cessnock_or_newarea\generated_samples_Conditional_Transformer_Risk_Generator.npy,1.2372304640189116,0.055389514837774635,0.01792800820787809,0.18072634876994711,0.052815171452208536,0.08675548558763306,0.14160265237736852,0.09222433488230716,0.01385815350258677,0.5198531550554091,0.06680967372409678,0.03951388243269931,0.09446212828013294,46.9893465980205,0.5732502407402004,21.39677946522538,0.13360979896161562,2.113816559314728,1.766367017626763,0.23776223753777675,1.0,1.0,17.598135915669886,1.3859165152672617,1.8081098397572835,1.0034368515014647,1.203546848297119,2.5925925925925926,0.6999999999999993,1.0,0.7037037037037037,,,,,,,,,ganfix_Conditional_Transformer_Risk_Generator,0.30163484096770926,0.1321840537099355,0.19040833550686476,0.40243902439024404
cessnock_or_newarea,TargetSelected_empirical_targeted_expanded_pool_q99_guard,2.8573491250318312,12.423500312048041,3.0949197195888565,6.444444444444445,,0.5185185185185185,0.23921873292184662,43,C:\Users\13411\MyPython\project\ExtremeScene\results\method_pool_risk_target_selection_expanded_fast\cessnock_or_newarea\generated_samples_TargetSelected_empirical_targeted_expanded_pool_q99_guard.npy,0.9810896282823979,0.04550212287871203,0.04630298660774934,0.5653304841225728,0.08980533049257343,0.16018839288742984,0.4256786270701691,0.0950291055709994,0.07584671961003835,0.6573662464917133,0.07677885298076163,0.09411269970173917,0.07456338055396565,32.25047130469766,0.4390872699640676,1.040558311657307,0.05361658181698506,3.1839478790760047,2.4605551332235347,0.2587412584969925,0.3000000000000007,0.0,12.365686635394498,5.450679258196821,1.866385406917996,1.7228089809417728,2.1245698165893545,2.4814814814814814,0.3000000000000007,0.7399999999999984,0.9259259259259259,,,,,,,,,TargetSelected_empirical_targeted_expanded_pool_q99_guard,0.01564893010240798,0.3251541728545541,0.35035023252927583,0.3292682926829269
cessnock_or_newarea,TargetSelected_empirical_ganfix_model_pool_core_ramp_guard,20.121773665094423,13.12745379942546,2.7576274711367055,6.814814814814815,,0.5555555555555556,0.24012603936985621,44,C:\Users\13411\MyPython\project\ExtremeScene\results\method_pool_risk_target_selection_expanded_fast\cessnock_or_newarea\generated_samples_TargetSelected_empirical_ganfix_model_pool_core_ramp_guard.npy,1.3751471489054676,0.06830491080537372,0.08254175341464474,0.6172737105448749,0.10111588378220049,0.1533385391077649,0.5436304537663581,0.13641458794674502,0.12049352773038513,0.8453504377389002,0.10194512751143973,0.11879127341759826,0.10820645469883908,28.854085188580964,0.464155684890733,19.273699746882997,0.025295743579233965,2.1120299935340885,2.131726951003074,0.28671328644261324,3.6999999999999993,2.520000000000003,13.281517290985741,6.732197714892919,1.88594001310843,1.7228089809417728,1.557401809692383,2.6666666666666665,0.0,0.7399999999999984,0.8888888888888888,,,,,,,,,TargetSelected_empirical_ganfix_model_pool_core_ramp_guard,0.1478542490385007,0.34405668518705723,0.09947932909168222,0.451219512195122
cessnock_or_newarea,TargetSelected_empirical_riskfirst_evt_pool_global_q99,7.382508238151686,11.238448992387212,2.97980781689788,7.0,,0.4444444444444444,0.24610268321338258,45,C:\Users\13411\MyPython\project\ExtremeScene\results\method_pool_risk_target_selection_expanded_fast\cessnock_or_newarea\generated_samples_TargetSelected_empirical_riskfirst_evt_pool_global_q99.npy,1.00103109780653,0.06466618516186494,0.16571682581871647,0.934616526376657,0.2255547601969002,0.20354204207637108,0.8552437772979097,0.3228862784083337,0.1752113330679811,0.9302971338270322,0.20436907458903297,0.18149006698768955,0.17410498107369796,22.925072047824997,0.045576939508088984,12.240129413246692,0.022962338904017256,3.1337252020835873,3.5092896360158914,0.25524475500378974,3.3000000000000007,3.0,11.545130828884101,5.289886209479981,2.462268078768695,2.021757268905639,2.2289401626586915,2.7777777777777777,0.3000000000000007,0.0,0.9259259259259259,,,,,,,,,TargetSelected_empirical_riskfirst_evt_pool_global_q99,0.0503011191978696,0.2933332534526333,0.26473241250219526,0.5121951219512195
cessnock_or_newarea,targeted_seed45_Conditional_NormalizingFlow_Risk_Generator,3.4738967714071407,11.70949143547076,3.1937439226032303,6.37037037037037,,0.4074074074074074,0.24960067935211194,46,C:\Users\13411\MyPython\project\ExtremeScene\results\targeted_expanded_pool_multiseed\seed45\expanded_pool\cessnock_or_newarea\generated_samples_Conditional_NormalizingFlow_Risk_Generator.npy,0.9506453278133408,0.059929358368932005,0.03639887836470417,0.5512565643513259,0.08158927156475015,0.09343980939799425,0.39229950346359255,0.15901432427256149,0.049304898259869716,0.6314004652094197,0.10017765140208122,0.05971452867418938,0.09436598235612997,30.360230486151227,0.23325714099180883,0.46670312934273284,0.03768001874724328,2.741746950149535,1.2817419308424043,0.29370629342901844,0.3000000000000007,1.4799999999999969,12.323590037905111,5.6394481218748,3.2486293845706515,4.370972347259521,4.209364795684815,2.185185185185185,0.3000000000000007,0.7399999999999984,0.8518518518518519,,,,,,,,,targeted_seed45_Conditional_NormalizingFlow_Risk_Generator,0.020370250412806788,0.30598165387847764,0.4238536029906138,0.30487804878048774
cessnock_or_newarea,TargetSelected_empirical_ganfix_model_pool_q99_guard,20.121773665094423,13.12745379942546,2.7587347311696417,7.037037037037037,,0.6296296296296297,0.251307538325956,47,C:\Users\13411\MyPython\project\ExtremeScene\results\method_pool_risk_target_selection_expanded_fast\cessnock_or_newarea\generated_samples_TargetSelected_empirical_ganfix_model_pool_q99_guard.npy,1.4767421307387179,0.06976799696086847,0.06220024946152015,0.5429147783461864,0.0869871480784475,0.13183807399807504,0.5452343013855978,0.13895003790856406,0.1191403895980845,0.8549637368235006,0.09856839431596003,0.10439290435255989,0.11372977608535899,29.33898016659902,0.5236987145160833,19.273699746882997,0.02610158212100777,2.085126578807831,2.131726951003074,0.37762237726588094,4.0,2.520000000000003,11.372529421981161,7.132653385779285,2.264346634900128,1.7756329059600828,1.557401809692383,2.3703703703703702,0.6999999999999993,0.4799999999999969,0.8148148148148148,,,,,,,,,TargetSelected_empirical_ganfix_model_pool_q99_guard,0.1478542490385007,0.34405668518705723,0.10030288589169113,0.5243902439024392
cessnock_or_newarea,TargetSelected_empirical_all_method_pool_q99_guard,15.084387833123415,12.423500312048041,2.9915424347618007,6.555555555555555,,0.4074074074074074,0.2535732730104733,48,C:\Users\13411\MyPython\project\ExtremeScene\results\method_pool_risk_target_selection_expanded_fast\cessnock_or_newarea\generated_samples_TargetSelected_empirical_all_method_pool_q99_guard.npy,1.2039278416967196,0.04847610815389019,0.026572411968105846,0.4459745746882072,0.06757509419610135,0.12310483364806102,0.3845108374522402,0.08616008357443347,0.06861865883802364,0.6781377512790557,0.06740376197480834,0.07276530148473016,0.06553660872312159,34.650959278965175,0.5513135632616971,8.173458837519007,0.0556470813412743,3.9817721068859093,2.7562648993730576,0.3181818178814367,1.6999999999999993,1.2600000000000016,12.157431201816163,5.114811523041027,1.7537779189922191,1.4485946178436286,1.2542494678497311,2.3333333333333335,0.3000000000000007,0.7399999999999984,0.8888888888888888,,,,,,,,,TargetSelected_empirical_all_method_pool_q99_guard,0.10927959519038191,0.3251541728545541,0.2734603752660188,0.3658536585365853
cessnock_or_newarea,TargetSelected_val_calibrated_targeted_expanded_pool_q99_guard,52.49935159013755,2.09047235384584,2.815268174324754,7.296296296296297,,0.2962962962962963,0.2600962978144157,49,C:\Users\13411\MyPython\project\ExtremeScene\results\method_pool_risk_target_selection_expanded_fast\cessnock_or_newarea\generated_samples_TargetSelected_val_calibrated_targeted_expanded_pool_q99_guard.npy,1.2563800774974585,0.05028722814702782,0.027277661424630357,0.523368990910533,0.07788927820317747,0.12434537715860781,0.411191495120665,0.0897396787781521,0.0641262546955781,0.7303135211762188,0.07263872837611912,0.07191643109293876,0.04238087951143208,46.00688589488486,0.7940485677232972,34.862160441642644,0.07605415378103843,2.5931175649166107,2.3629931133985522,0.3531468528134627,3.6999999999999993,9.919999999999987,18.345014986708488,6.5840318887963605,2.0964706297273987,1.4134775638580326,1.2542494678497311,2.740740740740741,0.3000000000000007,0.7399999999999984,0.6666666666666666,,,,,,,,,TargetSelected_val_calibrated_targeted_expanded_pool_q99_guard,0.3957911557118466,0.04769239176489316,0.1423512757489896,0.6097560975609758
cessnock_or_newarea,RiskFirst_TCN_Empirical,17.52891677363678,12.783644197728025,2.875847974820149,7.592592592592593,2.851851851851852,0.7407407407407407,0.2917969956813631,50,C:\Users\13411\MyPython\project\ExtremeScene\results\duration_aware_riskfirst\formal\cessnock_or_newarea\generated_samples_RiskFirst_TCN_Empirical.npy,1.910655656714498,0.1446128596323837,0.3193398209474465,1.0260332045342653,0.2960035467329553,0.2553224409419667,1.1533876277981594,0.5963452059215932,0.3276983914985971,1.3633588296823076,0.3456538707623107,0.3007868844626701,0.2911372704079594,19.857321968660177,0.3732652446882076,9.636760758473656,0.0413640744703448,2.948546671867369,2.924685606360436,0.576923076378429,9.4,8.520000000000003,10.049476523059118,9.661291457471318,2.950106770903976,5.721513938903808,6.185915260314941,2.703703703703704,0.3000000000000007,0.7399999999999984,0.925925925925926,1.5833396334125645,0.4421098594527482,0.2936211190500828,0.3018030898228868,12.53405156012111,19.836357204250064,1.9523434303700924,10.0,RiskFirst_TCN_Empirical,0.12799899863641803,0.3348247325756279,0.18740926136855804,0.7073170731707318
cessnock_or_newarea,TargetSelected_val_calibrated_all_method_pool_q99_guard,52.49935159013755,2.590703379584575,2.9907488502428383,7.555555555555555,,0.2962962962962963,0.3095605389534605,51,C:\Users\13411\MyPython\project\ExtremeScene\results\method_pool_risk_target_selection_expanded_fast\cessnock_or_newarea\generated_samples_TargetSelected_val_calibrated_all_method_pool_q99_guard.npy,1.3943992173720776,0.05569953615878204,0.02675168124616323,0.5186162820844799,0.07822813797516585,0.12483175852094004,0.4125585931076545,0.0898577363692311,0.0719393762704164,0.7751913641880707,0.074595136834393,0.07450760534583989,0.04394153089533828,46.97073024743967,0.812315514445842,37.10095623867309,0.0986640930697459,1.5810353279113762,1.619253340959549,0.384615384252286,4.0,9.919999999999987,18.82832429422894,8.133152064768524,2.1505767416071007,1.7228089809417728,2.648655796051024,2.8518518518518516,0.3000000000000007,0.7399999999999984,0.6666666666666666,,,,,,,,,TargetSelected_val_calibrated_all_method_pool_q99_guard,0.3957911557118466,0.06112456207539775,0.2728701237374414,0.6951219512195123
cessnock_or_newarea,ganfix_TransformerVAE_Augmented_TailWeighted_Copula,57.62075136424831,2.227846615421363,3.0381783616353966,8.037037037037036,,0.4444444444444444,0.3510026756438692,52,C:\Users\13411\MyPython\project\ExtremeScene\results\model_pool_experiments_new_machine_margin_formal50_ganfix\cessnock_or_newarea\generated_samples_TransformerVAE_Augmented_TailWeighted_Copula.npy,1.6048291644441735,0.07485840579797993,0.017982955108638128,0.24077744848523538,0.0558341051418241,0.035756497242095876,0.34286126074022105,0.04223705934311553,0.08084761087197292,0.72948929122321,0.057643190094306525,0.04486235440756897,0.025450644705920976,49.95576281202297,0.8288344179414747,40.80362542753441,0.0384445818917688,1.0344011217355735,0.9745596897602091,0.44405594363673023,3.0,2.2600000000000016,16.36928608591906,6.028287661360508,2.052577782560278,3.382594966888428,3.0863442993164067,2.6666666666666665,1.0,1.7399999999999984,0.6666666666666666,,,,,,,,,ganfix_TransformerVAE_Augmented_TailWeighted_Copula,0.4350091608625176,0.05138115632130431,0.3081472000036714,0.8536585365853657
cessnock_or_newarea,TargetSelected_val_calibrated_all_method_pool_paper_weights,63.13212332209294,2.227846615421363,3.2135543364759847,7.333333333333333,,0.25925925925925924,0.36151810685586294,53,C:\Users\13411\MyPython\project\ExtremeScene\results\method_pool_risk_target_selection_expanded_fast\cessnock_or_newarea\generated_samples_TargetSelected_val_calibrated_all_method_pool_paper_weights.npy,1.6606799942966353,0.07038202799115084,0.02483602907491751,0.536133864386839,0.08586722947536245,0.1356994604191486,0.3995419372921724,0.0808414916383362,0.07271782853690882,0.8654519319918822,0.0790302497016165,0.07775110601032498,0.051090087450268974,46.273191215189236,0.9436273025958999,56.129232405589974,0.1396561783947547,1.4461180865764618,1.619253340959549,0.4055944052115017,3.0,9.659999999999986,19.21614363583281,8.133152064768524,2.291595538457235,2.784701347351074,2.9710735893249502,2.814814814814815,0.3000000000000007,0.7399999999999984,0.7037037037037037,,,,,,,,,TargetSelected_val_calibrated_all_method_pool_paper_weights,0.47721344550412115,0.05138115632130431,0.4385881735256244,0.6219512195121951
cessnock_or_newarea,TargetSelected_val_calibrated_ganfix_model_pool_q99_guard,51.67494253155725,0.31434731217415646,3.4630914258326544,7.592592592592593,,0.25925925925925924,0.37898814850384765,54,C:\Users\13411\MyPython\project\ExtremeScene\results\method_pool_risk_target_selection_expanded_fast\cessnock_or_newarea\generated_samples_TargetSelected_val_calibrated_ganfix_model_pool_q99_guard.npy,1.8041697367719172,0.07824929543491818,0.02452447866795396,0.498227596982978,0.08512693415582086,0.09443679559397962,0.40579589828433127,0.09428161506537898,0.07718133952810666,0.9027310773464089,0.085885948218706,0.06538087126334674,0.08354885524927058,44.003379140594106,0.8911401010484123,34.88139338864919,0.15160590785871436,1.4461180865764618,1.619253340959549,0.437062936650325,4.300000000000001,9.919999999999987,17.418407558130838,4.3327764339978,2.4072212554790355,2.659004878997802,2.924386329650879,2.7777777777777777,0.6999999999999993,0.4799999999999969,0.7037037037037037,,,,,,,,,TargetSelected_val_calibrated_ganfix_model_pool_q99_guard,0.3894781006621115,0.0,0.6241886293184176,0.7073170731707318
cessnock_or_newarea,extreme_conditioned_gaussian_copula,44.106785998569976,7.133056558943451,3.437528368606662,7.148148148148148,3.555555555555556,0.5555555555555556,0.38982593039785374,55,C:\Users\13411\MyPython\project\ExtremeScene\results\evt_copula\cessnock_or_newarea\generated_samples_evt_copula.npy,0.7999250405609852,0.0424929613557946,0.0313749902523953,0.303757607015687,0.0527662883036977,0.049548473904651,0.3440921165287656,0.0341358732567194,0.0849509026532482,0.4825915880351459,0.0431317076387373,0.0552914556034315,0.0471165070230137,38.346554474127,0.3900540655627046,41.12588801126927,0.0202356686600212,1.6626278400421146,1.562891591191292,0.1433566432213065,4.399999999999999,3.520000000000003,10.421220212532113,1.7522621329194266,1.9499140403888844,1.0193631172180178,1.1853849220275876,2.074074074074074,0.3000000000000007,0.7399999999999984,0.8148148148148148,0.6413660249783316,0.1900609045032592,0.0723335711717646,0.2039886444688124,33.73738708107379,11.009120027589615,1.7214740850031376,5.5,extreme_conditioned_gaussian_copula,0.3315236321607114,0.18309552824149308,0.6051753632551111,0.5609756097560975
cessnock_or_newarea,targeted_seed47_Conditional_Transformer_Risk_Generator,81.34435644781298,10.042362077002593,2.950572352125568,6.777777777777778,,0.3333333333333333,0.38996841411777833,56,C:\Users\13411\MyPython\project\ExtremeScene\results\targeted_expanded_pool_multiseed\seed47\expanded_pool\cessnock_or_newarea\generated_samples_Conditional_Transformer_Risk_Generator.npy,1.3114497202904625,0.05358419116794127,0.024998456599963314,0.37940142174801006,0.04773321056904743,0.0578707038889777,0.24640185377510732,0.12528371514131065,0.017350039399917905,0.6457509986045266,0.07553370562609978,0.03340639996295297,0.09248064360620006,51.118640680212636,0.7804844439630757,40.611892287325446,0.0002838391223416606,2.3103681206703186,2.749426941275596,0.28321678294941066,0.3000000000000007,2.9599999999999937,17.534793975130125,9.263186168991638,1.8088877819202565,0.6597292900085447,0.8314805030822754,2.4074074074074074,0.3000000000000007,1.4799999999999969,0.7037037037037037,,,,,,,,,targeted_seed47_Conditional_Transformer_Risk_Generator,0.6166767727257746,0.26121600696659986,0.2429876866939224,0.43902439024390244
cessnock_or_newarea,TargetSelected_val_calibrated_ganfix_model_pool_core_ramp_guard,63.13212332209294,2.227846615421363,3.2447989036229923,7.925925925925926,,0.25925925925925924,0.3965961630477771,57,C:\Users\13411\MyPython\project\ExtremeScene\results\method_pool_risk_target_selection_expanded_fast\cessnock_or_newarea\generated_samples_TargetSelected_val_calibrated_ganfix_model_pool_core_ramp_guard.npy,1.7007033049814984,0.07936070938031643,0.03412656791394474,0.5461600754131745,0.09191545352711485,0.12305677776784579,0.4994758012418787,0.10334582959742233,0.08820032702694935,0.9154463938788505,0.09154066416828455,0.08179455756957997,0.06838378819696248,44.75679763030788,0.9009254894577247,56.129232405589974,0.11239971891269881,1.4461180865764618,1.619253340959549,0.39160839123869123,4.300000000000001,9.919999999999987,19.493431414721517,8.133152064768524,2.357572493729768,2.784701347351074,2.9710735893249502,3.1481481481481484,1.0,1.0,0.7037037037037037,,,,,,,,,TargetSelected_val_calibrated_ganfix_model_pool_core_ramp_guard,0.47721344550412115,0.05138115632130431,0.4618272275615737,0.8170731707317074
cessnock_or_newarea,TargetSelected_val_calibrated_ganfix_model_pool_paper_weights,63.13212332209294,2.227846615421363,3.292353304958885,7.777777777777778,,0.25925925925925924,0.3981215815740209,58,C:\Users\13411\MyPython\project\ExtremeScene\results\method_pool_risk_target_selection_expanded_fast\cessnock_or_newarea\generated_samples_TargetSelected_val_calibrated_ganfix_model_pool_paper_weights.npy,1.7712042361129945,0.08300724205660091,0.02912023630623786,0.5831661930432247,0.10374546647881239,0.11613502308051153,0.45011094509028604,0.08810796827068676,0.08221024404883566,0.9348271247488351,0.09162022560203335,0.07582183447852835,0.050789141588321526,44.26133204666504,0.893169410843756,56.129232405589974,0.12230938806382435,1.4461180865764618,1.619253340959549,0.4125874121979069,4.300000000000001,9.919999999999987,18.832785646572958,8.133152064768524,2.3707263116483337,2.784701347351074,2.9710735893249502,3.1481481481481484,1.0,1.0,0.7037037037037037,,,,,,,,,TargetSelected_val_calibrated_ganfix_model_pool_paper_weights,0.47721344550412115,0.05138115632130431,0.4971971943494756,0.7682926829268294
cessnock_or_newarea,TargetSelected_val_calibrated_ganfix_model_pool_global_q99,66.98156902530873,10.766784928656648,3.0908351645015903,7.0,,0.25925925925925924,0.3998651458711778,59,C:\Users\13411\MyPython\project\ExtremeScene\results\method_pool_risk_target_selection_expanded_fast\cessnock_or_newarea\generated_samples_TargetSelected_val_calibrated_ganfix_model_pool_global_q99.npy,2.04287165771296,0.08652774523813822,0.0359640425084766,0.5846446382266949,0.10019053817792802,0.12945265215366294,0.40176161461532967,0.07957910063495474,0.07239622134273416,1.0097593035183283,0.08876579468367367,0.07927097200162457,0.04636799888877833,42.26988760414192,0.9948469863752712,36.639822849703364,0.12322856317903005,1.4966378688812245,2.118387711644173,0.48601398555516145,5.699999999999999,5.260000000000002,20.044716643875102,16.440985708304446,2.654221260989154,3.1460200309753414,5.473396797180172,2.888888888888889,0.0,0.7399999999999984,0.7037037037037037,,,,,,,,,TargetSelected_val_calibrated_ganfix_model_pool_global_q99,0.5066912422149156,0.2806681613104226,0.3473122260835735,0.5121951219512195
cessnock_or_newarea,ordinary_conditional_tcn,96.72313832465308,5.795275868122566,2.9152387032496603,7.111111111111111,5.407407407407407,0.2962962962962963,0.4009786839721925,60,C:\Users\13411\MyPython\project\ExtremeScene\results\expanded_model_pool_formal50\cessnock_or_newarea\generated_samples_Conditional_TCN_Risk_Generator.npy,1.466021112699077,0.0856033861423908,0.0211331924242694,0.6823993799886092,0.1269019944916056,0.0957097322691133,0.924145598846024,0.3783588881742693,0.0568619690521033,1.0241886971779033,0.1969547562694219,0.0579016312484953,0.3552238982811957,52.44411560974342,0.8099247277727297,69.0874454535468,0.061364813752502,2.627369982004165,3.0827833396196365,0.3216783213746392,5.099999999999998,4.520000000000003,17.424735934824767,11.44124593633144,2.117551551924812,0.173273658752441,0.2840664291381829,2.555555555555556,0.0,0.7399999999999984,0.6666666666666666,1.1230980284022667,0.3758785822387271,0.105239356603031,0.3918162599418173,28.855173836651197,18.760314163222745,1.2383917532861233,2.5,ordinary_conditional_tcn,0.7344424566127902,0.14717352989947946,0.2167072593911195,0.548780487804878
cessnock_or_newarea,targeted_seed46_Conditional_TCN_Risk_Generator,76.96432393900513,5.154897211735232,3.322617191366455,6.666666666666667,,0.2962962962962963,0.4042267754403254,61,C:\Users\13411\MyPython\project\ExtremeScene\results\targeted_expanded_pool_multiseed\seed46\expanded_pool\cessnock_or_newarea\generated_samples_Conditional_TCN_Risk_Generator.npy,1.330474182656763,0.07204927047932046,0.03437717845085943,0.6540570953764644,0.14229743728046554,0.10206067609985849,0.9477426940843524,0.41431679541339217,0.03409043025200637,0.9774246573725266,0.20955450105772608,0.05684276160090809,0.3881193185910228,51.26079433405366,0.8769165572043307,48.90828550057752,0.004918488765190663,2.47598797082901,2.4482749658823018,0.314685314388234,3.099999999999998,5.479999999999997,17.27718783889766,9.272163929410112,1.7062701914045546,0.86218638420105,0.7375112056732185,2.4074074074074074,0.6999999999999993,0.26000000000000156,0.6666666666666666,,,,,,,,,targeted_seed46_Conditional_TCN_Risk_Generator,0.5831359157204533,0.1299781247102393,0.5197068386103243,0.40243902439024404
cessnock_or_newarea,TargetSelected_val_calibrated_targeted_expanded_pool_duration_guard,89.50897044367191,7.827480477243661,2.8314693917421176,7.62962962962963,,0.25925925925925924,0.410809440883454,62,C:\Users\13411\MyPython\project\ExtremeScene\results\method_pool_risk_target_selection_expanded_fast\cessnock_or_newarea\generated_samples_TargetSelected_val_calibrated_targeted_expanded_pool_duration_guard.npy,1.4486806238139116,0.060121042052570794,0.02398312383602005,0.5197349767915489,0.07396930093279291,0.11759478250445761,0.3976733784297066,0.08769360727822925,0.06330044596889835,0.7886963263450557,0.07392798342119765,0.06829278410312534,0.04380421929189039,49.639637825981296,0.9231464165709179,56.129232405589974,0.08700542630124788,1.7600976765155796,1.97661042034626,0.4125874121979069,5.099999999999998,10.43999999999999,19.36488853349954,6.5840318887963605,1.9602724092978019,1.4134775638580326,1.2542494678497311,2.814814814814815,0.3000000000000007,0.7399999999999984,0.7037037037037037,,,,,,,,,TargetSelected_val_calibrated_targeted_expanded_pool_duration_guard,0.6791987174803087,0.20174215321746578,0.1544014016233158,0.7195121951219514
cessnock_or_newarea,TargetSelected_val_calibrated_ganfix_model_pool_duration_guard,63.13212332209294,2.227846615421363,3.2055705272079513,8.444444444444445,,0.25925925925925924,0.41491160814590566,63,C:\Users\13411\MyPython\project\ExtremeScene\results\method_pool_risk_target_selection_expanded_fast\cessnock_or_newarea\generated_samples_TargetSelected_val_calibrated_ganfix_model_pool_duration_guard.npy,1.6820790917294506,0.07447445317029323,0.01975908164472683,0.5126715279530714,0.08264731740776231,0.09235588754352764,0.47258054384629566,0.10077099785876961,0.08328369884077085,0.8891103878429393,0.08596425614560839,0.06513288934300844,0.08123468883542379,49.68289562415979,0.9173158780803078,56.129232405589974,0.09574417049319044,1.4963984072208394,1.6232665133476267,0.4615384611027432,3.3000000000000007,9.659999999999986,18.239629431756516,8.195117829349428,2.6538821238058583,2.7492555618286136,2.9710735893249502,2.962962962962963,1.0,1.0,0.7037037037037037,,,,,,,,,TargetSelected_val_calibrated_ganfix_model_pool_duration_guard,0.47721344550412115,0.05138115632130431,0.4326499835638439,0.9878048780487807
cessnock_or_newarea,targeted_seed46_RiskKNN_Bootstrap_Generator,58.30646584188237,24.55742482848286,2.9720893932303794,6.037037037037037,,0.25925925925925924,0.42138628947427487,64,C:\Users\13411\MyPython\project\ExtremeScene\results\targeted_expanded_pool_multiseed\seed46\expanded_pool\cessnock_or_newarea\generated_samples_RiskKNN_Bootstrap_Generator.npy,1.3561157311922238,0.05563927496736472,0.03437034417532584,0.27107789613697086,0.05389798393852602,0.08836028513425015,0.3226175740384688,0.03759144722859841,0.05350277003140789,0.6499370671225545,0.049042902044829716,0.058744466446994624,0.04568474315174374,50.25035032884706,0.905239830825649,47.22849303634736,0.05389213599924577,3.256001442670822,3.3676682263612747,0.32517482486784177,0.3000000000000007,1.4799999999999969,19.761809476624578,10.706416600691036,2.1878045399983725,0.8896675109863281,0.5130313491821292,2.185185185185185,0.6999999999999993,0.26000000000000156,0.7037037037037037,,,,,,,,,targeted_seed46_RiskKNN_Bootstrap_Generator,0.4402601381542507,0.6509735088280981,0.25899161078657357,0.19512195121951223
cessnock_or_newarea,TargetSelected_val_calibrated_targeted_expanded_pool_global_q99,83.63104231512254,11.718040366928626,3.1516232749520525,6.296296296296297,,0.25925925925925924,0.42232406022358016,65,C:\Users\13411\MyPython\project\ExtremeScene\results\method_pool_risk_target_selection_expanded_fast\cessnock_or_newarea\generated_samples_TargetSelected_val_calibrated_targeted_expanded_pool_global_q99.npy,1.6148687652599663,0.05986860754913579,0.031684352620264915,0.49478682617067266,0.07649949901755704,0.13501452746020728,0.35458007433499383,0.08028355139140939,0.05193021727406218,0.8214118885885441,0.0722172193193674,0.0728763657848448,0.0668938265979231,45.349365303914546,0.98335142434422,41.53721886779712,0.15856055537711436,1.4646813213825212,2.100241537690163,0.3706293702794757,2.3000000000000007,3.479999999999997,19.69946162176962,9.602354193833712,2.1702795646808766,1.7228089809417728,1.557401809692383,2.4814814814814814,0.3000000000000007,0.0,0.7037037037037037,,,,,,,,,TargetSelected_val_calibrated_targeted_expanded_pool_global_q99,0.6341874655202429,0.3062112092187233,0.39252514828073176,0.2804878048780489
cessnock_or_newarea,TargetSelected_val_calibrated_targeted_expanded_pool_core_ramp_guard,89.50897044367191,7.827480477243661,3.0481198689042315,7.185185185185185,,0.25925925925925924,0.4291432421397955,66,C:\Users\13411\MyPython\project\ExtremeScene\results\method_pool_risk_target_selection_expanded_fast\cessnock_or_newarea\generated_samples_TargetSelected_val_calibrated_targeted_expanded_pool_core_ramp_guard.npy,1.566482230959606,0.06325355149418034,0.024501371193416163,0.48348663049719975,0.07479678617322684,0.13256376887767465,0.41051123660459493,0.0886823474912279,0.06203391994129039,0.8201600326871336,0.07557756171954504,0.07303302000412708,0.06017903705857311,46.758042722231096,0.9652028621372134,56.129232405589974,0.11834065035448742,1.4461180865764618,1.9725972479581824,0.384615384252286,5.099999999999998,10.43999999999999,19.137773540879426,6.5840318887963605,2.0042186401508473,1.7228089809417728,1.557401809692383,2.740740740740741,0.3000000000000007,0.7399999999999984,0.7037037037037037,,,,,,,,,TargetSelected_val_calibrated_targeted_expanded_pool_core_ramp_guard,0.6791987174803087,0.20174215321746578,0.3155414846974622,0.5731707317073171
cessnock_or_newarea,TargetSelected_val_calibrated_targeted_expanded_pool_paper_weights,89.50897044367191,7.827480477243661,3.0497066151906944,7.222222222222222,,0.25925925925925924,0.4312675575883484,67,C:\Users\13411\MyPython\project\ExtremeScene\results\method_pool_risk_target_selection_expanded_fast\cessnock_or_newarea\generated_samples_TargetSelected_val_calibrated_targeted_expanded_pool_paper_weights.npy,1.5519961815312076,0.06170790151418405,0.025206337459888973,0.50970832183287,0.07900210456755116,0.12980967355904857,0.41242942179848086,0.09098522502065776,0.06160088289255058,0.8247113083875194,0.07723174370079766,0.07220563130382938,0.059735721296892225,46.629509381231976,0.9616678962505169,56.129232405589974,0.11854509586973187,1.4461180865764618,1.9725972479581824,0.38811188774548866,5.099999999999998,10.43999999999999,19.03813287123334,6.5840318887963605,2.044839302698771,1.7228089809417728,1.557401809692383,2.740740740740741,0.3000000000000007,0.7399999999999984,0.7037037037037037,,,,,,,,,TargetSelected_val_calibrated_targeted_expanded_pool_paper_weights,0.6791987174803087,0.20174215321746578,0.31672167332094214,0.5853658536585367
cessnock_or_newarea,TargetSelected_val_calibrated_all_method_pool_duration_guard,89.50897044367191,8.327711502982403,2.942226556123286,8.11111111111111,,0.25925925925925924,0.4592142940226198,68,C:\Users\13411\MyPython\project\ExtremeScene\results\method_pool_risk_target_selection_expanded_fast\cessnock_or_newarea\generated_samples_TargetSelected_val_calibrated_all_method_pool_duration_guard.npy,1.7233190730275436,0.07517662078734413,0.02842702636456848,0.507249365174965,0.07376221247487055,0.11413530863612097,0.4075050251075155,0.08299926570221484,0.07558471921959696,0.8793578211033415,0.07731269965480984,0.07271568474009547,0.036409432153594434,51.05211281367591,0.9960761069080241,56.129232405589974,0.11937283309147077,1.329169732332229,1.575815380811692,0.5139860135007823,5.399999999999999,10.43999999999999,19.235750171706925,8.133152064768524,2.0560210987373635,1.7228089809417728,2.648655796051024,2.7777777777777777,0.3000000000000007,0.7399999999999984,0.7037037037037037,,,,,,,,,TargetSelected_val_calibrated_all_method_pool_duration_guard,0.6791987174803087,0.21517432352797056,0.23678025858786145,0.8780487804878049
cessnock_or_newarea,ganfix_TailWeighted_Month_EVT_Copula_Risk_Selection_Fixed,75.00693401289381,10.766784928656648,3.0806887132844336,7.962962962962963,,0.3333333333333333,0.463976128466396,69,C:\Users\13411\MyPython\project\ExtremeScene\results\model_pool_experiments_new_machine_margin_formal50_ganfix\cessnock_or_newarea\generated_samples_TailWeighted_Month_EVT_Copula_Risk_Selection_Fixed.npy,1.9386803306669855,0.06967397580579764,0.027048335340584404,0.38730744060392785,0.06332873988479763,0.06901953435144594,0.3178316950469035,0.02831380807674264,0.07269735225924055,0.8812731554392723,0.05377217458911263,0.05625507398375696,0.025521649654018257,50.871179399789256,0.8981967698296403,58.79134542518635,0.028204867425319066,3.2763245344161973,2.635950145125392,0.45104895062313544,6.0,6.739999999999998,18.91739118738567,14.041077218124954,1.8499658990789343,1.3845857620239261,2.3180925750732406,2.8518518518518516,0.3000000000000007,1.4799999999999969,0.7037037037037037,,,,,,,,,ganfix_TailWeighted_Month_EVT_Copula_Risk_Selection_Fixed,0.5681468635882296,0.2806681613104226,0.33976550837744546,0.8292682926829269
cessnock_or_newarea,ganfix_ValSelected_Model_Ensemble,75.00693401289381,10.766784928656648,3.0806887132844336,7.962962962962963,,0.3333333333333333,0.463976128466396,69,C:\Users\13411\MyPython\project\ExtremeScene\results\model_pool_experiments_new_machine_margin_formal50_ganfix\cessnock_or_newarea\generated_samples_ValSelected_Model_Ensemble.npy,1.9386803306669855,0.06967397580579764,0.027048335340584404,0.38730744060392785,0.06332873988479763,0.06901953435144594,0.3178316950469035,0.02831380807674264,0.07269735225924055,0.8812731554392723,0.05377217458911263,0.05625507398375696,0.025521649654018257,50.871179399789256,0.8981967698296403,58.79134542518635,0.028204867425319066,3.2763245344161973,2.635950145125392,0.45104895062313544,6.0,6.739999999999998,18.91739118738567,14.041077218124954,1.8499658990789343,1.3845857620239261,2.3180925750732406,2.8518518518518516,0.3000000000000007,1.4799999999999969,0.7037037037037037,,,,,,,,,ganfix_ValSelected_Model_Ensemble,0.5681468635882296,0.2806681613104226,0.33976550837744546,0.8292682926829269
cessnock_or_newarea,ganfix_ValSelected_Model_Ensemble_Margin_0.00,75.00693401289381,10.766784928656648,3.0806887132844336,7.962962962962963,,0.3333333333333333,0.463976128466396,69,C:\Users\13411\MyPython\project\ExtremeScene\results\model_pool_experiments_new_machine_margin_formal50_ganfix\cessnock_or_newarea\generated_samples_ValSelected_Model_Ensemble_Margin_0.00.npy,1.9386803306669855,0.06967397580579764,0.027048335340584404,0.38730744060392785,0.06332873988479763,0.06901953435144594,0.3178316950469035,0.02831380807674264,0.07269735225924055,0.8812731554392723,0.05377217458911263,0.05625507398375696,0.025521649654018257,50.871179399789256,0.8981967698296403,58.79134542518635,0.028204867425319066,3.2763245344161973,2.635950145125392,0.45104895062313544,6.0,6.739999999999998,18.91739118738567,14.041077218124954,1.8499658990789343,1.3845857620239261,2.3180925750732406,2.8518518518518516,0.3000000000000007,1.4799999999999969,0.7037037037037037,,,,,,,,,ganfix_ValSelected_Model_Ensemble_Margin_0.00,0.5681468635882296,0.2806681613104226,0.33976550837744546,0.8292682926829269
cessnock_or_newarea,ganfix_ValSelected_Model_Ensemble_Margin_0.05,75.00693401289381,10.766784928656648,3.0806887132844336,7.962962962962963,,0.3333333333333333,0.463976128466396,69,C:\Users\13411\MyPython\project\ExtremeScene\results\model_pool_experiments_new_machine_margin_formal50_ganfix\cessnock_or_newarea\generated_samples_ValSelected_Model_Ensemble_Margin_0.05.npy,1.9386803306669855,0.06967397580579764,0.027048335340584404,0.38730744060392785,0.06332873988479763,0.06901953435144594,0.3178316950469035,0.02831380807674264,0.07269735225924055,0.8812731554392723,0.05377217458911263,0.05625507398375696,0.025521649654018257,50.871179399789256,0.8981967698296403,58.79134542518635,0.028204867425319066,3.2763245344161973,2.635950145125392,0.45104895062313544,6.0,6.739999999999998,18.91739118738567,14.041077218124954,1.8499658990789343,1.3845857620239261,2.3180925750732406,2.8518518518518516,0.3000000000000007,1.4799999999999969,0.7037037037037037,,,,,,,,,ganfix_ValSelected_Model_Ensemble_Margin_0.05,0.5681468635882296,0.2806681613104226,0.33976550837744546,0.8292682926829269
cessnock_or_newarea,ganfix_ValSelected_Model_Ensemble_Margin_0.10,75.00693401289381,10.766784928656648,3.0806887132844336,7.962962962962963,,0.3333333333333333,0.463976128466396,69,C:\Users\13411\MyPython\project\ExtremeScene\results\model_pool_experiments_new_machine_margin_formal50_ganfix\cessnock_or_newarea\generated_samples_ValSelected_Model_Ensemble_Margin_0.10.npy,1.9386803306669855,0.06967397580579764,0.027048335340584404,0.38730744060392785,0.06332873988479763,0.06901953435144594,0.3178316950469035,0.02831380807674264,0.07269735225924055,0.8812731554392723,0.05377217458911263,0.05625507398375696,0.025521649654018257,50.871179399789256,0.8981967698296403,58.79134542518635,0.028204867425319066,3.2763245344161973,2.635950145125392,0.45104895062313544,6.0,6.739999999999998,18.91739118738567,14.041077218124954,1.8499658990789343,1.3845857620239261,2.3180925750732406,2.8518518518518516,0.3000000000000007,1.4799999999999969,0.7037037037037037,,,,,,,,,ganfix_ValSelected_Model_Ensemble_Margin_0.10,0.5681468635882296,0.2806681613104226,0.33976550837744546,0.8292682926829269
cessnock_or_newarea,TargetSelected_val_calibrated_ganfix_model_pool_global_main,77.03271635237833,9.092196009555686,3.0689279022734373,8.222222222222221,,0.2962962962962963,0.4657581938464659,74,C:\Users\13411\MyPython\project\ExtremeScene\results\method_pool_risk_target_selection_expanded_fast\cessnock_or_newarea\generated_samples_TargetSelected_val_calibrated_ganfix_model_pool_global_main.npy,1.6505267546500688,0.07606600572407071,0.029096016694914684,0.3882550284820223,0.058637686088524904,0.08800341966040685,0.34017968659777187,0.06883820054974395,0.06650447177167358,0.792987156576621,0.06784729745411318,0.06120130270899837,0.0857235891148586,51.92629988821424,0.9385322391457018,69.0874454535468,0.13772720873900016,1.4966378688812245,2.118387711644173,0.5034965030211744,5.699999999999999,4.520000000000003,19.667323487843596,13.525381408360055,2.5045144204740173,2.574533748626709,2.924386329650879,2.8518518518518516,0.3000000000000007,1.4799999999999969,0.6666666666666666,,,,,,,,,TargetSelected_val_calibrated_ganfix_model_pool_global_main,0.5836596424627976,0.23570221077140918,0.3310180636999375,0.9146341463414633
cessnock_or_newarea,TargetSelected_val_calibrated_all_method_pool_global_q99,81.34435644781298,14.383077523034977,3.247132310671818,6.518518518518518,,0.25925925925925924,0.46727428703643287,75,C:\Users\13411\MyPython\project\ExtremeScene\results\method_pool_risk_target_selection_expanded_fast\cessnock_or_newarea\generated_samples_TargetSelected_val_calibrated_all_method_pool_global_q99.npy,1.8743721195209173,0.07226342968927575,0.03299637886492227,0.5185702544822487,0.08582683044200644,0.134826309743448,0.3387703478572638,0.08238895787384024,0.06026210584918279,0.9105709072868099,0.08015973933504081,0.07602826481918436,0.0701860975891484,47.322312543779475,1.0293710479603977,45.07066562223473,0.1708664887105084,1.4461180865764618,1.619253340959549,0.39860139822509644,3.0,3.7399999999999984,21.358962950604592,18.34600265643406,2.2630845264152244,2.0292816162109375,2.7218641090393056,2.6296296296296298,0.3000000000000007,0.0,0.7037037037037037,,,,,,,,,TargetSelected_val_calibrated_all_method_pool_global_q99,0.6166767727257746,0.37777261009700425,0.46356276680717734,0.3536585365853658
cessnock_or_newarea,targeted_seed47_Conditional_TCN_Risk_Generator,92.21072622251906,2.0729532686700196,3.6078589850696043,6.777777777777778,,0.2962962962962963,0.47295253990683117,76,C:\Users\13411\MyPython\project\ExtremeScene\results\targeted_expanded_pool_multiseed\seed47\expanded_pool\cessnock_or_newarea\generated_samples_Conditional_TCN_Risk_Generator.npy,1.2114405428431163,0.08199003700446135,0.03928081238082221,0.5344689190899439,0.08698011582611724,0.13696987014088804,0.8136402471029343,0.3266055212089244,0.036167139524054544,0.8531832363453314,0.165191891346501,0.0708059406819216,0.3044694496883358,51.008772159656054,0.7962985270053244,62.712167987298514,0.03885079565684899,2.371476483345031,2.1987438911199586,0.367132866786273,3.1999999999999957,4.260000000000002,16.726608655850782,0.07658858063957297,1.600006341934204,0.43471288681030273,0.5197896289825437,2.6296296296296298,0.6999999999999993,0.26000000000000156,0.6666666666666666,,,,,,,,,targeted_seed47_Conditional_TCN_Risk_Generator,0.699887879960127,0.04722197045222401,0.7318637049861619,0.43902439024390244
cessnock_or_newarea,TargetSelected_val_calibrated_all_method_pool_core_ramp_guard,89.50897044367191,8.327711502982403,3.225187291108779,7.481481481481482,,0.25925925925925924,0.48073179872739324,77,C:\Users\13411\MyPython\project\ExtremeScene\results\method_pool_risk_target_selection_expanded_fast\cessnock_or_newarea\generated_samples_TargetSelected_val_calibrated_all_method_pool_core_ramp_guard.npy,1.6925066837067466,0.07118854516395533,0.025890162435620617,0.514801340191219,0.08185599896089203,0.1302960549213808,0.41099161914710974,0.0852279395030268,0.07058139952899904,0.8727665476816918,0.0794241612092914,0.07558920562866682,0.05499783634145357,47.59335373378679,0.9799348429730615,56.129232405589974,0.14115503515843936,1.3245391488075242,1.575815380811692,0.419580419184312,5.399999999999999,10.43999999999999,19.521442178753787,8.133152064768524,2.098945414578473,2.0292816162109375,2.7218641090393056,2.8518518518518516,0.3000000000000007,0.7399999999999984,0.7037037037037037,,,,,,,,,TargetSelected_val_calibrated_all_method_pool_core_ramp_guard,0.6791987174803087,0.21517432352797056,0.447240521309394,0.6707317073170734
cessnock_or_newarea,TargetSelected_val_calibrated_targeted_expanded_pool_global_main,83.69064138895054,11.718040366928626,3.228719753758654,7.407407407407407,,0.3333333333333333,0.49167471224429277,78,C:\Users\13411\MyPython\project\ExtremeScene\results\method_pool_risk_target_selection_expanded_fast\cessnock_or_newarea\generated_samples_TargetSelected_val_calibrated_targeted_expanded_pool_global_main.npy,1.639468558040666,0.06552995577379847,0.03686359166039859,0.5680488809197819,0.08577645888967794,0.1314102541867497,0.43134660155217186,0.11260091303348731,0.04883038022031513,0.8796213468375399,0.08796910923232125,0.07236807535582114,0.08660157564376912,49.92070148249976,0.9716498864370527,44.34133260630419,0.14810279872704712,1.0898299455642704,1.2045126169919964,0.4475524471299329,2.6999999999999993,3.7399999999999984,17.75440771336723,9.917510466987466,2.6368647857948586,1.9661624908447273,1.5252754783630378,2.5925925925925926,0.3000000000000007,0.7399999999999984,0.7037037037037037,,,,,,,,,TargetSelected_val_calibrated_targeted_expanded_pool_global_main,0.6346438557431224,0.3062112092187233,0.44986789297417584,0.6463414634146343
cessnock_or_newarea,targeted_seed46_Expanded_ValSelected_Model_Ensemble,81.81467520494779,15.242043255386157,3.177252552672548,7.407407407407407,,0.4444444444444444,0.5061828827383524,79,C:\Users\13411\MyPython\project\ExtremeScene\results\targeted_expanded_pool_multiseed\seed46\expanded_pool\cessnock_or_newarea\generated_samples_Expanded_ValSelected_Model_Ensemble.npy,1.320288405251601,0.0493881793634738,0.028484763641171706,0.3212069800845958,0.048873324418012426,0.04592763450605734,0.38253555245390825,0.03617622513502888,0.0987150010508538,0.6746769792633683,0.04481257630550504,0.05770913306602762,0.07348622158245771,49.54330967182323,0.7984910582096043,38.03530047576224,0.10028679456692698,1.6858428478240963,1.8509791558980933,0.39160839123869123,2.3000000000000007,1.2600000000000016,18.01290332504606,10.788038655179768,1.9095902266325775,0.9795462131500248,1.2882390975952136,2.3703703703703702,0.3000000000000007,0.0,0.6666666666666666,,,,,,,,,targeted_seed46_Expanded_ValSelected_Model_Ensemble,0.6202783200084162,0.4008375009457666,0.4115876677596097,0.6463414634146343
cessnock_or_newarea,targeted_seed46_Expanded_ValSelected_Model_Ensemble_Margin_0.05,81.81467520494779,15.242043255386157,3.177252552672548,7.407407407407407,,0.4444444444444444,0.5061828827383524,79,C:\Users\13411\MyPython\project\ExtremeScene\results\targeted_expanded_pool_multiseed\seed46\expanded_pool\cessnock_or_newarea\generated_samples_Expanded_ValSelected_Model_Ensemble_Margin_0.05.npy,1.320288405251601,0.0493881793634738,0.028484763641171706,0.3212069800845958,0.048873324418012426,0.04592763450605734,0.38253555245390825,0.03617622513502888,0.0987150010508538,0.6746769792633683,0.04481257630550504,0.05770913306602762,0.07348622158245771,49.54330967182323,0.7984910582096043,38.03530047576224,0.10028679456692698,1.6858428478240963,1.8509791558980933,0.39160839123869123,2.3000000000000007,1.2600000000000016,18.01290332504606,10.788038655179768,1.9095902266325775,0.9795462131500248,1.2882390975952136,2.3703703703703702,0.3000000000000007,0.0,0.6666666666666666,,,,,,,,,targeted_seed46_Expanded_ValSelected_Model_Ensemble_Margin_0.05,0.6202783200084162,0.4008375009457666,0.4115876677596097,0.6463414634146343
cessnock_or_newarea,targeted_seed46_TailWeighted_Month_EVT_Copula_Risk_Selection_Fixed,81.81467520494779,15.242043255386157,3.177252552672548,7.407407407407407,,0.4444444444444444,0.5061828827383524,79,C:\Users\13411\MyPython\project\ExtremeScene\results\targeted_expanded_pool_multiseed\seed46\expanded_pool\cessnock_or_newarea\generated_samples_TailWeighted_Month_EVT_Copula_Risk_Selection_Fixed.npy,1.320288405251601,0.0493881793634738,0.028484763641171706,0.3212069800845958,0.048873324418012426,0.04592763450605734,0.38253555245390825,0.03617622513502888,0.0987150010508538,0.6746769792633683,0.04481257630550504,0.05770913306602762,0.07348622158245771,49.54330967182323,0.7984910582096043,38.03530047576224,0.10028679456692698,1.6858428478240963,1.8509791558980933,0.39160839123869123,2.3000000000000007,1.2600000000000016,18.01290332504606,10.788038655179768,1.9095902266325775,0.9795462131500248,1.2882390975952136,2.3703703703703702,0.3000000000000007,0.0,0.6666666666666666,,,,,,,,,targeted_seed46_TailWeighted_Month_EVT_Copula_Risk_Selection_Fixed,0.6202783200084162,0.4008375009457666,0.4115876677596097,0.6463414634146343
cessnock_or_newarea,targeted_seed45_Conditional_TCN_Risk_Generator,109.40869953812701,14.525801973700972,3.0103422011080614,6.888888888888889,,0.2962962962962963,0.507159087670074,82,C:\Users\13411\MyPython\project\ExtremeScene\results\targeted_expanded_pool_multiseed\seed45\expanded_pool\cessnock_or_newarea\generated_samples_Conditional_TCN_Risk_Generator.npy,1.470337563826714,0.09054340335707603,0.012442616366726523,0.7583711095332566,0.13204863432292016,0.1441971534576568,0.8475790143457583,0.326054177521735,0.06560365153218495,1.025429229235243,0.18288207173391038,0.07408114045218943,0.35382905344764803,49.331167683930325,0.7924957670262254,21.617827167732045,0.039042017116489365,3.0264943838119507,2.9321237736940393,0.32867132836104446,1.0,9.359999999999978,16.367379763819493,3.656989430340232,1.516608856342457,1.016534614562988,1.290047492980957,2.1481481481481484,0.0,0.0,0.7407407407407407,,,,,,,,,targeted_seed45_Conditional_TCN_Risk_Generator,0.8315843371439885,0.38160503757586306,0.28744324735793747,0.4756097560975612
cessnock_or_newarea,targeted_seed45_Conditional_Transformer_Risk_Generator,86.47319739973254,12.98555462699872,3.4010729728615843,7.148148148148148,,0.3333333333333333,0.5275209459026492,83,C:\Users\13411\MyPython\project\ExtremeScene\results\targeted_expanded_pool_multiseed\seed45\expanded_pool\cessnock_or_newarea\generated_samples_Conditional_Transformer_Risk_Generator.npy,1.6241345800490046,0.06785555182858798,0.02337253898985801,0.3355654371667182,0.07006289797722891,0.05750654299704194,0.20910255507462558,0.10322913826295635,0.024116037327895166,0.7229341907634494,0.08038252935625774,0.03499837310493171,0.0703720716051161,51.88575024246464,0.8868659572043885,48.64275280938362,0.007456201589883433,3.2643396854400635,2.43015258252621,0.3111888108950315,0.3000000000000007,2.9599999999999937,18.58828041757114,17.33767989265722,1.6574089262220595,0.17803936004638654,0.017094841003417294,2.740740740740741,0.0,0.0,0.7037037037037037,,,,,,,,,targeted_seed45_Conditional_Transformer_Risk_Generator,0.6559517599833898,0.3402464180247179,0.5780606041472093,0.5609756097560975
cessnock_or_newarea,TargetSelected_val_calibrated_all_method_pool_global_main,89.24597677413125,14.383077523034977,3.1292553041410565,8.037037037037036,,0.3333333333333333,0.5385080830263043,84,C:\Users\13411\MyPython\project\ExtremeScene\results\method_pool_risk_target_selection_expanded_fast\cessnock_or_newarea\generated_samples_TargetSelected_val_calibrated_all_method_pool_global_main.npy,1.710177037941576,0.0727795789758245,0.04117419208790767,0.534069736881155,0.0789648455344407,0.13828093611040174,0.4041657881780699,0.1189360815303146,0.058301058892363984,0.8828041876669336,0.09022683534685993,0.0792520623635578,0.08284743897570293,53.06976340869155,1.0095006714292072,66.41302697058528,0.14942363561615482,1.4688024520874023,1.7232576555013654,0.5069930065143772,5.399999999999999,4.520000000000003,18.300622271019254,18.34600265643406,2.790200569011547,1.9782876014709476,2.6956480407714825,2.6666666666666665,0.3000000000000007,1.4799999999999969,0.7037037037037037,,,,,,,,,TargetSelected_val_calibrated_all_method_pool_global_main,0.677184797938472,0.37777261009700425,0.375888320511426,0.8536585365853657
cessnock_or_newarea,targeted_seed46_Conditional_NormalizingFlow_Risk_Generator,69.95160228849592,11.229241723506583,3.7003131160723837,7.37037037037037,,0.4444444444444444,0.5420354805089648,85,C:\Users\13411\MyPython\project\ExtremeScene\results\targeted_expanded_pool_multiseed\seed46\expanded_pool\cessnock_or_newarea\generated_samples_Conditional_NormalizingFlow_Risk_Generator.npy,0.8702881971504466,0.04057391691209042,0.08004519389337768,0.4879901517127077,0.0694799125701626,0.12254173949682216,0.48820171527441875,0.1767113129844718,0.05951265902832829,0.6154933547125243,0.0955883808222416,0.08736653080617605,0.06459923981809788,30.371792151136233,0.23717256453831687,19.529442054740727,0.08379401522670042,1.9214969277381897,3.6708343797922005,0.3531468528134627,5.0,6.479999999999997,13.189037617933245,3.0521861026335344,2.5281151400672064,1.4770945549011234,5.298623790740958,2.6666666666666665,1.0,1.0,0.8888888888888888,,,,,,,,,targeted_seed46_Conditional_NormalizingFlow_Risk_Generator,0.5294347859628871,0.2930860204795953,0.8006291494268314,0.6341463414634146
cessnock_or_newarea,targeted_seed45_RiskKNN_Bootstrap_Generator,72.04293839959722,27.981083180381056,3.2537450707211435,6.296296296296297,,0.4444444444444444,0.5456999434794709,86,C:\Users\13411\MyPython\project\ExtremeScene\results\targeted_expanded_pool_multiseed\seed45\expanded_pool\cessnock_or_newarea\generated_samples_RiskKNN_Bootstrap_Generator.npy,1.1377778732727584,0.04302786358641758,0.024692750394159826,0.4074742829125845,0.04593550048586546,0.12709087028932917,0.3510694827439136,0.029700544703504615,0.06098480648906163,0.6321072129764188,0.039554636258595885,0.07092280905751687,0.049869960515487616,49.84124188199141,0.8709624693861082,48.06904031189056,0.03886373641297416,2.7895342946052555,3.0545399731397627,0.30769230740182874,1.0,0.26000000000000156,19.276341385960645,9.80997317985301,1.9924387843520552,0.7450999259948734,0.5534692573547364,2.3703703703703702,0.0,0.0,0.6666666666666666,,,,,,,,,targeted_seed45_RiskKNN_Bootstrap_Generator,0.5454495541892547,0.7429053557177723,0.46848119910262215,0.2804878048780489
cessnock_or_newarea,targeted_seed45_Expanded_ValSelected_Model_Ensemble,77.14963578005161,22.021985737754115,3.5500513033324816,6.0,,0.2962962962962963,0.5498900271317307,87,C:\Users\13411\MyPython\project\ExtremeScene\results\targeted_expanded_pool_multiseed\seed45\expanded_pool\cessnock_or_newarea\generated_samples_Expanded_ValSelected_Model_Ensemble.npy,1.4766411717536518,0.06330821470098363,0.0241070405898423,0.3283273123896434,0.05869155715594029,0.03313296581483167,0.19457784475629142,0.03194414899982962,0.05756370768896507,0.6665154429665289,0.051314640285584516,0.03826790469787968,0.05974283135988361,48.59455783532537,0.7757409635883094,67.85642215517474,0.13620868299878078,0.9762376248836517,0.904120593070985,0.279720279456208,0.3000000000000007,0.0,19.084329726473854,10.861395108258769,2.0418093469407825,0.9407034873962399,1.0735286140441893,2.4444444444444446,0.3000000000000007,0.0,0.7407407407407407,,,,,,,,,targeted_seed45_Expanded_ValSelected_Model_Ensemble,0.5845549732159021,0.5828920666019083,0.6888675631845748,0.18292682926829265
cessnock_or_newarea,targeted_seed45_Expanded_ValSelected_Model_Ensemble_Margin_0.05,77.14963578005161,22.021985737754115,3.5500513033324816,6.0,,0.2962962962962963,0.5498900271317307,87,C:\Users\13411\MyPython\project\ExtremeScene\results\targeted_expanded_pool_multiseed\seed45\expanded_pool\cessnock_or_newarea\generated_samples_Expanded_ValSelected_Model_Ensemble_Margin_0.05.npy,1.4766411717536518,0.06330821470098363,0.0241070405898423,0.3283273123896434,0.05869155715594029,0.03313296581483167,0.19457784475629142,0.03194414899982962,0.05756370768896507,0.6665154429665289,0.051314640285584516,0.03826790469787968,0.05974283135988361,48.59455783532537,0.7757409635883094,67.85642215517474,0.13620868299878078,0.9762376248836517,0.904120593070985,0.279720279456208,0.3000000000000007,0.0,19.084329726473854,10.861395108258769,2.0418093469407825,0.9407034873962399,1.0735286140441893,2.4444444444444446,0.3000000000000007,0.0,0.7407407407407407,,,,,,,,,targeted_seed45_Expanded_ValSelected_Model_Ensemble_Margin_0.05,0.5845549732159021,0.5828920666019083,0.6888675631845748,0.18292682926829265
cessnock_or_newarea,targeted_seed45_TransformerVAE_Augmented_TailWeighted_Copula,77.14963578005161,22.021985737754115,3.5500513033324816,6.0,,0.2962962962962963,0.5498900271317307,87,C:\Users\13411\MyPython\project\ExtremeScene\results\targeted_expanded_pool_multiseed\seed45\expanded_pool\cessnock_or_newarea\generated_samples_TransformerVAE_Augmented_TailWeighted_Copula.npy,1.4766411717536518,0.06330821470098363,0.0241070405898423,0.3283273123896434,0.05869155715594029,0.03313296581483167,0.19457784475629142,0.03194414899982962,0.05756370768896507,0.6665154429665289,0.051314640285584516,0.03826790469787968,0.05974283135988361,48.59455783532537,0.7757409635883094,67.85642215517474,0.13620868299878078,0.9762376248836517,0.904120593070985,0.279720279456208,0.3000000000000007,0.0,19.084329726473854,10.861395108258769,2.0418093469407825,0.9407034873962399,1.0735286140441893,2.4444444444444446,0.3000000000000007,0.0,0.7407407407407407,,,,,,,,,targeted_seed45_TransformerVAE_Augmented_TailWeighted_Copula,0.5845549732159021,0.5828920666019083,0.6888675631845748,0.18292682926829265
cessnock_or_newarea,targeted_seed47_RiskKNN_Bootstrap_Generator,73.51122217373138,28.168671147299996,3.112796775783257,6.851851851851852,,0.3333333333333333,0.5518145921612261,90,C:\Users\13411\MyPython\project\ExtremeScene\results\targeted_expanded_pool_multiseed\seed47\expanded_pool\cessnock_or_newarea\generated_samples_RiskKNN_Bootstrap_Generator.npy,1.3901403016514244,0.049091093122610056,0.02135208096370041,0.3181481080288377,0.04355236278790813,0.07914336732854742,0.35271708517297745,0.035151039469784616,0.05844147540527505,0.6870018316177465,0.0425981651267676,0.05297897456584096,0.04174005759373842,51.24185158409796,0.9540509171565608,46.995983143388955,0.06701076749148997,2.393774229288102,2.2845436775684362,0.38111888075908346,2.3999999999999986,3.7399999999999984,20.616579176434332,10.729426091657828,2.277413156297472,0.9647992134094245,0.5263440513610842,2.5925925925925926,0.0,0.7399999999999984,0.7037037037037037,,,,,,,,,targeted_seed47_RiskKNN_Bootstrap_Generator,0.5566931913112246,0.7479424553581543,0.36364681215384476,0.4634146341463416
cessnock_or_newarea,targeted_seed46_TransformerVAE_Augmented_TailWeighted_Copula,83.40418768179192,16.777016140891327,3.3271802635798746,7.666666666666667,,0.4074074074074074,0.5628827199520161,91,C:\Users\13411\MyPython\project\ExtremeScene\results\targeted_expanded_pool_multiseed\seed46\expanded_pool\cessnock_or_newarea\generated_samples_TransformerVAE_Augmented_TailWeighted_Copula.npy,1.7268684746797194,0.06729110158099923,0.033993615635030686,0.22128049364186408,0.045931916166525026,0.04682362946049572,0.37587437610893226,0.03333496939771422,0.09552493555148674,0.7746744481435052,0.048852662381746154,0.05878072688233771,0.06452216488777424,51.90398792922494,0.9129971282714667,61.82240259930357,0.09206633427451613,1.059087324142455,1.4263459438085562,0.4790209785687562,5.0,5.0,17.95382202009384,11.13532746036762,1.906226290596856,1.1752705574035645,1.321763668060302,2.4814814814814814,1.0,1.7399999999999984,0.7037037037037037,,,,,,,,,targeted_seed46_TransformerVAE_Augmented_TailWeighted_Copula,0.632450286902907,0.4420544910148325,0.5231007560628744,0.7317073170731709
cessnock_or_newarea,targeted_seed46_Conditional_Transformer_Risk_Generator,131.4017594705171,15.7695584885818,2.758765949654238,8.222222222222221,,0.4444444444444444,0.586777339833079,92,C:\Users\13411\MyPython\project\ExtremeScene\results\targeted_expanded_pool_multiseed\seed46\expanded_pool\cessnock_or_newarea\generated_samples_Conditional_Transformer_Risk_Generator.npy,1.6985815780643576,0.06842462636126573,0.026162187528252463,0.162119990883884,0.037373745751089475,0.09955431001191806,0.24497616905029174,0.1227078625970023,0.03235611092794206,0.7018925793328444,0.07616874490311916,0.05269086948937086,0.08679720692838862,52.58027885062293,0.9098549693532103,68.73547140872516,0.029870996318483486,3.667876577377319,1.5872733324766202,0.3706293702794757,4.399999999999999,10.919999999999987,18.235782063794357,16.58914357321104,1.699486392515677,0.6799321174621582,0.8440587425231936,2.5185185185185186,0.0,0.0,0.7407407407407407,,,,,,,,,targeted_seed46_Conditional_Transformer_Risk_Generator,1.0,0.41500230498447127,0.10032610554607249,0.9146341463414633
cessnock_or_newarea,targeted_seed47_TransformerVAE_Augmented_TailWeighted_Copula,78.99492381038608,29.735711163966734,3.052752444393398,7.814814814814815,,0.2962962962962963,0.6134317737144733,93,C:\Users\13411\MyPython\project\ExtremeScene\results\targeted_expanded_pool_multiseed\seed47\expanded_pool\cessnock_or_newarea\generated_samples_TransformerVAE_Augmented_TailWeighted_Copula.npy,1.591198726691336,0.055384269316637764,0.021258273733841492,0.3636122922909313,0.05945801362327728,0.06955359294076874,0.324058364215409,0.04252773568082829,0.0848376146455082,0.7596231277325588,0.05245667287358111,0.05854982710670614,0.07098143304494862,50.37996675627148,0.8332971893721434,41.77950046433945,0.08808534957145285,1.7770714521408078,1.3430481070280091,0.3951048947318939,3.3000000000000007,4.479999999999997,17.385790247874578,1.0029568760515986,2.2822308628647416,2.195033931732178,2.080150604248047,2.185185185185185,0.3000000000000007,0.0,0.6666666666666666,,,,,,,,,targeted_seed47_TransformerVAE_Augmented_TailWeighted_Copula,0.5986855856793071,0.7900205099053689,0.3189870972294529,0.7804878048780489
cessnock_or_newarea,targeted_seed47_Expanded_ValSelected_Model_Ensemble,100.50775996438695,26.551083171512552,3.092422320294039,7.333333333333333,,0.37037037037037035,0.6207951454105368,94,C:\Users\13411\MyPython\project\ExtremeScene\results\targeted_expanded_pool_multiseed\seed47\expanded_pool\cessnock_or_newarea\generated_samples_Expanded_ValSelected_Model_Ensemble.npy,1.384162847151972,0.05900163236650039,0.018403125586753742,0.33217665127539264,0.05195402346590477,0.0709826597608611,0.2775435252381073,0.036409728709219706,0.061204211853116884,0.6646276745551574,0.04912179484720829,0.05019666573357725,0.06543968708556377,52.1811265461508,0.88484342667744,50.97498419656294,0.07407421062741902,2.90881700515747,3.485741104483605,0.3636363632930704,5.4999999999999964,7.739999999999998,19.154754238736118,15.936241719778984,2.1769028592992714,2.289830589294433,2.944434394836424,2.259259259259259,1.0,1.0,0.6666666666666666,,,,,,,,,targeted_seed47_Expanded_ValSelected_Model_Ensemble,0.763423851838121,0.7045070903667204,0.34849271928902065,0.6219512195121951
cessnock_or_newarea,targeted_seed47_Expanded_ValSelected_Model_Ensemble_Margin_0.05,100.50775996438695,26.551083171512552,3.092422320294039,7.333333333333333,,0.37037037037037035,0.6207951454105368,94,C:\Users\13411\MyPython\project\ExtremeScene\results\targeted_expanded_pool_multiseed\seed47\expanded_pool\cessnock_or_newarea\generated_samples_Expanded_ValSelected_Model_Ensemble_Margin_0.05.npy,1.384162847151972,0.05900163236650039,0.018403125586753742,0.33217665127539264,0.05195402346590477,0.0709826597608611,0.2775435252381073,0.036409728709219706,0.061204211853116884,0.6646276745551574,0.04912179484720829,0.05019666573357725,0.06543968708556377,52.1811265461508,0.88484342667744,50.97498419656294,0.07407421062741902,2.90881700515747,3.485741104483605,0.3636363632930704,5.4999999999999964,7.739999999999998,19.154754238736118,15.936241719778984,2.1769028592992714,2.289830589294433,2.944434394836424,2.259259259259259,1.0,1.0,0.6666666666666666,,,,,,,,,targeted_seed47_Expanded_ValSelected_Model_Ensemble_Margin_0.05,0.763423851838121,0.7045070903667204,0.34849271928902065,0.6219512195121951
cessnock_or_newarea,targeted_seed47_TailWeighted_Month_EVT_Copula_Risk_Selection_Fixed,100.50775996438695,26.551083171512552,3.092422320294039,7.333333333333333,,0.37037037037037035,0.6207951454105368,94,C:\Users\13411\MyPython\project\ExtremeScene\results\targeted_expanded_pool_multiseed\seed47\expanded_pool\cessnock_or_newarea\generated_samples_TailWeighted_Month_EVT_Copula_Risk_Selection_Fixed.npy,1.384162847151972,0.05900163236650039,0.018403125586753742,0.33217665127539264,0.05195402346590477,0.0709826597608611,0.2775435252381073,0.036409728709219706,0.061204211853116884,0.6646276745551574,0.04912179484720829,0.05019666573357725,0.06543968708556377,52.1811265461508,0.88484342667744,50.97498419656294,0.07407421062741902,2.90881700515747,3.485741104483605,0.3636363632930704,5.4999999999999964,7.739999999999998,19.154754238736118,15.936241719778984,2.1769028592992714,2.289830589294433,2.944434394836424,2.259259259259259,1.0,1.0,0.6666666666666666,,,,,,,,,targeted_seed47_TailWeighted_Month_EVT_Copula_Risk_Selection_Fixed,0.763423851838121,0.7045070903667204,0.34849271928902065,0.6219512195121951
cessnock_or_newarea,targeted_seed45_TailWeighted_Month_EVT_Copula_Risk_Selection_Fixed,87.62483674279885,22.48336985537302,3.3630177781128117,7.666666666666667,,0.37037037037037035,0.6252106125460225,97,C:\Users\13411\MyPython\project\ExtremeScene\results\targeted_expanded_pool_multiseed\seed45\expanded_pool\cessnock_or_newarea\generated_samples_TailWeighted_Month_EVT_Copula_Risk_Selection_Fixed.npy,1.3680395008114625,0.05419995235441024,0.039054418018026,0.42783307009184357,0.06515426142705008,0.09795860443624221,0.3594498200153206,0.04239873582397923,0.0891703043543583,0.7184407969728756,0.053917649868479856,0.07539444226954217,0.04691125993284338,51.826440098875445,0.9194713661114478,39.747403184796,0.11264038452233811,0.023555007576945286,0.6242682993412014,0.437062936650325,4.0,6.959999999999994,17.48067881859532,6.525447354385939,2.2506822038579872,2.2275938987731925,2.462037887573242,2.4444444444444446,0.0,0.0,0.6666666666666666,,,,,,,,,targeted_seed45_TailWeighted_Month_EVT_Copula_Risk_Selection_Fixed,0.6647706375715843,0.5952811223132505,0.5497559480783862,0.7317073170731709
cessnock_or_newarea,traditional_gaussian_copula,79.41621962708216,21.250898740516284,3.9683642991477854,8.481481481481481,4.333333333333333,0.2962962962962963,0.7492295863084601,98,C:\Users\13411\MyPython\project\ExtremeScene\results\tailweighted_month_evt_copula\cessnock_or_newarea\generated_samples_traditional_gaussian_copula.npy,0.5463657908969455,0.0450662647507598,0.1017521128807281,0.156808124489716,0.0489259225940454,0.0952822237880887,0.3239881839784984,0.0390542528031712,0.1313074469067911,0.3423873664550532,0.0443488133826588,0.1094472611918693,0.0594983491086493,47.03024359423142,0.3803701020944781,59.49245475785317,0.1415923067999961,1.0196067512035365,2.0965771061182004,0.1433566432213065,12.0,12.0,17.927938211496713,14.378730221986627,2.5209032164679632,1.8651918411254889,2.206719131469725,2.592592592592593,0.3000000000000007,0.7399999999999984,0.7777777777777778,0.8127648584389439,0.230338916726049,0.1654823815406149,0.1904587785271131,44.14568487734351,37.82193678796304,2.37671547755599,8.25,traditional_gaussian_copula,0.6019117313109497,0.5621868897172508,1.0,1.0
cessnock_or_newarea,ganfix_GAN_Augmented_TailWeighted_Month_EVT_Copula_Risk_Selection_Fixed,125.09183224931387,37.5556131817359,3.024440755957686,7.592592592592593,,0.25925925925925924,0.7660841172652629,99,C:\Users\13411\MyPython\project\ExtremeScene\results\model_pool_experiments_new_machine_margin_formal50_ganfix\cessnock_or_newarea\generated_samples_GAN_Augmented_TailWeighted_Month_EVT_Copula_Risk_Selection_Fixed.npy,1.1866239336292437,0.047652946627093726,0.02776055621362075,0.45683918325593975,0.0714773252373571,0.037967266217834715,0.42689631951899665,0.04094263951217161,0.12216376420052816,0.6901198121347267,0.05335763712554081,0.06263052887732788,0.05049825374918416,53.61628455646049,0.8833583640604834,48.48617742962888,0.07755107587380737,1.9821826457977298,2.143149057030678,0.43006992966391994,4.399999999999999,9.43999999999999,18.71777268201366,9.826214311179129,1.9224449351981834,1.1257400035858147,2.084801721572875,2.7037037037037037,1.0,1.7399999999999984,0.6296296296296297,,,,,,,,,ganfix_GAN_Augmented_TailWeighted_Month_EVT_Copula_Risk_Selection_Fixed,0.9516806402201876,1.0,0.29792945689438805,0.7073170731707318
cessnock_or_newarea,targeted_seed45_GAN_Augmented_TailWeighted_Month_EVT_Copula_Risk_Selection_Fixed,125.09183224931387,37.5556131817359,3.024440755957686,7.592592592592593,,0.25925925925925924,0.7660841172652629,99,C:\Users\13411\MyPython\project\ExtremeScene\results\targeted_expanded_pool_multiseed\seed45\expanded_pool\cessnock_or_newarea\generated_samples_GAN_Augmented_TailWeighted_Month_EVT_Copula_Risk_Selection_Fixed.npy,1.1866239336292437,0.047652946627093726,0.02776055621362075,0.45683918325593975,0.0714773252373571,0.037967266217834715,0.42689631951899665,0.04094263951217161,0.12216376420052816,0.6901198121347267,0.05335763712554081,0.06263052887732788,0.05049825374918416,53.61628455646049,0.8833583640604834,48.48617742962888,0.07755107587380737,1.9821826457977298,2.143149057030678,0.43006992966391994,4.399999999999999,9.43999999999999,18.71777268201366,9.826214311179129,1.9224449351981834,1.1257400035858147,2.084801721572875,2.7037037037037037,1.0,1.7399999999999984,0.6296296296296297,,,,,,,,,targeted_seed45_GAN_Augmented_TailWeighted_Month_EVT_Copula_Risk_Selection_Fixed,0.9516806402201876,1.0,0.29792945689438805,0.7073170731707318
cessnock_or_newarea,targeted_seed46_GAN_Augmented_TailWeighted_Month_EVT_Copula_Risk_Selection_Fixed,125.09183224931387,37.5556131817359,3.024440755957686,7.592592592592593,,0.25925925925925924,0.7660841172652629,99,C:\Users\13411\MyPython\project\ExtremeScene\results\targeted_expanded_pool_multiseed\seed46\expanded_pool\cessnock_or_newarea\generated_samples_GAN_Augmented_TailWeighted_Month_EVT_Copula_Risk_Selection_Fixed.npy,1.1866239336292437,0.047652946627093726,0.02776055621362075,0.45683918325593975,0.0714773252373571,0.037967266217834715,0.42689631951899665,0.04094263951217161,0.12216376420052816,0.6901198121347267,0.05335763712554081,0.06263052887732788,0.05049825374918416,53.61628455646049,0.8833583640604834,48.48617742962888,0.07755107587380737,1.9821826457977298,2.143149057030678,0.43006992966391994,4.399999999999999,9.43999999999999,18.71777268201366,9.826214311179129,1.9224449351981834,1.1257400035858147,2.084801721572875,2.7037037037037037,1.0,1.7399999999999984,0.6296296296296297,,,,,,,,,targeted_seed46_GAN_Augmented_TailWeighted_Month_EVT_Copula_Risk_Selection_Fixed,0.9516806402201876,1.0,0.29792945689438805,0.7073170731707318
cessnock_or_newarea,targeted_seed47_GAN_Augmented_TailWeighted_Month_EVT_Copula_Risk_Selection_Fixed,125.09183224931387,37.5556131817359,3.024440755957686,7.592592592592593,,0.25925925925925924,0.7660841172652629,99,C:\Users\13411\MyPython\project\ExtremeScene\results\targeted_expanded_pool_multiseed\seed47\expanded_pool\cessnock_or_newarea\generated_samples_GAN_Augmented_TailWeighted_Month_EVT_Copula_Risk_Selection_Fixed.npy,1.1866239336292437,0.047652946627093726,0.02776055621362075,0.45683918325593975,0.0714773252373571,0.037967266217834715,0.42689631951899665,0.04094263951217161,0.12216376420052816,0.6901198121347267,0.05335763712554081,0.06263052887732788,0.05049825374918416,53.61628455646049,0.8833583640604834,48.48617742962888,0.07755107587380737,1.9821826457977298,2.143149057030678,0.43006992966391994,4.399999999999999,9.43999999999999,18.71777268201366,9.826214311179129,1.9224449351981834,1.1257400035858147,2.084801721572875,2.7037037037037037,1.0,1.7399999999999984,0.6296296296296297,,,,,,,,,targeted_seed47_GAN_Augmented_TailWeighted_Month_EVT_Copula_Risk_Selection_Fixed,0.9516806402201876,1.0,0.29792945689438805,0.7073170731707318
