dataset,method,q99_cum_deficit_error,core_q99_cum_deficit_error,netload_ramp_max_mae,imbalance_duration_mae,max_imbalance_run_mae,extreme_degree_match_rate,risk_score,risk_rank,generated_path,load_wasserstein,load_js,load_acf_mae,wind_power_wasserstein,wind_power_js,wind_power_acf_mae,solar_power_wasserstein,solar_power_js,solar_power_acf_mae,mean_wasserstein,mean_js,acf_mae,corr_matrix_error,cum_deficit_mae,cum_deficit_relative_error,q95_cum_deficit_error,netload_ramp_max_relative_error,q95_netload_ramp_max_error,q99_netload_ramp_max_error,imbalance_duration_relative_error,q95_imbalance_duration_error,q99_imbalance_duration_error,core_cum_deficit_mae,core_q95_cum_deficit_error,core_netload_ramp_max_mae,core_q95_netload_ramp_max_error,core_q99_netload_ramp_max_error,core_imbalance_duration_mae,core_q95_imbalance_duration_error,core_q99_imbalance_duration_error,extreme_degree_adjacent_match_rate,highrisk_wasserstein,highrisk_js,highrisk_acf_mae,highrisk_corr_matrix_error,highrisk_cum_deficit_mae,highrisk_q99_cum_deficit_error,highrisk_netload_ramp_max_mae,highrisk_imbalance_duration_mae,model_name,norm_q99_cum_deficit_error,norm_core_q99_cum_deficit_error,norm_netload_ramp_max_mae,norm_imbalance_duration_mae
singleton,TargetSelected_empirical_ganfix_model_pool_q99_guard,0.19796906165257155,1.9666838367744148,0.8778594589537188,6.666666666666667,,0.42857142857142855,0.06914974010270244,1,C:\Users\13411\MyPython\project\ExtremeScene\results\method_pool_risk_target_selection_expanded_fast\singleton\generated_samples_TargetSelected_empirical_ganfix_model_pool_q99_guard.npy,0.794259336890367,0.08404848803663482,0.08136467223621069,0.5894444954566775,0.16204793057155967,0.21017221490149016,0.3475875104260306,0.1485620985977743,0.10590014815576983,0.5770971142576917,0.13155283906865625,0.13247901176449023,0.14767227114887882,24.29322336769028,0.15789808171817846,4.979010850213442,0.006860365367879796,0.7684023082256317,0.33907101750373947,0.32824427454606386,5.0,7.400000000000002,9.111526078680113,1.6470575394783005,1.3217005282640457,2.308952569961548,3.2622864246368413,2.4285714285714284,1.0,1.0,0.6666666666666666,,,,,,,,,TargetSelected_empirical_ganfix_model_pool_q99_guard,0.0,0.11418324246106563,0.04150214638060788,0.16346153846153857
singleton,TargetSelected_empirical_targeted_expanded_pool_duration_guard,0.19796906165257155,1.9666838367744148,0.9692181320029444,6.190476190476191,,0.42857142857142855,0.07870504683579464,2,C:\Users\13411\MyPython\project\ExtremeScene\results\method_pool_risk_target_selection_expanded_fast\singleton\generated_samples_TargetSelected_empirical_targeted_expanded_pool_duration_guard.npy,0.6217712911348494,0.05843072276330672,0.05445755459772713,0.5578199211340495,0.17618080081945442,0.13541426384257615,0.28771863289818167,0.12879215964693919,0.08716432401602749,0.4891032817223602,0.12113456107656677,0.09234538081877693,0.13292230596127597,25.71558805178189,0.14404834198777483,4.979010850213442,0.019840090353314317,0.9048795998096466,0.31177555918693756,0.2748091600850766,5.0,7.400000000000002,9.580204750766248,1.6470575394783005,1.0845433310383843,1.115410566329956,1.9122472286224368,2.238095238095238,1.0,0.1999999999999993,0.6666666666666666,,,,,,,,,TargetSelected_empirical_targeted_expanded_pool_duration_guard,0.0,0.11418324246106563,0.13741568100528434,0.06730769230769242
singleton,TargetSelected_empirical_targeted_expanded_pool_q99_guard,0.19796906165257155,1.9666838367744148,0.9818458343423637,6.380952380952381,,0.42857142857142855,0.08778859775969045,3,C:\Users\13411\MyPython\project\ExtremeScene\results\method_pool_risk_target_selection_expanded_fast\singleton\generated_samples_TargetSelected_empirical_targeted_expanded_pool_q99_guard.npy,0.6837625207093657,0.06720274773230103,0.06881781670014055,0.5728817061427487,0.18411155937923296,0.15596817881088354,0.34644893125884846,0.15138798983393878,0.10605237517834727,0.5343643860369877,0.13423409898182426,0.11027945689645711,0.16117971142053877,25.593569472897748,0.16962412092359347,4.979010850213442,0.010381969133751964,0.9048795998096466,0.31177555918693756,0.2977099234254996,5.0,7.400000000000002,9.921118738257075,1.6470575394783005,1.189601331239655,2.2718474864959717,2.1435346126556394,2.5714285714285716,1.0,1.0,0.6666666666666666,,,,,,,,,TargetSelected_empirical_targeted_expanded_pool_q99_guard,0.0,0.11418324246106563,0.15067296162394447,0.10576923076923091
singleton,TargetSelected_empirical_all_method_pool_q99_guard,0.19796906165257155,1.9666838367744148,0.961007166393323,6.571428571428571,,0.42857142857142855,0.08808842361871218,4,C:\Users\13411\MyPython\project\ExtremeScene\results\method_pool_risk_target_selection_expanded_fast\singleton\generated_samples_TargetSelected_empirical_all_method_pool_q99_guard.npy,0.699504827380811,0.06676183375310463,0.06509251754330438,0.5656797358490251,0.1640456305798381,0.16202764410776113,0.31138150963968697,0.13709856024695755,0.09961389853764828,0.5255220242898411,0.12263534152663343,0.10891135339623793,0.1537144900815295,25.697818036688666,0.18509596682578983,4.979010850213442,0.0068263394347411405,0.7684023082256317,0.33907101750373947,0.3129770989857816,5.0,7.400000000000002,9.811569892847992,1.6470575394783005,1.135014194108191,2.2718474864959717,2.1435346126556394,2.5714285714285716,1.0,1.0,0.6666666666666666,,,,,,,,,TargetSelected_empirical_all_method_pool_q99_guard,0.0,0.11418324246106563,0.1287953419831084,0.14423076923076922
singleton,TargetSelected_empirical_ganfix_model_pool_duration_guard,0.19796906165257155,1.9666838367744148,0.9567454726091542,6.666666666666667,,0.42857142857142855,0.08985449683134519,5,C:\Users\13411\MyPython\project\ExtremeScene\results\method_pool_risk_target_selection_expanded_fast\singleton\generated_samples_TargetSelected_empirical_ganfix_model_pool_duration_guard.npy,0.6913727480898457,0.07214934562821661,0.048618512094380874,0.580191730107698,0.17142946803995804,0.18678540705831337,0.30983812556425816,0.1259385980599088,0.08336335130988388,0.527134201253934,0.12317247057602781,0.10625575682085937,0.13857547427982994,24.69516024952273,0.13966776239707498,4.979010850213442,0.003550699875064138,0.7020208537578583,0.35234730839729345,0.32824427454606386,5.0,7.400000000000002,9.190887473254406,1.6470575394783005,1.2174738936481022,2.2718474864959717,2.1435346126556394,2.380952380952381,1.0,1.0,0.6666666666666666,,,,,,,,,TargetSelected_empirical_ganfix_model_pool_duration_guard,0.0,0.11418324246106563,0.12432117329517889,0.16346153846153857
singleton,TargetSelected_empirical_ganfix_model_pool_paper_weights,0.19796906165257155,1.9666838367744148,0.9317120667602423,6.904761904761905,,0.38095238095238093,0.0904956617352208,6,C:\Users\13411\MyPython\project\ExtremeScene\results\method_pool_risk_target_selection_expanded_fast\singleton\generated_samples_TargetSelected_empirical_ganfix_model_pool_paper_weights.npy,0.7918937433333624,0.08802434480790815,0.10528542395142056,0.6075911222755042,0.1791749130561546,0.2325691831560165,0.3745521521967059,0.1730642134421678,0.12265879809672488,0.5913456726018574,0.1467544904354102,0.1535044684013873,0.16891441365761173,23.51624028479346,0.15163496927316353,4.979010850213442,0.0053625411533509,0.7684023082256317,0.33907101750373947,0.3549618317765573,5.0,7.400000000000002,9.115051411357758,1.6470575394783005,1.4510646895283745,2.308952569961548,3.2622864246368413,2.5238095238095237,1.0,1.0,0.7142857142857143,,,,,,,,,TargetSelected_empirical_ganfix_model_pool_paper_weights,0.0,0.11418324246106563,0.0980396790645275,0.21153846153846165
singleton,TargetSelected_empirical_ganfix_model_pool_core_ramp_guard,0.19796906165257155,1.9666838367744148,0.9317120667602423,6.904761904761905,,0.38095238095238093,0.0904956617352208,6,C:\Users\13411\MyPython\project\ExtremeScene\results\method_pool_risk_target_selection_expanded_fast\singleton\generated_samples_TargetSelected_empirical_ganfix_model_pool_core_ramp_guard.npy,0.7918937433333624,0.08802434480790815,0.10528542395142056,0.6075911222755042,0.1791749130561546,0.2325691831560165,0.3745521521967059,0.1730642134421678,0.12265879809672488,0.5913456726018574,0.1467544904354102,0.1535044684013873,0.16891441365761173,23.51624028479346,0.15163496927316353,4.979010850213442,0.0053625411533509,0.7684023082256317,0.33907101750373947,0.3549618317765573,5.0,7.400000000000002,9.115051411357758,1.6470575394783005,1.4510646895283745,2.308952569961548,3.2622864246368413,2.5238095238095237,1.0,1.0,0.7142857142857143,,,,,,,,,TargetSelected_empirical_ganfix_model_pool_core_ramp_guard,0.0,0.11418324246106563,0.0980396790645275,0.21153846153846165
singleton,TargetSelected_empirical_riskfirst_evt_pool_q99_guard,0.19796906165257155,1.9666838367744148,1.0159168796048366,6.238095238095238,,0.3333333333333333,0.09240410529830487,8,C:\Users\13411\MyPython\project\ExtremeScene\results\method_pool_risk_target_selection_expanded_fast\singleton\generated_samples_TargetSelected_empirical_riskfirst_evt_pool_q99_guard.npy,0.8337300044518927,0.09354365612748268,0.08651505398924819,0.7159834229806191,0.2668121496667157,0.24056535843373952,0.5066560740804504,0.27727900657458915,0.10913257223624777,0.6854565005043206,0.2125449374562625,0.14540432821974517,0.21471199120703885,22.594749351023353,0.05957895168255635,4.979010850213442,0.015161439582807938,0.9048795998096466,0.31177555918693756,0.24045801507444203,5.0,7.400000000000002,7.987811994523681,1.6470575394783005,1.424965745636395,2.308952569961548,3.2622864246368413,2.2857142857142856,1.0,1.0,0.8571428571428571,,,,,,,,,TargetSelected_empirical_riskfirst_evt_pool_q99_guard,0.0,0.11418324246106563,0.18644268408609452,0.076923076923077
singleton,TargetSelected_empirical_riskfirst_evt_pool_duration_guard,0.19796906165257155,1.9666838367744148,1.0046309756968792,6.428571428571429,,0.3333333333333333,0.09521119000324413,9,C:\Users\13411\MyPython\project\ExtremeScene\results\method_pool_risk_target_selection_expanded_fast\singleton\generated_samples_TargetSelected_empirical_riskfirst_evt_pool_duration_guard.npy,0.7963536738087892,0.09009161898047151,0.0797712350280063,0.7174140445188318,0.26946947374116087,0.23841871651543803,0.49764287422693176,0.27502727097204277,0.0908128556318978,0.6704701975181843,0.21152945456455838,0.13633426905844737,0.20873719307622277,22.453047704871427,0.053830095273840965,4.979010850213442,0.0170871142570936,0.9048795998096466,0.31177555918693756,0.255725190634724,5.0,7.400000000000002,7.8458092533203425,1.6470575394783005,1.4058759219589687,2.308952569961548,3.2622864246368413,2.238095238095238,2.0,2.0,0.8571428571428571,,,,,,,,,TargetSelected_empirical_riskfirst_evt_pool_duration_guard,0.0,0.11418324246106563,0.1745940998289284,0.11538461538461549
singleton,TargetSelected_empirical_ganfix_model_pool_global_main,0.24529180772731252,1.9666838367744148,0.9546115768995757,6.9523809523809526,,0.38095238095238093,0.09829730594100654,10,C:\Users\13411\MyPython\project\ExtremeScene\results\method_pool_risk_target_selection_expanded_fast\singleton\generated_samples_TargetSelected_empirical_ganfix_model_pool_global_main.npy,0.6770951259073127,0.07901001864143288,0.055280202638267086,0.6009692791898651,0.18166404197468264,0.20940075648242942,0.3405674114625197,0.17757850596404734,0.07476783212973141,0.5395439388532325,0.14608418886005428,0.11314959708347598,0.16097402286054324,28.508220920635598,0.1857063876762906,5.215624580587146,0.01341540391434099,0.03170916438102722,0.48640964627266037,0.3358778623262048,5.0,7.400000000000002,9.226585904235208,1.6470575394783005,1.2683495801119578,2.2718474864959717,2.1435346126556394,2.4285714285714284,2.0,2.0,0.6666666666666666,,,,,,,,,TargetSelected_empirical_ganfix_model_pool_global_main,0.0011634474911280859,0.11418324246106563,0.12208088812908598,0.22115384615384623
singleton,TargetSelected_empirical_ganfix_model_pool_global_q99,0.24529180772731252,2.00640653546796,0.8939598846482113,7.476190476190476,,0.3333333333333333,0.09903754641046422,11,C:\Users\13411\MyPython\project\ExtremeScene\results\method_pool_risk_target_selection_expanded_fast\singleton\generated_samples_TargetSelected_empirical_ganfix_model_pool_global_q99.npy,0.941801721772189,0.10674335829499067,0.1676754194910588,0.5941950469548818,0.165690445001645,0.23344343100197631,0.3984915996814419,0.20592161200921463,0.16612959803489816,0.6448294561361708,0.15945180510195012,0.18908281617597775,0.18206984948587765,26.6308365325946,0.20667693684053068,5.215624580587146,0.008775331193759258,0.03170916438102722,0.48640964627266037,0.4236641217978265,9.0,8.2,9.574292864976604,1.4484440460105859,1.5218860315425056,2.308952569961548,3.2622864246368413,2.380952380952381,2.0,1.1999999999999993,0.7142857142857143,,,,,,,,,TargetSelected_empirical_ganfix_model_pool_global_q99,0.0011634474911280859,0.11682909405999349,0.058405289626664816,0.3269230769230769
singleton,TargetSelected_empirical_targeted_expanded_pool_paper_weights,0.19796906165257155,1.9666838367744148,0.9729544193140187,6.857142857142857,,0.42857142857142855,0.09987799629537429,12,C:\Users\13411\MyPython\project\ExtremeScene\results\method_pool_risk_target_selection_expanded_fast\singleton\generated_samples_TargetSelected_empirical_targeted_expanded_pool_paper_weights.npy,0.7064399697162485,0.06925714341774486,0.08958485484889152,0.5710916851533862,0.18285128877277199,0.1608848115857983,0.34854241782555595,0.15509171275140135,0.12468977828604917,0.5420246908983969,0.13573338164730606,0.12505314824024633,0.17011533142029273,26.094124099885963,0.1819150374806759,4.979010850213442,0.011899080468234896,0.9048795998096466,0.31177555918693756,0.3358778623262048,5.0,7.400000000000002,9.918540526016423,1.6470575394783005,1.2648625721534092,2.2718474864959717,2.1435346126556394,2.619047619047619,1.0,1.0,0.6666666666666666,,,,,,,,,TargetSelected_empirical_targeted_expanded_pool_paper_weights,0.0,0.11418324246106563,0.1413382480743723,0.20192307692307687
singleton,TargetSelected_empirical_all_method_pool_paper_weights,0.19796906165257155,1.9666838367744148,0.952115751364978,7.0476190476190474,,0.42857142857142855,0.10017782215439607,13,C:\Users\13411\MyPython\project\ExtremeScene\results\method_pool_risk_target_selection_expanded_fast\singleton\generated_samples_TargetSelected_empirical_all_method_pool_paper_weights.npy,0.7215730273534381,0.06886068532446835,0.08585955569205532,0.5605965787347742,0.1626408988477446,0.16694427688267588,0.3136845480037366,0.1400878939156178,0.11825130164535018,0.5319513846973162,0.12386315936261023,0.12368504474002713,0.16265011008128344,26.198372663676878,0.19738688338287208,4.979010850213442,0.008343450769224074,0.7684023082256317,0.33907101750373947,0.3511450378864868,5.0,7.400000000000002,9.808991680607338,1.6470575394783005,1.2102754350219453,2.2718474864959717,2.1435346126556394,2.619047619047619,1.0,1.0,0.6666666666666666,,,,,,,,,TargetSelected_empirical_all_method_pool_paper_weights,0.0,0.11418324246106563,0.11946062843353628,0.24038461538461536
singleton,TargetSelected_empirical_all_method_pool_duration_guard,0.19796906165257155,1.9666838367744148,1.0101757488668053,6.571428571428571,,0.42857142857142855,0.10099341769348268,14,C:\Users\13411\MyPython\project\ExtremeScene\results\method_pool_risk_target_selection_expanded_fast\singleton\generated_samples_TargetSelected_empirical_all_method_pool_duration_guard.npy,0.6136380948086895,0.05691630696170002,0.04882515467306391,0.5493434972361361,0.1680218971285295,0.12600789116355476,0.2516755037131444,0.11314346971024461,0.07466251242226077,0.4715523652526566,0.11269389126682472,0.08316518608629316,0.1387902514615753,26.400332715804492,0.1737740350126896,4.979010850213442,0.005065422626074902,0.7020208537578583,0.35234730839729345,0.3129770989857816,5.0,7.400000000000002,9.915330935880885,1.6470575394783005,1.0380453502848035,0.9844858646392822,1.8860622882843026,2.4285714285714284,1.0,0.1999999999999993,0.6666666666666666,,,,,,,,,TargetSelected_empirical_all_method_pool_duration_guard,0.0,0.11418324246106563,0.1804153182821904,0.14423076923076922
singleton,TargetSelected_empirical_rf_duration_pool_q99_guard,0.19796906165257155,1.9666838367744148,0.9921317227417603,6.761904761904762,,0.3333333333333333,0.10202673706330927,15,C:\Users\13411\MyPython\project\ExtremeScene\results\method_pool_risk_target_selection_expanded_fast\singleton\generated_samples_TargetSelected_empirical_rf_duration_pool_q99_guard.npy,0.8808120615267878,0.11076344529248243,0.10616631444909459,0.7630501215114558,0.2997829124038723,0.2581548412528433,0.553664068006222,0.3381857266017219,0.11347659194847959,0.7325087503481552,0.24957736143269224,0.1592659158834725,0.2197342036977621,23.983630043415815,0.04429197068973764,4.979010850213442,0.0035668364327963507,0.9048795998096466,0.31177555918693756,0.20610687006380743,5.0,7.400000000000002,7.359385884600083,1.6470575394783005,1.435818945368131,2.308952569961548,3.2622864246368413,2.238095238095238,1.0,1.0,0.8571428571428571,,,,,,,,,TargetSelected_empirical_rf_duration_pool_q99_guard,0.0,0.11418324246106563,0.16147167268457369,0.1826923076923077
singleton,TargetSelected_empirical_rf_duration_pool_duration_guard,0.19796906165257155,1.9666838367744148,0.9850322872987904,6.904761904761905,,0.38095238095238093,0.10449031229254623,16,C:\Users\13411\MyPython\project\ExtremeScene\results\method_pool_risk_target_selection_expanded_fast\singleton\generated_samples_TargetSelected_empirical_rf_duration_pool_duration_guard.npy,0.811609416096299,0.1048399837966629,0.08817203461132335,0.7674397090449928,0.30497669513690534,0.25113968193145325,0.5373347160556472,0.3294291914548493,0.08837671421667574,0.7054612803989797,0.2464152901294725,0.1425628102531508,0.2134079713357177,24.043329711380938,0.04348844214901894,4.979010850213442,0.004778188500450756,0.9048795998096466,0.31177555918693756,0.2175572517340189,5.0,7.400000000000002,7.429022568457954,1.6470575394783005,1.444520848847571,2.308952569961548,3.2622864246368413,2.1904761904761907,2.0,2.0,0.8095238095238095,,,,,,,,,TargetSelected_empirical_rf_duration_pool_duration_guard,0.0,0.11418324246106563,0.15401828129382913,0.21153846153846165
singleton,TargetSelected_empirical_riskfirst_evt_pool_paper_weights,0.19796906165257155,1.9666838367744148,1.0070254645764916,6.714285714285714,,0.3333333333333333,0.10449350383398875,17,C:\Users\13411\MyPython\project\ExtremeScene\results\method_pool_risk_target_selection_expanded_fast\singleton\generated_samples_TargetSelected_empirical_riskfirst_evt_pool_paper_weights.npy,0.857103688691659,0.09700741647161315,0.10667519955451765,0.7088262487705503,0.2626269596564137,0.2454819912086543,0.5067390745338267,0.2820172132648535,0.1277699753439497,0.6908896706653453,0.2138838631309601,0.15997572203570723,0.2160625467821401,23.095303978011565,0.0718698682396386,4.979010850213442,0.01667855091729072,0.9048795998096466,0.31177555918693756,0.2786259539751471,5.0,7.400000000000002,7.98523378228303,1.6470575394783005,1.5002269865501494,2.308952569961548,3.2622864246368413,2.3333333333333335,1.0,1.0,0.8571428571428571,,,,,,,,,TargetSelected_empirical_riskfirst_evt_pool_paper_weights,0.0,0.11418324246106563,0.17710797053652236,0.17307692307692316
singleton,TargetSelected_empirical_targeted_expanded_pool_core_ramp_guard,0.19796906165257155,1.9666838367744148,0.9993018734191234,6.904761904761905,,0.42857142857142855,0.10823556820737026,18,C:\Users\13411\MyPython\project\ExtremeScene\results\method_pool_risk_target_selection_expanded_fast\singleton\generated_samples_TargetSelected_empirical_targeted_expanded_pool_core_ramp_guard.npy,0.71605822144362,0.06843813577317781,0.0881614674597263,0.544705463903488,0.1735754420048934,0.1552036397262948,0.3094956845155731,0.13995930459119432,0.12267978302098442,0.523419789954227,0.12732429412308852,0.12201496340233518,0.15362837201824178,26.544409136519477,0.16439970873979984,4.979010850213442,0.016394655259220983,0.9048795998096466,0.31177555918693756,0.3320610684361343,5.0,7.400000000000002,10.361973614499986,1.6470575394783005,1.1163139577422823,1.115410566329956,1.9122472286224368,2.5238095238095237,1.0,0.1999999999999993,0.6666666666666666,,,,,,,,,TargetSelected_empirical_targeted_expanded_pool_core_ramp_guard,0.0,0.11418324246106563,0.16899930495312532,0.21153846153846165
singleton,TargetSelected_empirical_all_method_pool_core_ramp_guard,0.19796906165257155,1.9666838367744148,0.9784632054700827,7.095238095238095,,0.42857142857142855,0.10853539406639202,19,C:\Users\13411\MyPython\project\ExtremeScene\results\method_pool_risk_target_selection_expanded_fast\singleton\generated_samples_TargetSelected_empirical_all_method_pool_core_ramp_guard.npy,0.7319465538181325,0.06885279748904805,0.08443616830289012,0.5346147226485074,0.15482798073186235,0.16016724726261744,0.2748193918867968,0.12084492789450009,0.11624130638028542,0.5137935561178123,0.11484190203847017,0.120281573981931,0.1461631506792325,26.64865770031039,0.17987155464199586,4.979010850213442,0.012839025560210006,0.7684023082256317,0.33907101750373947,0.3473282439964163,5.0,7.400000000000002,10.252424769090899,1.6470575394783005,1.0617268206108184,0.9844858646392822,1.8860622882843026,2.5238095238095237,1.0,0.1999999999999993,0.6666666666666666,,,,,,,,,TargetSelected_empirical_all_method_pool_core_ramp_guard,0.0,0.11418324246106563,0.1471216853122894,0.24999999999999994
singleton,TargetSelected_empirical_riskfirst_evt_pool_core_ramp_guard,0.19796906165257155,1.9666838367744148,0.9756378175834903,7.190476190476191,,0.3333333333333333,0.11067844619859787,20,C:\Users\13411\MyPython\project\ExtremeScene\results\method_pool_risk_target_selection_expanded_fast\singleton\generated_samples_TargetSelected_empirical_riskfirst_evt_pool_core_ramp_guard.npy,0.8631873178103612,0.1025279171897185,0.11064117493991625,0.7234149563259311,0.27765470010533927,0.25105188273072926,0.5311896540129464,0.31352079089838064,0.13127703376770986,0.7059306427164129,0.23123446939781278,0.16432336381278512,0.21964611776849458,24.101029859061857,0.04717467571357208,4.979010850213442,0.011322985479840522,0.9048795998096466,0.31177555918693756,0.24045801507444203,5.0,7.400000000000002,7.915041270181412,1.6470575394783005,1.5164911981139864,2.308952569961548,3.2622864246368413,2.380952380952381,1.0,1.0,0.8571428571428571,,,,,,,,,TargetSelected_empirical_riskfirst_evt_pool_core_ramp_guard,0.0,0.11418324246106563,0.14415543230265118,0.2692307692307693
singleton,TargetSelected_empirical_rf_duration_pool_core_ramp_guard,0.19796906165257155,1.9666838367744148,0.9874267761784029,7.190476190476191,,0.38095238095238093,0.11377262612329087,21,C:\Users\13411\MyPython\project\ExtremeScene\results\method_pool_risk_target_selection_expanded_fast\singleton\generated_samples_TargetSelected_empirical_rf_duration_pool_core_ramp_guard.npy,0.8765907401130316,0.1127889254842971,0.11236590527495671,0.7587947152288896,0.298608031743607,0.25820295662466947,0.5461506215783798,0.33793028483937415,0.12533383392872763,0.727178692306767,0.24977574735575944,0.16530089860945127,0.2241351521024336,24.685585984521076,0.061528215114816744,4.979010850213442,0.0043696251606478755,0.9048795998096466,0.31177555918693756,0.24045801507444203,5.0,7.400000000000002,7.568447097420643,1.6470575394783005,1.5388719134387516,2.308952569961548,3.2622864246368413,2.2857142857142856,1.0,1.0,0.8095238095238095,,,,,,,,,TargetSelected_empirical_rf_duration_pool_core_ramp_guard,0.0,0.11418324246106563,0.1565321520014232,0.2692307692307693
singleton,TargetSelected_empirical_rf_duration_pool_paper_weights,0.19796906165257155,1.9666838367744148,0.9832403077134153,7.238095238095238,,0.3333333333333333,0.11411613559899314,22,C:\Users\13411\MyPython\project\ExtremeScene\results\method_pool_risk_target_selection_expanded_fast\singleton\generated_samples_TargetSelected_empirical_rf_duration_pool_paper_weights.npy,0.9049696256874729,0.11431782564314702,0.12693335259784555,0.7558191387751508,0.2954355062406338,0.26307147402775805,0.5535948605880048,0.3445060497833982,0.13251984368019093,0.7381278750168762,0.25141979388905966,0.17417489010193152,0.22536708049227627,24.484184670404023,0.05658288724682006,4.979010850213442,0.005083947767279284,0.9048795998096466,0.31177555918693756,0.24427480896451254,5.0,7.400000000000002,7.35680767235943,1.6470575394783005,1.5110801862818855,2.308952569961548,3.2622864246368413,2.2857142857142856,1.0,1.0,0.8571428571428571,,,,,,,,,TargetSelected_empirical_rf_duration_pool_paper_weights,0.0,0.11418324246106563,0.15213695913500155,0.27884615384615385
singleton,TargetSelected_empirical_targeted_expanded_pool_global_q99,2.340542345043417,3.205792848651569,0.8591668862195331,7.0,,0.42857142857142855,0.11490294442592844,23,C:\Users\13411\MyPython\project\ExtremeScene\results\method_pool_risk_target_selection_expanded_fast\singleton\generated_samples_TargetSelected_empirical_targeted_expanded_pool_global_q99.npy,0.6536450291436815,0.06465286950543683,0.08635435602381171,0.672228803912365,0.1802256961264798,0.1595229425523829,0.3311121562879952,0.14412904783917246,0.10433410506152241,0.5523286631146805,0.12966920449036304,0.11673713454590567,0.1436225532219588,27.124775185350693,0.1478116387859524,6.533682961197286,0.0334602815337741,1.186618983745575,0.7883457779884333,0.2862595417552881,4.0,6.400000000000002,9.113684359377235,1.6470575394783005,1.1364753594001133,1.115410566329956,1.8825631618499759,2.4761904761904763,1.0,1.0,0.6666666666666666,,,,,,,,,TargetSelected_empirical_targeted_expanded_pool_global_q99,0.05267596912449019,0.19671788054329253,0.021877619640836045,0.2307692307692308
singleton,TargetSelected_empirical_all_method_pool_global_q99,2.340542345043417,3.205792848651569,0.8383282182704923,7.190476190476191,,0.42857142857142855,0.11520277028495018,24,C:\Users\13411\MyPython\project\ExtremeScene\results\method_pool_risk_target_selection_expanded_fast\singleton\generated_samples_TargetSelected_empirical_all_method_pool_global_q99.npy,0.6684053792524591,0.06735213419892919,0.08262905686697554,0.6575951613830747,0.1698420078030191,0.16448655008870552,0.2953850372408823,0.13041044720035236,0.09838653788841141,0.5404618592921387,0.12253486306743355,0.11516738161469749,0.1361573318829495,27.229023749141604,0.1632834846881484,6.533682961197286,0.029904651834763277,0.7684023082256317,0.7047024428844448,0.30152671731557007,4.0,6.400000000000002,9.004135513968148,1.6470575394783005,1.0818882222686494,0.9844858646392822,1.8563782215118416,2.4761904761904763,1.0,1.0,0.6666666666666666,,,,,,,,,TargetSelected_empirical_all_method_pool_global_q99,0.05267596912449019,0.19671788054329253,0.0,0.2692307692307693
singleton,TargetSelected_empirical_all_method_pool_global_main,4.5608553049796825,1.8195230885197304,1.0077636681020348,6.476190476190476,,0.38095238095238093,0.12671404935986688,25,C:\Users\13411\MyPython\project\ExtremeScene\results\method_pool_risk_target_selection_expanded_fast\singleton\generated_samples_TargetSelected_empirical_all_method_pool_global_main.npy,0.4930589823495774,0.05935047414656148,0.024980534988145734,0.5849984530211677,0.13214917658462966,0.13432557704144213,0.21233106040823957,0.09329567075166634,0.05338609938932246,0.4301294985929949,0.09493177382761915,0.07089740380630344,0.08651751709187011,30.49179699659569,0.1308204763988876,3.2799800256524634,0.008464650435267333,0.7684023082256317,0.9399622142314907,0.23664122118437153,2.0,6.800000000000004,10.699784514464161,1.6470575394783005,1.1698384746199562,1.5305984020233154,1.901636266708374,2.3333333333333335,1.0,0.1999999999999993,0.6190476190476191,,,,,,,,,TargetSelected_empirical_all_method_pool_global_main,0.10726319740319405,0.10438115161942932,0.17788297861231936,0.12500000000000006
singleton,TargetSelected_empirical_riskfirst_evt_pool_global_main,0.19796906165257155,1.9666838367744148,1.086065500359317,7.190476190476191,,0.38095238095238093,0.1396617627845753,26,C:\Users\13411\MyPython\project\ExtremeScene\results\method_pool_risk_target_selection_expanded_fast\singleton\generated_samples_TargetSelected_empirical_riskfirst_evt_pool_global_main.npy,0.814977806081217,0.0973149292170173,0.07656891241458207,0.6494053307398366,0.24176942206521068,0.22177654561385884,0.46068554411499585,0.23944505242561454,0.10102289960607382,0.6416895603120164,0.19284313456928084,0.13312278587817158,0.20372771027607492,29.00159394946092,0.13683289433212165,4.979010850213442,0.022877411479591,0.41851506754755974,0.40904846563935315,0.3167938928758521,5.0,7.400000000000002,8.448154024887568,1.6470575394783005,1.3991175953830992,2.308952569961548,3.2622864246368413,2.5238095238095237,2.0,2.0,0.7142857142857143,,,,,,,,,TargetSelected_empirical_riskfirst_evt_pool_global_main,0.0,0.11418324246106563,0.2600886986465608,0.2692307692307693
singleton,TargetSelected_val_calibrated_rf_duration_pool_paper_weights,7.163008848158242,2.138747570164462,0.9527057238155976,7.190476190476191,,0.47619047619047616,0.15946927691305562,27,C:\Users\13411\MyPython\project\ExtremeScene\results\method_pool_risk_target_selection_expanded_fast\singleton\generated_samples_TargetSelected_val_calibrated_rf_duration_pool_paper_weights.npy,0.7674017081815729,0.1071014282938002,0.07344997016293885,0.7575131902944237,0.2874423201392146,0.23359259197169815,0.5276650857946372,0.3103862160842965,0.08821434499826768,0.6841933280902112,0.23497665483910377,0.13175230237763488,0.21568120937081633,25.50912554303847,0.08828452755932413,10.502783602363522,0.002516551495569352,0.33326688408851624,0.5594048559665676,0.255725190634724,5.0,9.000000000000004,7.478755195603718,0.7867388725280726,1.3328023985737847,2.308952569961548,2.41713719367981,2.1904761904761907,1.0,1.0,0.8095238095238095,,,,,,,,,TargetSelected_val_calibrated_rf_duration_pool_paper_weights,0.17123811987619691,0.1256440726433194,0.1200800150903414,0.2692307692307693
singleton,TargetSelected_val_calibrated_rf_duration_pool_core_ramp_guard,7.163008848158242,2.138747570164462,0.9527057238155976,7.190476190476191,,0.47619047619047616,0.15946927691305562,27,C:\Users\13411\MyPython\project\ExtremeScene\results\method_pool_risk_target_selection_expanded_fast\singleton\generated_samples_TargetSelected_val_calibrated_rf_duration_pool_core_ramp_guard.npy,0.7674017081815729,0.1071014282938002,0.07344997016293885,0.7575131902944237,0.2874423201392146,0.23359259197169815,0.5276650857946372,0.3103862160842965,0.08821434499826768,0.6841933280902112,0.23497665483910377,0.13175230237763488,0.21568120937081633,25.50912554303847,0.08828452755932413,10.502783602363522,0.002516551495569352,0.33326688408851624,0.5594048559665676,0.255725190634724,5.0,9.000000000000004,7.478755195603718,0.7867388725280726,1.3328023985737847,2.308952569961548,2.41713719367981,2.1904761904761907,1.0,1.0,0.8095238095238095,,,,,,,,,TargetSelected_val_calibrated_rf_duration_pool_core_ramp_guard,0.17123811987619691,0.1256440726433194,0.1200800150903414,0.2692307692307693
singleton,TargetSelected_val_calibrated_rf_duration_pool_q99_guard,7.163008848158242,2.138747570164462,0.9527057238155976,7.190476190476191,,0.47619047619047616,0.15946927691305562,27,C:\Users\13411\MyPython\project\ExtremeScene\results\method_pool_risk_target_selection_expanded_fast\singleton\generated_samples_TargetSelected_val_calibrated_rf_duration_pool_q99_guard.npy,0.7674017081815729,0.1071014282938002,0.07344997016293885,0.7575131902944237,0.2874423201392146,0.23359259197169815,0.5276650857946372,0.3103862160842965,0.08821434499826768,0.6841933280902112,0.23497665483910377,0.13175230237763488,0.21568120937081633,25.50912554303847,0.08828452755932413,10.502783602363522,0.002516551495569352,0.33326688408851624,0.5594048559665676,0.255725190634724,5.0,9.000000000000004,7.478755195603718,0.7867388725280726,1.3328023985737847,2.308952569961548,2.41713719367981,2.1904761904761907,1.0,1.0,0.8095238095238095,,,,,,,,,TargetSelected_val_calibrated_rf_duration_pool_q99_guard,0.17123811987619691,0.1256440726433194,0.1200800150903414,0.2692307692307693
singleton,TargetSelected_val_calibrated_rf_duration_pool_global_q99,7.163008848158242,2.138747570164462,0.9527057238155976,7.190476190476191,,0.47619047619047616,0.15946927691305562,27,C:\Users\13411\MyPython\project\ExtremeScene\results\method_pool_risk_target_selection_expanded_fast\singleton\generated_samples_TargetSelected_val_calibrated_rf_duration_pool_global_q99.npy,0.7674017081815729,0.1071014282938002,0.07344997016293885,0.7575131902944237,0.2874423201392146,0.23359259197169815,0.5276650857946372,0.3103862160842965,0.08821434499826768,0.6841933280902112,0.23497665483910377,0.13175230237763488,0.21568120937081633,25.50912554303847,0.08828452755932413,10.502783602363522,0.002516551495569352,0.33326688408851624,0.5594048559665676,0.255725190634724,5.0,9.000000000000004,7.478755195603718,0.7867388725280726,1.3328023985737847,2.308952569961548,2.41713719367981,2.1904761904761907,1.0,1.0,0.8095238095238095,,,,,,,,,TargetSelected_val_calibrated_rf_duration_pool_global_q99,0.17123811987619691,0.1256440726433194,0.1200800150903414,0.2692307692307693
singleton,TargetSelected_val_calibrated_rf_duration_pool_duration_guard,7.163008848158242,2.138747570164462,1.0339726563598517,6.523809523809524,,0.47619047619047616,0.16060663198912214,31,C:\Users\13411\MyPython\project\ExtremeScene\results\method_pool_risk_target_selection_expanded_fast\singleton\generated_samples_TargetSelected_val_calibrated_rf_duration_pool_duration_guard.npy,0.7351710897274121,0.09715596896119767,0.0567172385198997,0.7686699153264127,0.2997087406805375,0.22606550843800569,0.5228836840144053,0.3025765715728516,0.07313665130816836,0.6755748963560767,0.23314709373819556,0.11863979942202459,0.21322138940790242,24.728961102140197,0.08285931697321232,10.502783602363522,0.008315520917687938,0.9454337060451508,0.3036647379398367,0.19465648839359595,5.0,9.000000000000004,7.392974633883857,0.7867388725280726,1.3157990780614672,2.308952569961548,2.41713719367981,2.0476190476190474,1.0,1.0,0.8095238095238095,,,,,,,,,TargetSelected_val_calibrated_rf_duration_pool_duration_guard,0.17123811987619691,0.1256440726433194,0.20539866616383826,0.13461538461538464
singleton,DurationAware_RiskFirst_TCN_Empirical,7.163008848158242,2.138747570164462,1.022686752451894,6.714285714285714,3.142857142857143,0.4761904761904761,0.16341371669406135,32,C:\Users\13411\MyPython\project\ExtremeScene\results\duration_aware_riskfirst\formal\singleton\generated_samples_DurationAware_RiskFirst_TCN_Empirical.npy,0.6950518075751249,0.0926798002970629,0.0605032311856693,0.7701005368646253,0.3017591537503537,0.2238197327531216,0.5147294482735874,0.3005816340016108,0.0542860395864234,0.6599605975711126,0.2316735293496758,0.1128696678417381,0.2072465912770863,24.58725945598827,0.0771104605644969,10.502783602363522,0.0102411955919735,0.9454337060451508,0.3036647379398367,0.2099236639538779,5.0,9.000000000000004,7.250971892680515,0.7867388725280726,1.2967092543840408,2.308952569961548,2.41713719367981,2.0,2.0,2.0,0.8095238095238095,0.7742792265689652,0.412955872323453,0.1234542466876831,0.1903138524991277,22.85051648854367,16.730902223293313,0.59394870698452,2.6,DurationAware_RiskFirst_TCN_Empirical,0.17123811987619691,0.1256440726433194,0.19355008190667192,0.17307692307692316
singleton,TargetSelected_empirical_targeted_expanded_pool_global_main,4.5608553049796825,1.8195230885197304,1.0780463203665844,7.095238095238095,,0.2857142857142857,0.16391073147689417,33,C:\Users\13411\MyPython\project\ExtremeScene\results\method_pool_risk_target_selection_expanded_fast\singleton\generated_samples_TargetSelected_empirical_targeted_expanded_pool_global_main.npy,0.549284578000427,0.059206212483781696,0.03571634004638057,0.5781581514717016,0.12975803356210816,0.10498587966675126,0.2356892972732244,0.1014244214224671,0.07025072148249775,0.45437734224845094,0.09679622248945231,0.07031764706520986,0.09472321810121313,32.56920576420563,0.18433308005152516,3.2799800256524634,0.02045673583766419,0.9048795998096466,0.9672576725482935,0.30152671731557007,7.0,7.800000000000001,10.991064805345726,1.6470575394783005,1.0266397119987578,0.9095425605773926,1.7774250984191897,2.5238095238095237,1.0,0.1999999999999993,0.6190476190476191,,,,,,,,,TargetSelected_empirical_targeted_expanded_pool_global_main,0.10726319740319405,0.10438115161942932,0.2516697070804286,0.24999999999999994
singleton,TargetSelected_val_calibrated_rf_duration_pool_global_main,7.163008848158242,2.138747570164462,0.9838754278441358,7.142857142857143,,0.47619047619047616,0.16620790154714915,34,C:\Users\13411\MyPython\project\ExtremeScene\results\method_pool_risk_target_selection_expanded_fast\singleton\generated_samples_TargetSelected_val_calibrated_rf_duration_pool_global_main.npy,0.8024198356128875,0.11684514424001789,0.08427627930046144,0.7559465061745079,0.2851243079382337,0.24250997512135478,0.5388808479658023,0.3166197159796224,0.09789305753068837,0.6990823965843992,0.23952972271929132,0.14155977065083486,0.21774798148756785,25.51738151367395,0.08552222094259719,10.502783602363522,0.007834930080240509,0.33326688408851624,0.5594048559665676,0.24427480896451254,5.0,9.000000000000004,7.634310849681425,0.7867388725280726,1.3335657240379424,2.308952569961548,2.41713719367981,2.380952380952381,1.0,1.0,0.8095238095238095,,,,,,,,,TargetSelected_val_calibrated_rf_duration_pool_global_main,0.17123811987619691,0.1256440726433194,0.1528037443959463,0.2596153846153847
singleton,TargetSelected_empirical_riskfirst_evt_pool_global_q99,0.19796906165257155,0.8594444157447114,1.2028900790305452,8.047619047619047,,0.3333333333333333,0.1741602557426384,35,C:\Users\13411\MyPython\project\ExtremeScene\results\method_pool_risk_target_selection_expanded_fast\singleton\generated_samples_TargetSelected_empirical_riskfirst_evt_pool_global_q99.npy,0.9327967371890152,0.09896213792755967,0.17144754756854486,0.6032896737701128,0.19726724258919937,0.22506383582282694,0.5044354897289605,0.2586137880539001,0.18346520414603504,0.6801739668960295,0.1849477228568864,0.19332552917913562,0.22752356176400756,32.035941199561826,0.047293054521346675,4.979010850213442,0.014638484361740976,0.41851506754755974,0.40904846563935315,0.2786259539751471,5.0,7.400000000000002,10.601464914326744,7.183254644626853,1.4546721215759004,2.308952569961548,3.2622864246368413,2.8095238095238093,1.0,1.0,0.7142857142857143,,,,,,,,,TargetSelected_empirical_riskfirst_evt_pool_global_q99,0.0,0.040432181005529214,0.3827377903793032,0.44230769230769224
singleton,TargetSelected_empirical_rf_duration_pool_global_main,7.163008848158242,1.9666838367744148,1.017230177126337,7.428571428571429,,0.38095238095238093,0.18017792718987968,36,C:\Users\13411\MyPython\project\ExtremeScene\results\method_pool_risk_target_selection_expanded_fast\singleton\generated_samples_TargetSelected_empirical_rf_duration_pool_global_main.npy,0.8284094860314062,0.11015173582728338,0.07713246712747403,0.7609255877446639,0.2921844232332081,0.24694744206891384,0.5356314728851814,0.32038194878134,0.08104767288160208,0.7083221822204172,0.24090603594727714,0.13504252735932998,0.2162088972570218,25.42312369714432,0.07860840047282679,10.502783602363522,0.01228358950398897,1.0996226966381073,0.27282693982124506,0.26717557230493566,5.0,9.000000000000004,7.660812304868223,1.6470575394783005,1.4230403226046335,2.308952569961548,3.2622864246368413,2.2857142857142856,2.0,2.0,0.8095238095238095,,,,,,,,,TargetSelected_empirical_rf_duration_pool_global_main,0.17123811987619691,0.11418324246106563,0.18782145857018825,0.31730769230769235
singleton,TargetSelected_empirical_rf_duration_pool_global_q99,7.163008848158242,1.9666838367744148,1.0315923193258987,7.476190476190476,,0.42857142857142855,0.18538978345695692,37,C:\Users\13411\MyPython\project\ExtremeScene\results\method_pool_risk_target_selection_expanded_fast\singleton\generated_samples_TargetSelected_empirical_rf_duration_pool_global_q99.npy,1.0350135842328347,0.128364303325844,0.15632163138270916,0.7516421526522628,0.2809424193006056,0.26570338530130844,0.5881770534448036,0.3643702712876667,0.15388720727768038,0.7916109301099671,0.25789233130470546,0.191970741320566,0.23412974830657385,24.780204878513207,0.07936234274318346,10.502783602363522,0.029218968295172478,1.186618983745575,0.2554276823997519,0.3167938928758521,5.0,9.000000000000004,8.25810894449513,1.6470575394783005,1.5773864821309136,2.86952805519104,3.37440152168274,2.2857142857142856,1.0,1.0,0.8571428571428571,,,,,,,,,TargetSelected_empirical_rf_duration_pool_global_q99,0.17123811987619691,0.11418324246106563,0.20289965286926648,0.3269230769230769
singleton,TargetSelected_val_calibrated_riskfirst_evt_pool_core_ramp_guard,7.163008848158242,2.138747570164462,1.0970539515449975,7.619047619047619,,0.3333333333333333,0.21033629239784657,38,C:\Users\13411\MyPython\project\ExtremeScene\results\method_pool_risk_target_selection_expanded_fast\singleton\generated_samples_TargetSelected_val_calibrated_riskfirst_evt_pool_core_ramp_guard.npy,0.6848755768997961,0.0840708015722828,0.051989187001564886,0.6283622589110145,0.20841827152691375,0.1932504959580517,0.41934824692352246,0.19696514397509096,0.09948187361642742,0.5775286942447777,0.1631514056914292,0.114907185525348,0.20648689176842036,30.86420800713818,0.21977641310750207,10.502783602363522,0.007496918321980409,0.47847506403923035,0.5884464919567112,0.3206106867659226,5.0,9.000000000000004,8.23105070089354,0.7867388725280726,1.3014562818266096,2.308952569961548,2.41713719367981,2.380952380952381,2.0,3.6000000000000014,0.7619047619047619,,,,,,,,,TargetSelected_val_calibrated_riskfirst_evt_pool_core_ramp_guard,0.17123811987619691,0.1256440726433194,0.2716250001064283,0.35576923076923067
singleton,TargetSelected_val_calibrated_riskfirst_evt_pool_duration_guard,7.163008848158242,2.138747570164462,1.2143960930462483,6.714285714285714,,0.2857142857142857,0.21373056090616743,39,C:\Users\13411\MyPython\project\ExtremeScene\results\method_pool_risk_target_selection_expanded_fast\singleton\generated_samples_TargetSelected_val_calibrated_riskfirst_evt_pool_duration_guard.npy,0.7624378475562603,0.07102085246590163,0.04058148978053754,0.5637411915367005,0.1901016630048789,0.167290021231826,0.35171308540162816,0.14323279785563942,0.07050083838123944,0.5592973748315296,0.13478510444213998,0.092790783131201,0.2066227504249656,30.658311647305226,0.29614549996731565,10.502783602363522,0.018435385364935768,1.0074268281459808,1.2630979016423236,0.3167938928758521,5.0,9.000000000000004,8.48862528871339,0.7867388725280726,1.239213308408147,2.308952569961548,2.41713719367981,2.1904761904761907,2.0,3.6000000000000014,0.6190476190476191,,,,,,,,,TargetSelected_val_calibrated_riskfirst_evt_pool_duration_guard,0.17123811987619691,0.1256440726433194,0.3948174587550963,0.17307692307692316
singleton,TargetSelected_val_calibrated_riskfirst_evt_pool_paper_weights,7.163008848158242,2.138747570164462,1.1449181190969067,7.380952380952381,,0.2857142857142857,0.21568738575479388,40,C:\Users\13411\MyPython\project\ExtremeScene\results\method_pool_risk_target_selection_expanded_fast\singleton\generated_samples_TargetSelected_val_calibrated_riskfirst_evt_pool_paper_weights.npy,0.8344399765055015,0.08648406889432375,0.0454780388468721,0.5890188759843271,0.1987610771510226,0.1799146002368647,0.37333038349924397,0.15827062838710318,0.08629241013821694,0.5989297453296909,0.14783859147748316,0.10389501640731791,0.21109170282464587,32.02303221366271,0.3159242499546721,10.502783602363522,0.03622081809738555,1.0074268281459808,1.2630979016423236,0.3778625951169803,5.0,9.000000000000004,8.227811677672483,0.7867388725280726,1.2785973442452294,2.308952569961548,2.41713719367981,2.238095238095238,2.0,3.6000000000000014,0.6190476190476191,,,,,,,,,TargetSelected_val_calibrated_riskfirst_evt_pool_paper_weights,0.17123811987619691,0.1256440726433194,0.32187552738037134,0.30769230769230776
singleton,TargetSelected_val_calibrated_riskfirst_evt_pool_q99_guard,7.163008848158242,2.138747570164462,1.1449181190969067,7.380952380952381,,0.2857142857142857,0.21568738575479388,40,C:\Users\13411\MyPython\project\ExtremeScene\results\method_pool_risk_target_selection_expanded_fast\singleton\generated_samples_TargetSelected_val_calibrated_riskfirst_evt_pool_q99_guard.npy,0.8344399765055015,0.08648406889432375,0.0454780388468721,0.5890188759843271,0.1987610771510226,0.1799146002368647,0.37333038349924397,0.15827062838710318,0.08629241013821694,0.5989297453296909,0.14783859147748316,0.10389501640731791,0.21109170282464587,32.02303221366271,0.3159242499546721,10.502783602363522,0.03622081809738555,1.0074268281459808,1.2630979016423236,0.3778625951169803,5.0,9.000000000000004,8.227811677672483,0.7867388725280726,1.2785973442452294,2.308952569961548,2.41713719367981,2.238095238095238,2.0,3.6000000000000014,0.6190476190476191,,,,,,,,,TargetSelected_val_calibrated_riskfirst_evt_pool_q99_guard,0.17123811987619691,0.1256440726433194,0.32187552738037134,0.30769230769230776
singleton,TargetSelected_val_calibrated_riskfirst_evt_pool_global_main,0.19796906165257155,3.531030246861235,1.2916204511642544,7.095238095238095,,0.2857142857142857,0.22198738934720968,42,C:\Users\13411\MyPython\project\ExtremeScene\results\method_pool_risk_target_selection_expanded_fast\singleton\generated_samples_TargetSelected_val_calibrated_riskfirst_evt_pool_global_main.npy,0.8664547163973408,0.0948272791885906,0.06741298730450516,0.6123655125469204,0.21887256658675588,0.20734378023933916,0.42174452166934784,0.20317423580679006,0.1198718415565077,0.6335215835378697,0.17229136052737884,0.13154286970011733,0.19509713380077595,29.159186868522344,0.22730069321744184,4.979010850213442,0.0702616735770196,1.0074268281459808,1.2290743291378021,0.3549618317765573,5.0,7.400000000000002,9.186526725593044,6.174674510955818,1.4935300811415626,2.308952569961548,2.41713719367981,2.380952380952381,1.0,1.0,0.7142857142857143,,,,,,,,,TargetSelected_val_calibrated_riskfirst_evt_pool_global_main,0.0,0.21838131022925233,0.475891985113736,0.24999999999999994
singleton,targeted_seed47_TailWeighted_Month_EVT_Copula_Risk_Selection_Fixed,3.972011346055396,2.579191419373238,1.2633321257030947,7.476190476190476,,0.2857142857142857,0.23491701242686547,43,C:\Users\13411\MyPython\project\ExtremeScene\results\targeted_expanded_pool_multiseed\seed47\expanded_pool\singleton\generated_samples_TailWeighted_Month_EVT_Copula_Risk_Selection_Fixed.npy,0.5534920191007947,0.05242765983810876,0.02217311100547277,0.5159089224555939,0.07695265996411448,0.10941280026655394,0.06260841256809688,0.031999673371221164,0.08582335571491029,0.3773364513748285,0.0537933310578148,0.07246975566231233,0.012340220402504936,40.41371294230729,0.2645072798636953,10.863977275255735,0.035725153961716154,0.09074899554252625,0.20957382321357798,0.32442748065599336,4.0,5.600000000000001,14.41508449389336,4.2303791369948875,1.22808703993048,1.5196397304534912,1.9226848125457763,2.5238095238095237,1.0,1.0,0.5714285714285714,,,,,,,,,targeted_seed47_TailWeighted_Month_EVT_Copula_Risk_Selection_Fixed,0.09278624744778848,0.15498117966259528,0.44619329102115524,0.3269230769230769
singleton,TargetSelected_val_calibrated_ganfix_model_pool_core_ramp_guard,14.501269109741202,2.2899265313007007,1.1632670745131604,6.190476190476191,,0.2857142857142857,0.24159072437237777,44,C:\Users\13411\MyPython\project\ExtremeScene\results\method_pool_risk_target_selection_expanded_fast\singleton\generated_samples_TargetSelected_val_calibrated_ganfix_model_pool_core_ramp_guard.npy,0.9419053641576616,0.062047651270517944,0.06866427822994835,0.4998481869056978,0.1314647256250258,0.1643176714201756,0.2144808268799761,0.08471312389934847,0.034520570266888366,0.5520781259811118,0.09274183359829741,0.0891675066390041,0.09965123284603782,35.890050839355716,0.5076058101146427,10.502783602363522,0.07481885307685544,1.0074268281459808,2.1752784192562125,0.3740458012269098,3.0,2.1999999999999993,11.782074778823288,0.030844066846889007,1.5638801490976697,2.308952569961548,2.41713719367981,2.1904761904761907,1.0,1.0,0.5238095238095238,,,,,,,,,TargetSelected_val_calibrated_ganfix_model_pool_core_ramp_guard,0.3516520053489317,0.13571380881941583,0.34113930510287854,0.06730769230769242
singleton,targeted_seed45_TailWeighted_Month_EVT_Copula_Risk_Selection_Fixed,8.351665331562842,2.1567573967713614,1.2628825142857663,7.809523809523809,,0.23809523809523808,0.2687565386893444,45,C:\Users\13411\MyPython\project\ExtremeScene\results\targeted_expanded_pool_multiseed\seed45\expanded_pool\singleton\generated_samples_TailWeighted_Month_EVT_Copula_Risk_Selection_Fixed.npy,0.43729565241349444,0.04634675905851654,0.020594022814526217,0.6399234311812847,0.08890965392562923,0.10343971812167174,0.0912940942767751,0.043910314933830366,0.08489130251926404,0.38950439262385134,0.05972224263932537,0.06964168115182066,0.04815504140111077,43.533909535662985,0.24506819155373172,10.2078177968462,0.04867274533618591,0.28562477231025696,0.09774201512336678,0.2824427478652176,2.0,2.0,16.065057536040474,3.0329031396183126,1.3317969533659162,1.7011964321136475,1.9357558727264403,2.857142857142857,1.0,1.8000000000000007,0.5238095238095238,,,,,,,,,targeted_seed45_TailWeighted_Month_EVT_Copula_Risk_Selection_Fixed,0.20046168609202933,0.12684367211897188,0.4457212633657147,0.39423076923076916
singleton,targeted_seed46_TailWeighted_Month_EVT_Copula_Risk_Selection_Fixed,1.1143490838295662,0.9001140511328671,1.5618973369987326,7.857142857142857,,0.2857142857142857,0.2701891297303289,46,C:\Users\13411\MyPython\project\ExtremeScene\results\targeted_expanded_pool_multiseed\seed46\expanded_pool\singleton\generated_samples_TailWeighted_Month_EVT_Copula_Risk_Selection_Fixed.npy,0.4795214253127891,0.05090180117732966,0.022471082441441016,0.6953100854870937,0.1014738268355783,0.05464370023530276,0.09202275625159653,0.03211756941873081,0.09884965540704173,0.42228475568382645,0.06149773247721293,0.05865481269459517,0.024843511613326968,39.42540751411442,0.18225733146348114,0.5704422232526412,0.031888504966726794,0.25996842980384827,0.7147420704364791,0.3702290073368393,5.0,6.600000000000001,14.53867960328653,2.949987647456048,1.2520095571165992,1.7180030345916748,1.6357293605804437,2.5238095238095237,2.0,1.1999999999999993,0.5238095238095238,,,,,,,,,targeted_seed46_TailWeighted_Month_EVT_Copula_Risk_Selection_Fixed,0.022529547123868173,0.04314110621349981,0.7596440426087817,0.40384615384615374
singleton,extreme_conditioned_gaussian_copula,4.766066231865679,0.4457943359316658,1.679191179612341,6.714285714285714,3.7142857142857135,0.4285714285714285,0.28421442902201055,47,C:\Users\13411\MyPython\project\ExtremeScene\results\evt_copula\singleton\generated_samples_evt_copula.npy,0.3424622835936369,0.0466197950529599,0.0675282829871812,0.1792729300096946,0.0650937872154169,0.0421190293290065,0.2321974655097408,0.0498789913030819,0.0995986147360548,0.2513108930376908,0.0538641911904862,0.0697486423507475,0.0938731497345191,32.510406606043986,0.1309982632865939,0.6075184883470115,0.0349332389213007,1.6759736835956571,1.3968072727322571,0.0572519083510575,2.0,0.4000000000000021,9.125258088923792,0.4141504612288145,0.938645465742974,0.6635692119598389,1.7413400173187266,2.095238095238096,4.0,4.0,0.7142857142857143,0.9774817824383414,0.1802053361777108,0.1157351626092105,0.0889855183961712,51.43035011674469,31.464666934844665,1.5476225554943084,11.4,extreme_conditioned_gaussian_copula,0.11230838513723847,0.012879754784099482,0.8827857943362828,0.17307692307692316
singleton,RiskFirst_TCN_Empirical,5.740967840478206,6.539102885978629,0.9475465189011412,9.0,5.619047619047619,0.4761904761904761,0.2903641680862883,48,C:\Users\13411\MyPython\project\ExtremeScene\results\duration_aware_riskfirst\formal\singleton\generated_samples_RiskFirst_TCN_Empirical.npy,1.4620047501786044,0.1779251139425331,0.3532330041807159,0.7044317670925346,0.2586330058634803,0.288033628403265,0.6880429742864975,0.4923782796134696,0.3262183074766882,0.9514931638525456,0.309645466473161,0.322494980020223,0.2995472253540339,24.41333224312084,0.0399862343878946,2.6205826518401665,0.0140062644844089,0.3332668840885162,0.8624047338962555,0.4847328240389547,9.0,8.2,8.128828891747006,1.448444046010586,2.695341474243573,6.646541357040405,6.716767072677612,2.4761904761904763,2.0,1.1999999999999993,0.8571428571428571,1.079065525296513,0.5058739582152803,0.3073413576573214,0.2433747257023496,20.18855651207348,3.661960690521085,0.7146481782197952,5.8,RiskFirst_TCN_Empirical,0.136276707449844,0.4187431704165922,0.11466358813619891,0.6346153846153846
singleton,TargetSelected_val_calibrated_targeted_expanded_pool_core_ramp_guard,18.951715429321297,2.2265905702772244,1.1722525016770564,6.9523809523809526,,0.2857142857142857,0.29858516358687065,49,C:\Users\13411\MyPython\project\ExtremeScene\results\method_pool_risk_target_selection_expanded_fast\singleton\generated_samples_TargetSelected_val_calibrated_targeted_expanded_pool_core_ramp_guard.npy,0.9237067686817637,0.0691938238309265,0.05970476612974493,0.5071090888084164,0.12710226016497675,0.12429076565375634,0.18899806238530362,0.07108677739183021,0.05101346765500736,0.5399379732918279,0.08912762046257783,0.07833633314616954,0.0738316489563061,35.33287413710075,0.4865572769512048,10.502783602363522,0.04309688959042686,0.5506135523319244,0.6028741896152496,0.435114503468038,5.0,3.3999999999999986,13.12765536483551,0.3475238719642668,1.4805545927513213,2.308952569961548,2.41713719367981,2.4285714285714284,1.0,1.0,0.6190476190476191,,,,,,,,,TargetSelected_val_calibrated_targeted_expanded_pool_core_ramp_guard,0.46106790012261695,0.13149512380416967,0.35057271794303096,0.22115384615384623
singleton,targeted_seed45_TransformerVAE_Augmented_TailWeighted_Copula,8.129061666587177,3.0747200788086175,1.2734836012712636,8.428571428571429,,0.2857142857142857,0.30699021833586126,50,C:\Users\13411\MyPython\project\ExtremeScene\results\targeted_expanded_pool_multiseed\seed45\expanded_pool\singleton\generated_samples_TransformerVAE_Augmented_TailWeighted_Copula.npy,0.4484893821534657,0.053265531126051965,0.025709762660787342,0.32364303944386025,0.05695454570828671,0.08230967518095277,0.03488290077523855,0.023788734763197792,0.06746987476457783,0.26900510745752154,0.04466960386584549,0.058496437535439316,0.03306275474686846,40.78709814317618,0.22342415483851907,8.683389331154274,0.06848580773078092,0.03620979189872742,0.6503426373004917,0.24045801507444203,6.0,6.0,14.931939287704298,0.7108867109977055,1.5008586254857836,1.9012439250946045,1.9053510189056397,2.8095238095238093,1.0,1.0,0.5714285714285714,,,,,,,,,targeted_seed45_TransformerVAE_Augmented_TailWeighted_Copula,0.1949888913576998,0.18798737861188092,0.45685088784148664,0.5192307692307693
singleton,TargetSelected_val_calibrated_all_method_pool_core_ramp_guard,18.951715429321297,2.2265905702772244,1.2821627513871394,6.523809523809524,,0.2857142857142857,0.3144519032715788,51,C:\Users\13411\MyPython\project\ExtremeScene\results\method_pool_risk_target_selection_expanded_fast\singleton\generated_samples_TargetSelected_val_calibrated_all_method_pool_core_ramp_guard.npy,0.9097038870135314,0.0631673818580577,0.06350239873064373,0.5086701677461702,0.12717493711129618,0.14120974392528138,0.18182698652989282,0.06715507638729681,0.05169094644250736,0.5334003470965315,0.08583246511888358,0.08546769636614415,0.0891157788313371,35.29008803069267,0.4855066814011678,10.502783602363522,0.06185049462173416,1.0074268281459808,2.1752784192562125,0.40076335845740324,4.0,2.3999999999999986,12.93283531187332,0.3475238719642668,1.4871891460248403,2.308952569961548,2.41713719367981,2.380952380952381,1.0,1.0,0.6190476190476191,,,,,,,,,TargetSelected_val_calibrated_all_method_pool_core_ramp_guard,0.46106790012261695,0.13149512380416967,0.46596275360494055,0.13461538461538464
singleton,TargetSelected_val_calibrated_riskfirst_evt_pool_global_q99,7.163008848158242,3.531030246861235,1.4017120097774924,7.666666666666667,,0.23809523809523808,0.31956161363466007,52,C:\Users\13411\MyPython\project\ExtremeScene\results\method_pool_risk_target_selection_expanded_fast\singleton\generated_samples_TargetSelected_val_calibrated_riskfirst_evt_pool_global_q99.npy,0.9445223146014743,0.08659771452282225,0.042261357187405015,0.5431845417029407,0.18340748071935092,0.17201821821797111,0.34051484239395513,0.1375324904186668,0.09272127202050469,0.6094072328994568,0.13584589522027998,0.10233361580862693,0.2016667273213922,34.28852746419208,0.37155257018869675,10.502783602363522,0.0800366697852798,1.6759736835956573,1.3968072727322571,0.40076335845740324,5.0,9.000000000000004,9.63871947907505,6.174674510955818,1.4229305705853872,2.308952569961548,2.41713719367981,2.2857142857142856,2.0,3.6000000000000014,0.5714285714285714,,,,,,,,,TargetSelected_val_calibrated_riskfirst_evt_pool_global_q99,0.17123811987619691,0.21838131022925233,0.5914723691813317,0.3653846153846154
singleton,targeted_seed47_Conditional_Transformer_Risk_Generator,12.139279454785594,6.684791931894765,1.178713027836888,7.809523809523809,,0.19047619047619047,0.36508210278416786,53,C:\Users\13411\MyPython\project\ExtremeScene\results\targeted_expanded_pool_multiseed\seed47\expanded_pool\singleton\generated_samples_Conditional_Transformer_Risk_Generator.npy,0.4199031616644885,0.04330336016214095,0.024345073756977472,0.2921377082340537,0.059725741642169566,0.03865699316669193,0.0706992526806995,0.07519271958923777,0.020771622039814638,0.2609133741930806,0.059407273797849436,0.027924562987828014,0.09493123384724625,43.65619117154368,0.21665684687920259,13.328332489616358,0.019364808505526045,0.7934950888156891,0.47635188698768527,0.26717557230493566,5.0,6.600000000000001,12.020356854435043,2.9783066263603217,1.0589880155665534,0.06589341163635254,1.8387299060821545,2.5238095238095237,2.0,1.1999999999999993,0.5238095238095238,,,,,,,,,targeted_seed47_Conditional_Transformer_Risk_Generator,0.29358160229606667,0.4284472340316386,0.35735534600496394,0.39423076923076916
singleton,targeted_seed46_TransformerVAE_Augmented_TailWeighted_Copula,10.985557945794,6.2008977863162755,1.1940108700045606,8.380952380952381,,0.2857142857142857,0.3682261544215962,54,C:\Users\13411\MyPython\project\ExtremeScene\results\targeted_expanded_pool_multiseed\seed46\expanded_pool\singleton\generated_samples_TransformerVAE_Augmented_TailWeighted_Copula.npy,0.5029924761050593,0.056745029990324394,0.02287902669247389,0.7925023959466704,0.1299613550149471,0.09439102508127332,0.0699756996227782,0.03535431180775402,0.1006203509470253,0.45515685722483595,0.0740202322710085,0.07263013424025751,0.0417424094565055,42.04568463731561,0.18504999964114738,2.8421632396587455,0.019258276527941504,0.23719218373298645,0.17473929524421727,0.30534351120564057,6.0,4.399999999999999,12.880899296930522,1.8135688535993992,1.073876495162646,1.153552770614624,1.3526168346405032,2.619047619047619,2.0,1.1999999999999993,0.5714285714285714,,,,,,,,,targeted_seed46_TransformerVAE_Augmented_TailWeighted_Copula,0.2652169255510448,0.3962159873918244,0.3734158913857108,0.5096153846153847
singleton,targeted_seed45_Conditional_Transformer_Risk_Generator,4.677726002299039,3.0621799351008434,1.6759714923322289,8.047619047619047,,0.2857142857142857,0.3753841331314851,55,C:\Users\13411\MyPython\project\ExtremeScene\results\targeted_expanded_pool_multiseed\seed45\expanded_pool\singleton\generated_samples_Conditional_Transformer_Risk_Generator.npy,0.5489802584446296,0.06291889507616838,0.016493745738581447,0.41802703883380643,0.07560084076274462,0.0732927013700143,0.059422736937925796,0.09229899667912578,0.028199116386602024,0.3421433447387873,0.07693957750601292,0.039328521165065924,0.04518833248663978,43.06490995668868,0.20718390242407297,13.454322268972803,0.0057889850415799695,0.5555185377597809,0.7052582204341906,0.3091603050957111,4.0,4.0,15.565675962311932,1.006122326632969,1.0708726594845455,0.7471084594726562,1.4400199890136727,3.3333333333333335,2.0,2.8000000000000007,0.5238095238095238,,,,,,,,,targeted_seed45_Conditional_Transformer_Risk_Generator,0.11013650740443197,0.18715210406178115,0.8794055833818694,0.44230769230769224
singleton,targeted_seed47_Expanded_ValSelected_Model_Ensemble,2.5550636265436992,9.264972519433353,1.3234044683797817,7.714285714285714,,0.2857142857142857,0.3810425918674645,56,C:\Users\13411\MyPython\project\ExtremeScene\results\targeted_expanded_pool_multiseed\seed47\expanded_pool\singleton\generated_samples_Expanded_ValSelected_Model_Ensemble.npy,0.6881821253312328,0.07773280590019334,0.028264521158289882,0.47982316897324623,0.08385472350363429,0.04862819330560173,0.061440340724609556,0.05713193068166239,0.0816666859691721,0.40981521167636287,0.07290648669516335,0.05285313347768791,0.06073835031195596,40.27476419957279,0.3046362359902522,9.708743271878049,0.0456781109258612,0.2157372534275055,0.330476862192155,0.427480915687897,11.0,9.399999999999995,12.197983599563647,4.140886070805667,1.099605021732194,0.7811233997344971,0.631924295425415,2.619047619047619,2.0,2.8000000000000007,0.6190476190476191,,,,,,,,,targeted_seed47_Expanded_ValSelected_Model_Ensemble,0.057950055424572926,0.6003080379948635,0.509260655366534,0.375
singleton,targeted_seed47_Expanded_ValSelected_Model_Ensemble_Margin_0.05,2.5550636265436992,9.264972519433353,1.3234044683797817,7.714285714285714,,0.2857142857142857,0.3810425918674645,56,C:\Users\13411\MyPython\project\ExtremeScene\results\targeted_expanded_pool_multiseed\seed47\expanded_pool\singleton\generated_samples_Expanded_ValSelected_Model_Ensemble_Margin_0.05.npy,0.6881821253312328,0.07773280590019334,0.028264521158289882,0.47982316897324623,0.08385472350363429,0.04862819330560173,0.061440340724609556,0.05713193068166239,0.0816666859691721,0.40981521167636287,0.07290648669516335,0.05285313347768791,0.06073835031195596,40.27476419957279,0.3046362359902522,9.708743271878049,0.0456781109258612,0.2157372534275055,0.330476862192155,0.427480915687897,11.0,9.399999999999995,12.197983599563647,4.140886070805667,1.099605021732194,0.7811233997344971,0.631924295425415,2.619047619047619,2.0,2.8000000000000007,0.6190476190476191,,,,,,,,,targeted_seed47_Expanded_ValSelected_Model_Ensemble_Margin_0.05,0.057950055424572926,0.6003080379948635,0.509260655366534,0.375
singleton,targeted_seed47_RiskKNN_Bootstrap_Generator,2.5550636265436992,9.264972519433353,1.3234044683797817,7.714285714285714,,0.2857142857142857,0.3810425918674645,56,C:\Users\13411\MyPython\project\ExtremeScene\results\targeted_expanded_pool_multiseed\seed47\expanded_pool\singleton\generated_samples_RiskKNN_Bootstrap_Generator.npy,0.6881821253312328,0.07773280590019334,0.028264521158289882,0.47982316897324623,0.08385472350363429,0.04862819330560173,0.061440340724609556,0.05713193068166239,0.0816666859691721,0.40981521167636287,0.07290648669516335,0.05285313347768791,0.06073835031195596,40.27476419957279,0.3046362359902522,9.708743271878049,0.0456781109258612,0.2157372534275055,0.330476862192155,0.427480915687897,11.0,9.399999999999995,12.197983599563647,4.140886070805667,1.099605021732194,0.7811233997344971,0.631924295425415,2.619047619047619,2.0,2.8000000000000007,0.6190476190476191,,,,,,,,,targeted_seed47_RiskKNN_Bootstrap_Generator,0.057950055424572926,0.6003080379948635,0.509260655366534,0.375
singleton,ganfix_TransformerVAE_Augmented_TailWeighted_Copula,4.95314893233251,6.538655491793996,1.4493667860016493,8.0,,0.3333333333333333,0.385965988726941,59,C:\Users\13411\MyPython\project\ExtremeScene\results\model_pool_experiments_new_machine_margin_formal50_ganfix\singleton\generated_samples_TransformerVAE_Augmented_TailWeighted_Copula.npy,0.3619824244231775,0.04085783354500165,0.02676995434288268,0.4035057517103654,0.06696372060173678,0.09899209590576735,0.046938903476320105,0.03639681678600327,0.060060260983559356,0.27080902653662103,0.0480727903109139,0.06194077041073646,0.03005238012809267,42.20014692298015,0.22457790512917297,6.864176484741009,0.06063513560452637,0.6830388605594635,0.3854875147342689,0.26717557230493566,5.0,3.3999999999999986,14.2424135656979,4.407609018281505,1.316439152473495,1.0346767902374268,1.1620325565338132,2.761904761904762,0.0,0.0,0.5238095238095238,,,,,,,,,ganfix_TransformerVAE_Augmented_TailWeighted_Copula,0.11690788361409844,0.41871337036126627,0.6415030655219417,0.43269230769230765
singleton,TargetSelected_val_calibrated_ganfix_model_pool_q99_guard,39.05920708501739,0.31576396501768755,1.1078434124467007,6.809523809523809,,0.2857142857142857,0.38747529793458674,60,C:\Users\13411\MyPython\project\ExtremeScene\results\method_pool_risk_target_selection_expanded_fast\singleton\generated_samples_TargetSelected_val_calibrated_ganfix_model_pool_q99_guard.npy,1.0550989628468872,0.07515620437316822,0.05969570300424138,0.5122917559756726,0.14213452618749162,0.1580215214961358,0.19706017596472902,0.07486653813803443,0.054077387120157895,0.5881502982624296,0.0973857562328981,0.0905982038735117,0.08571175880337283,39.650513127918,0.638118595661171,27.000965474436782,0.054261114342159404,0.6830388605594635,0.3854875147342689,0.47709923625881345,3.0,8.600000000000005,11.78191258892927,0.030844066846889007,1.284822600938025,2.2718474864959717,2.4097161769866946,2.238095238095238,2.0,1.1999999999999993,0.5238095238095238,,,,,,,,,TargetSelected_val_calibrated_ganfix_model_pool_q99_guard,0.9554181367456213,0.004218685015246173,0.28295239024069074,0.1923076923076923
singleton,targeted_seed46_Conditional_TCN_Risk_Generator,14.929479506397058,4.525686508796355,1.3278755033111556,8.047619047619047,,0.23809523809523808,0.3888787480854561,61,C:\Users\13411\MyPython\project\ExtremeScene\results\targeted_expanded_pool_multiseed\seed46\expanded_pool\singleton\generated_samples_Conditional_TCN_Risk_Generator.npy,0.3709604263936401,0.05770486917859789,0.055815708882577586,0.5957089603272459,0.19711714584574713,0.0899086073533329,0.4436598340312784,0.2656211488521028,0.022180051981808585,0.4701097402507215,0.1734810546254826,0.055968122739239685,0.2005044749844823,44.80993652271266,0.2099827702405729,22.410427281693686,0.005816800600181763,0.3818419873714447,0.4673441827297209,0.15648854949289087,2.0,2.8000000000000007,14.503496042638208,0.6820031010150451,1.291056406639871,1.5226638317108154,1.9312409877777106,2.857142857142857,1.0,1.0,0.5238095238095238,,,,,,,,,targeted_seed46_Conditional_TCN_Risk_Generator,0.36217971882687244,0.28463342671630004,0.5139546023054021,0.44230769230769224
singleton,ordinary_conditional_tcn,20.796518951980687,1.798235797327855,1.5114648397291257,7.0,4.857142857142857,0.1428571428571428,0.3941055690966767,62,C:\Users\13411\MyPython\project\ExtremeScene\results\expanded_model_pool_formal50\singleton\generated_samples_Conditional_TCN_Risk_Generator.npy,0.569820259929334,0.060846751209931,0.0601629482263945,0.619236827749148,0.203849156329356,0.0550293469491455,0.5668835051197367,0.3280655835714746,0.0704011633635677,0.5853135309327396,0.1975871637035872,0.0618644861797025,0.232021923068401,42.08253720050568,0.2814895182947007,27.46794452791636,0.0773608424166962,1.2129246890544891,0.7670931994914998,0.2938931295354291,6.0,4.399999999999999,15.392465258527718,1.5286832597310536,0.8432135532299677,0.2915728092193603,0.3201374530792233,3.095238095238096,1.0,1.0,0.5714285714285714,0.9524509270289048,0.3392241852569446,0.1103156736151503,0.2493127457386793,46.835273171944216,27.361273738355088,1.4827054113149645,5.0,ordinary_conditional_tcn,0.5064230878091563,0.10296324661072409,0.706697136621312,0.2307692307692308
singleton,ganfix_GAN_Augmented_TailWeighted_Month_EVT_Copula_Risk_Selection_Fixed,0.6815876673940551,6.804500646255118,1.6673221289280005,7.333333333333333,,0.2857142857142857,0.3967860088546456,63,C:\Users\13411\MyPython\project\ExtremeScene\results\model_pool_experiments_new_machine_margin_formal50_ganfix\singleton\generated_samples_GAN_Augmented_TailWeighted_Month_EVT_Copula_Risk_Selection_Fixed.npy,0.5384271526462818,0.06016208712516819,0.023268779102668863,0.28813620034368737,0.06529099690082978,0.04832780346519141,0.036865141662898726,0.03426038045105541,0.046740264525093146,0.28780949821762264,0.05323782149235112,0.03944561569765114,0.06512132788752571,37.88185066620247,0.23724733326922448,0.7057007436983582,0.030117836755125523,0.2877562344074249,0.9875776112079624,0.30534351120564057,3.0,3.8000000000000007,12.907487177507548,2.047811840284389,1.0715639711845488,0.803455114364624,0.7256835460662838,2.3333333333333335,2.0,1.1999999999999993,0.6190476190476191,,,,,,,,,ganfix_GAN_Augmented_TailWeighted_Month_EVT_Copula_Risk_Selection_Fixed,0.011889945114852928,0.4364207983591652,0.8703249894036066,0.298076923076923
singleton,targeted_seed45_Expanded_ValSelected_Model_Ensemble,0.6815876673940551,6.804500646255118,1.6673221289280005,7.333333333333333,,0.2857142857142857,0.3967860088546456,63,C:\Users\13411\MyPython\project\ExtremeScene\results\targeted_expanded_pool_multiseed\seed45\expanded_pool\singleton\generated_samples_Expanded_ValSelected_Model_Ensemble.npy,0.5384271526462818,0.06016208712516819,0.023268779102668863,0.28813620034368737,0.06529099690082978,0.04832780346519141,0.036865141662898726,0.03426038045105541,0.046740264525093146,0.28780949821762264,0.05323782149235112,0.03944561569765114,0.06512132788752571,37.88185066620247,0.23724733326922448,0.7057007436983582,0.030117836755125523,0.2877562344074249,0.9875776112079624,0.30534351120564057,3.0,3.8000000000000007,12.907487177507548,2.047811840284389,1.0715639711845488,0.803455114364624,0.7256835460662838,2.3333333333333335,2.0,1.1999999999999993,0.6190476190476191,,,,,,,,,targeted_seed45_Expanded_ValSelected_Model_Ensemble,0.011889945114852928,0.4364207983591652,0.8703249894036066,0.298076923076923
singleton,targeted_seed45_Expanded_ValSelected_Model_Ensemble_Margin_0.05,0.6815876673940551,6.804500646255118,1.6673221289280005,7.333333333333333,,0.2857142857142857,0.3967860088546456,63,C:\Users\13411\MyPython\project\ExtremeScene\results\targeted_expanded_pool_multiseed\seed45\expanded_pool\singleton\generated_samples_Expanded_ValSelected_Model_Ensemble_Margin_0.05.npy,0.5384271526462818,0.06016208712516819,0.023268779102668863,0.28813620034368737,0.06529099690082978,0.04832780346519141,0.036865141662898726,0.03426038045105541,0.046740264525093146,0.28780949821762264,0.05323782149235112,0.03944561569765114,0.06512132788752571,37.88185066620247,0.23724733326922448,0.7057007436983582,0.030117836755125523,0.2877562344074249,0.9875776112079624,0.30534351120564057,3.0,3.8000000000000007,12.907487177507548,2.047811840284389,1.0715639711845488,0.803455114364624,0.7256835460662838,2.3333333333333335,2.0,1.1999999999999993,0.6190476190476191,,,,,,,,,targeted_seed45_Expanded_ValSelected_Model_Ensemble_Margin_0.05,0.011889945114852928,0.4364207983591652,0.8703249894036066,0.298076923076923
singleton,targeted_seed45_GAN_Augmented_TailWeighted_Month_EVT_Copula_Risk_Selection_Fixed,0.6815876673940551,6.804500646255118,1.6673221289280005,7.333333333333333,,0.2857142857142857,0.3967860088546456,63,C:\Users\13411\MyPython\project\ExtremeScene\results\targeted_expanded_pool_multiseed\seed45\expanded_pool\singleton\generated_samples_GAN_Augmented_TailWeighted_Month_EVT_Copula_Risk_Selection_Fixed.npy,0.5384271526462818,0.06016208712516819,0.023268779102668863,0.28813620034368737,0.06529099690082978,0.04832780346519141,0.036865141662898726,0.03426038045105541,0.046740264525093146,0.28780949821762264,0.05323782149235112,0.03944561569765114,0.06512132788752571,37.88185066620247,0.23724733326922448,0.7057007436983582,0.030117836755125523,0.2877562344074249,0.9875776112079624,0.30534351120564057,3.0,3.8000000000000007,12.907487177507548,2.047811840284389,1.0715639711845488,0.803455114364624,0.7256835460662838,2.3333333333333335,2.0,1.1999999999999993,0.6190476190476191,,,,,,,,,targeted_seed45_GAN_Augmented_TailWeighted_Month_EVT_Copula_Risk_Selection_Fixed,0.011889945114852928,0.4364207983591652,0.8703249894036066,0.298076923076923
singleton,targeted_seed46_GAN_Augmented_TailWeighted_Month_EVT_Copula_Risk_Selection_Fixed,0.6815876673940551,6.804500646255118,1.6673221289280005,7.333333333333333,,0.2857142857142857,0.3967860088546456,63,C:\Users\13411\MyPython\project\ExtremeScene\results\targeted_expanded_pool_multiseed\seed46\expanded_pool\singleton\generated_samples_GAN_Augmented_TailWeighted_Month_EVT_Copula_Risk_Selection_Fixed.npy,0.5384271526462818,0.06016208712516819,0.023268779102668863,0.28813620034368737,0.06529099690082978,0.04832780346519141,0.036865141662898726,0.03426038045105541,0.046740264525093146,0.28780949821762264,0.05323782149235112,0.03944561569765114,0.06512132788752571,37.88185066620247,0.23724733326922448,0.7057007436983582,0.030117836755125523,0.2877562344074249,0.9875776112079624,0.30534351120564057,3.0,3.8000000000000007,12.907487177507548,2.047811840284389,1.0715639711845488,0.803455114364624,0.7256835460662838,2.3333333333333335,2.0,1.1999999999999993,0.6190476190476191,,,,,,,,,targeted_seed46_GAN_Augmented_TailWeighted_Month_EVT_Copula_Risk_Selection_Fixed,0.011889945114852928,0.4364207983591652,0.8703249894036066,0.298076923076923
singleton,targeted_seed47_GAN_Augmented_TailWeighted_Month_EVT_Copula_Risk_Selection_Fixed,0.6815876673940551,6.804500646255118,1.6673221289280005,7.333333333333333,,0.2857142857142857,0.3967860088546456,63,C:\Users\13411\MyPython\project\ExtremeScene\results\targeted_expanded_pool_multiseed\seed47\expanded_pool\singleton\generated_samples_GAN_Augmented_TailWeighted_Month_EVT_Copula_Risk_Selection_Fixed.npy,0.5384271526462818,0.06016208712516819,0.023268779102668863,0.28813620034368737,0.06529099690082978,0.04832780346519141,0.036865141662898726,0.03426038045105541,0.046740264525093146,0.28780949821762264,0.05323782149235112,0.03944561569765114,0.06512132788752571,37.88185066620247,0.23724733326922448,0.7057007436983582,0.030117836755125523,0.2877562344074249,0.9875776112079624,0.30534351120564057,3.0,3.8000000000000007,12.907487177507548,2.047811840284389,1.0715639711845488,0.803455114364624,0.7256835460662838,2.3333333333333335,2.0,1.1999999999999993,0.6190476190476191,,,,,,,,,targeted_seed47_GAN_Augmented_TailWeighted_Month_EVT_Copula_Risk_Selection_Fixed,0.011889945114852928,0.4364207983591652,0.8703249894036066,0.298076923076923
singleton,targeted_seed47_Conditional_TCN_Risk_Generator,29.348562117651227,1.2300556037697632,1.3115078252573897,7.380952380952381,,0.2857142857142857,0.40488541247067533,69,C:\Users\13411\MyPython\project\ExtremeScene\results\targeted_expanded_pool_multiseed\seed47\expanded_pool\singleton\generated_samples_Conditional_TCN_Risk_Generator.npy,0.5882395726663094,0.05820058223100236,0.08098912751928819,0.6235665589738539,0.1908224974626825,0.08814745447463324,0.3665391634260049,0.17815751463196644,0.019629678453291617,0.5261150983553894,0.14239353144188377,0.06292208681573767,0.13647653686590708,41.88755931878185,0.3333720813825551,18.948384906105446,0.022290439381555706,0.8950567245483398,0.5534324407577511,0.3091603050957111,6.0,8.400000000000002,12.957903068941938,1.310824250261689,0.9319711306265422,0.49178385734558105,1.188051748275757,2.4285714285714284,0.0,0.8000000000000007,0.5238095238095238,,,,,,,,,targeted_seed47_Conditional_TCN_Risk_Generator,0.7166782819900648,0.06511787046438719,0.4967708823219743,0.30769230769230776
singleton,TargetSelected_val_calibrated_ganfix_model_pool_duration_guard,39.05920708501739,0.31576396501768755,1.1901855631121656,6.857142857142857,,0.19047619047619047,0.4105294746901277,70,C:\Users\13411\MyPython\project\ExtremeScene\results\method_pool_risk_target_selection_expanded_fast\singleton\generated_samples_TargetSelected_val_calibrated_ganfix_model_pool_duration_guard.npy,1.070689573805168,0.07611778465109686,0.0628849121339968,0.3923880766889958,0.10752447005519779,0.14075075794660666,0.1857943783872456,0.06394559844741397,0.04647791201491073,0.5496240096271364,0.08252928438456954,0.08337119403183807,0.10422321950552167,38.28718874849275,0.56646656262491,27.000965474436782,0.07187385989452415,0.6830388605594635,2.1104008257389086,0.435114503468038,3.0,8.600000000000005,11.894589768392123,0.030844066846889007,1.278911795644533,2.2718474864959717,2.4097161769866946,2.380952380952381,2.0,1.1999999999999993,0.5238095238095238,,,,,,,,,TargetSelected_val_calibrated_ganfix_model_pool_duration_guard,0.9554181367456213,0.004218685015246173,0.36939986649362366,0.20192307692307687
singleton,TargetSelected_val_calibrated_ganfix_model_pool_paper_weights,39.05920708501739,0.31576396501768755,1.192228383168445,7.190476190476191,,0.2857142857142857,0.421161795726709,71,C:\Users\13411\MyPython\project\ExtremeScene\results\method_pool_risk_target_selection_expanded_fast\singleton\generated_samples_TargetSelected_val_calibrated_ganfix_model_pool_paper_weights.npy,0.9979129960297278,0.06992937603345394,0.062149772228613336,0.5174966452485591,0.1320055504364263,0.1468831289763284,0.17348780447626644,0.06818619698638671,0.047933281795817045,0.5629658152515178,0.09004037448542233,0.08565539433358627,0.09503907020660818,40.19357546444192,0.6132771179328194,27.000965474436782,0.07490041597748567,0.6830388605594635,2.1104008257389086,0.45419847291839044,3.0,8.600000000000005,11.56609540334383,0.030844066846889007,1.3687218037389575,2.2718474864959717,2.4097161769866946,2.1904761904761907,2.0,1.1999999999999993,0.5238095238095238,,,,,,,,,TargetSelected_val_calibrated_ganfix_model_pool_paper_weights,0.9554181367456213,0.004218685015246173,0.37154453525533354,0.2692307692307693
singleton,targeted_seed45_RiskKNN_Bootstrap_Generator,1.9365408717301449,9.977267313495851,1.444524719341037,7.809523809523809,,0.19047619047619047,0.4253883269144668,72,C:\Users\13411\MyPython\project\ExtremeScene\results\targeted_expanded_pool_multiseed\seed45\expanded_pool\singleton\generated_samples_RiskKNN_Bootstrap_Generator.npy,0.49581650419840734,0.06878095367742919,0.02813441121910659,0.28941349748019424,0.0808274451651692,0.0421698181504434,0.09802418078048006,0.06928996642036998,0.08168933865591262,0.29441806081969385,0.07296612175432278,0.0506645226751542,0.06916346764425296,40.08423608393233,0.19246729951059532,2.424862855958267,0.008802412117197041,0.34148481488227844,0.3307197868824012,0.3129770989857816,11.0,8.599999999999998,13.574383177592754,4.834802868443607,1.0804569614785058,0.8156354427337646,0.8890342235565183,2.8095238095238093,2.0,1.1999999999999993,0.6190476190476191,,,,,,,,,targeted_seed45_RiskKNN_Bootstrap_Generator,0.042743441122078625,0.6477526070136472,0.6364195883565348,0.39423076923076916
singleton,targeted_seed47_Conditional_NormalizingFlow_Risk_Generator,6.381215208475055,9.848237239479907,1.3716650505029109,7.809523809523809,,0.2857142857142857,0.4364691340701101,73,C:\Users\13411\MyPython\project\ExtremeScene\results\targeted_expanded_pool_multiseed\seed47\expanded_pool\singleton\generated_samples_Conditional_NormalizingFlow_Risk_Generator.npy,0.8185702101894157,0.08510004334136825,0.06206374206737627,0.40253371608852556,0.07718561889842163,0.12489173903551525,0.18991023051727562,0.1569457326697927,0.0500861077782964,0.47033805226507236,0.10641046496986085,0.07901386296039596,0.07340715772923392,34.36638522199618,0.05431432517034333,14.489285341967573,0.013657344082660566,0.7441015541553497,1.024262696504593,0.3435114501063458,8.0,9.599999999999998,11.44732671266746,10.96916286682534,1.6160968038297834,2.275409460067749,4.421307325363161,2.5238095238095237,0.0,0.0,0.6190476190476191,,,,,,,,,targeted_seed47_Conditional_NormalizingFlow_Risk_Generator,0.15201742952926048,0.6391581650730663,0.5599273612191867,0.39423076923076916
singleton,targeted_seed45_Conditional_TCN_Risk_Generator,24.268592365861352,2.582805723263661,1.443656452903746,7.9523809523809526,,0.23809523809523808,0.44644071822980613,74,C:\Users\13411\MyPython\project\ExtremeScene\results\targeted_expanded_pool_multiseed\seed45\expanded_pool\singleton\generated_samples_Conditional_TCN_Risk_Generator.npy,0.6518819515036528,0.06868702783405028,0.07453779922630789,0.6856086890227975,0.25227462835906744,0.14605690148211228,0.4793086086825863,0.26643842022095127,0.05461182885232746,0.6055997497363456,0.19580002547135633,0.09173550985358254,0.38002487570871024,44.26986831075838,0.17792556137942872,23.072422466042994,0.015810473077138145,0.49269530177116394,0.7898957908153532,0.23282442729430103,6.0,3.599999999999998,13.609924300750246,2.223667914840302,0.7625685880581538,0.3240025043487549,0.41397709846496555,2.1904761904761907,1.0,0.1999999999999993,0.5238095238095238,,,,,,,,,targeted_seed45_Conditional_TCN_Risk_Generator,0.5917853171272085,0.15522192140578,0.6355080328334844,0.4230769230769231
singleton,ganfix_TailWeighted_Month_EVT_Copula_Risk_Selection_Fixed,3.8830126980452917,10.27797533893041,1.4933650970980081,7.428571428571429,,0.23809523809523808,0.4470340125725473,75,C:\Users\13411\MyPython\project\ExtremeScene\results\model_pool_experiments_new_machine_margin_formal50_ganfix\singleton\generated_samples_TailWeighted_Month_EVT_Copula_Risk_Selection_Fixed.npy,0.3310856915340221,0.04699811452539743,0.01788984575366147,0.30841079279878947,0.0555747109240657,0.09832833216482025,0.03537207746602396,0.036045575953822774,0.05273179040650392,0.22495618726627853,0.046206133801095305,0.05631665610832854,0.061572530243147766,41.48981109521809,0.18733102628281897,1.9436550050890418,0.10370194176741326,1.1837907135486603,2.2105511963367466,0.22900763340423055,3.0,5.400000000000002,13.98985332823216,5.8340721678462835,1.428903103584335,1.6369502544403076,2.0504949092864995,2.761904761904762,0.0,0.0,0.5238095238095238,,,,,,,,,ganfix_TailWeighted_Month_EVT_Copula_Risk_Selection_Fixed,0.09059818225018541,0.667782182950686,0.6876949966645282,0.31730769230769235
singleton,ganfix_ValSelected_Model_Ensemble_Margin_0.10,3.8830126980452917,10.27797533893041,1.4933650970980081,7.428571428571429,,0.23809523809523808,0.4470340125725473,75,C:\Users\13411\MyPython\project\ExtremeScene\results\model_pool_experiments_new_machine_margin_formal50_ganfix\singleton\generated_samples_ValSelected_Model_Ensemble_Margin_0.10.npy,0.3310856915340221,0.04699811452539743,0.01788984575366147,0.30841079279878947,0.0555747109240657,0.09832833216482025,0.03537207746602396,0.036045575953822774,0.05273179040650392,0.22495618726627853,0.046206133801095305,0.05631665610832854,0.061572530243147766,41.48981109521809,0.18733102628281897,1.9436550050890418,0.10370194176741326,1.1837907135486603,2.2105511963367466,0.22900763340423055,3.0,5.400000000000002,13.98985332823216,5.8340721678462835,1.428903103584335,1.6369502544403076,2.0504949092864995,2.761904761904762,0.0,0.0,0.5238095238095238,,,,,,,,,ganfix_ValSelected_Model_Ensemble_Margin_0.10,0.09059818225018541,0.667782182950686,0.6876949966645282,0.31730769230769235
singleton,TargetSelected_val_calibrated_targeted_expanded_pool_paper_weights,40.17181866491242,0.2524280039942113,1.2339213000045024,7.523809523809524,,0.2857142857142857,0.44914143543560153,77,C:\Users\13411\MyPython\project\ExtremeScene\results\method_pool_risk_target_selection_expanded_fast\singleton\generated_samples_TargetSelected_val_calibrated_targeted_expanded_pool_paper_weights.npy,0.9442213518278938,0.07902944937880746,0.053030142352797065,0.6035081415175998,0.1458426838446235,0.11006070568157218,0.1565193158731004,0.05695425919578625,0.0640034366265067,0.568082936406198,0.09394213080640573,0.07569809488695865,0.06261036070357706,38.318447726036865,0.5598668297515368,32.56402337391188,0.05361922294549492,0.5506135523319244,0.9264846384525303,0.4809160301488839,6.0,9.200000000000006,12.664043772345456,0.3475238719642668,1.2931703960611707,2.2718474864959717,2.4097161769866946,2.2857142857142856,2.0,1.1999999999999993,0.6190476190476191,,,,,,,,,TargetSelected_val_calibrated_targeted_expanded_pool_paper_weights,0.9827721104390427,0.0,0.4153161322924781,0.3365384615384615
singleton,TargetSelected_val_calibrated_targeted_expanded_pool_q99_guard,40.17181866491242,0.2524280039942113,1.2035905540577092,7.809523809523809,,0.19047619047619047,0.4498345457488764,78,C:\Users\13411\MyPython\project\ExtremeScene\results\method_pool_risk_target_selection_expanded_fast\singleton\generated_samples_TargetSelected_val_calibrated_targeted_expanded_pool_q99_guard.npy,1.1105109314439159,0.08980431716287807,0.05328872326751955,0.5359671868669686,0.1079937531898967,0.16838805650424996,0.16865879798652716,0.0616236812573016,0.06889137728259132,0.6050456387658039,0.08647391720335879,0.0968560523514536,0.07793760102571928,41.198612358829436,0.6543235426599079,32.56402337391188,0.05249407244922619,0.47847506403923035,0.9120569407939918,0.5267175568297301,7.0,9.400000000000002,13.085650258899374,0.3475238719642668,1.1185765273514248,2.2718474864959717,2.4097161769866946,2.380952380952381,2.0,1.1999999999999993,0.5238095238095238,,,,,,,,,TargetSelected_val_calibrated_targeted_expanded_pool_q99_guard,0.9827721104390427,0.0,0.383473188930193,0.39423076923076916
singleton,ganfix_Conditional_Transformer_Risk_Generator,28.181122197806843,5.192136273019425,1.3990747401923207,5.857142857142857,,0.14285714285714285,0.4522761075304797,79,C:\Users\13411\MyPython\project\ExtremeScene\results\model_pool_experiments_new_machine_margin_formal50_ganfix\singleton\generated_samples_Conditional_Transformer_Risk_Generator.npy,0.31811901658931097,0.03726256352429945,0.02305643483855879,0.34810772279484403,0.062096458064139375,0.032384559128057995,0.06212151699017136,0.09526743936697195,0.01877047080398239,0.24278275212477543,0.06487548698513691,0.024737154923533056,0.03122898632087064,37.524006115786314,0.20238948843208393,27.000965474436782,0.008682193046165323,0.38037970662117004,0.0877944171428684,0.2862595417552881,3.0,6.200000000000003,13.173508534620927,0.030844066846889007,1.2169971019029617,0.002626180648803711,0.17456240653991717,2.619047619047619,2.0,2.8000000000000007,0.5714285714285714,,,,,,,,,ganfix_Conditional_Transformer_Risk_Generator,0.6879763329602999,0.32902434758193716,0.5887036134712342,0.0
singleton,ganfix_ValSelected_Model_Ensemble,28.181122197806843,5.192136273019425,1.3990747401923207,5.857142857142857,,0.14285714285714285,0.4522761075304797,79,C:\Users\13411\MyPython\project\ExtremeScene\results\model_pool_experiments_new_machine_margin_formal50_ganfix\singleton\generated_samples_ValSelected_Model_Ensemble.npy,0.31811901658931097,0.03726256352429945,0.02305643483855879,0.34810772279484403,0.062096458064139375,0.032384559128057995,0.06212151699017136,0.09526743936697195,0.01877047080398239,0.24278275212477543,0.06487548698513691,0.024737154923533056,0.03122898632087064,37.524006115786314,0.20238948843208393,27.000965474436782,0.008682193046165323,0.38037970662117004,0.0877944171428684,0.2862595417552881,3.0,6.200000000000003,13.173508534620927,0.030844066846889007,1.2169971019029617,0.002626180648803711,0.17456240653991717,2.619047619047619,2.0,2.8000000000000007,0.5714285714285714,,,,,,,,,ganfix_ValSelected_Model_Ensemble,0.6879763329602999,0.32902434758193716,0.5887036134712342,0.0
singleton,ganfix_ValSelected_Model_Ensemble_Margin_0.00,28.181122197806843,5.192136273019425,1.3990747401923207,5.857142857142857,,0.14285714285714285,0.4522761075304797,79,C:\Users\13411\MyPython\project\ExtremeScene\results\model_pool_experiments_new_machine_margin_formal50_ganfix\singleton\generated_samples_ValSelected_Model_Ensemble_Margin_0.00.npy,0.31811901658931097,0.03726256352429945,0.02305643483855879,0.34810772279484403,0.062096458064139375,0.032384559128057995,0.06212151699017136,0.09526743936697195,0.01877047080398239,0.24278275212477543,0.06487548698513691,0.024737154923533056,0.03122898632087064,37.524006115786314,0.20238948843208393,27.000965474436782,0.008682193046165323,0.38037970662117004,0.0877944171428684,0.2862595417552881,3.0,6.200000000000003,13.173508534620927,0.030844066846889007,1.2169971019029617,0.002626180648803711,0.17456240653991717,2.619047619047619,2.0,2.8000000000000007,0.5714285714285714,,,,,,,,,ganfix_ValSelected_Model_Ensemble_Margin_0.00,0.6879763329602999,0.32902434758193716,0.5887036134712342,0.0
singleton,ganfix_ValSelected_Model_Ensemble_Margin_0.05,28.181122197806843,5.192136273019425,1.3990747401923207,5.857142857142857,,0.14285714285714285,0.4522761075304797,79,C:\Users\13411\MyPython\project\ExtremeScene\results\model_pool_experiments_new_machine_margin_formal50_ganfix\singleton\generated_samples_ValSelected_Model_Ensemble_Margin_0.05.npy,0.31811901658931097,0.03726256352429945,0.02305643483855879,0.34810772279484403,0.062096458064139375,0.032384559128057995,0.06212151699017136,0.09526743936697195,0.01877047080398239,0.24278275212477543,0.06487548698513691,0.024737154923533056,0.03122898632087064,37.524006115786314,0.20238948843208393,27.000965474436782,0.008682193046165323,0.38037970662117004,0.0877944171428684,0.2862595417552881,3.0,6.200000000000003,13.173508534620927,0.030844066846889007,1.2169971019029617,0.002626180648803711,0.17456240653991717,2.619047619047619,2.0,2.8000000000000007,0.5714285714285714,,,,,,,,,ganfix_ValSelected_Model_Ensemble_Margin_0.05,0.6879763329602999,0.32902434758193716,0.5887036134712342,0.0
singleton,TargetSelected_val_calibrated_targeted_expanded_pool_duration_guard,40.17181866491242,0.2524280039942113,1.2655896493954406,7.761904761904762,,0.19047619047619047,0.4646647827939743,83,C:\Users\13411\MyPython\project\ExtremeScene\results\method_pool_risk_target_selection_expanded_fast\singleton\generated_samples_TargetSelected_val_calibrated_targeted_expanded_pool_duration_guard.npy,0.9872738198628501,0.08295023410326272,0.05164017192420505,0.5364570615359794,0.10593066956319963,0.11989057446453223,0.17293236227112446,0.06258053223198462,0.07402119577560794,0.5655544145566513,0.08382047863281565,0.08185064738811508,0.06772820928924721,38.29912678557534,0.5491371553843081,32.56402337391188,0.05265258343111697,0.5506135523319244,0.9264846384525303,0.4847328240389547,6.0,9.200000000000006,13.393783332189983,0.3475238719642668,1.1803181973241625,2.2718474864959717,2.4097161769866946,2.4761904761904763,2.0,1.1999999999999993,0.5238095238095238,,,,,,,,,TargetSelected_val_calibrated_targeted_expanded_pool_duration_guard,0.9827721104390427,0.0,0.4485633678798151,0.3846153846153846
singleton,TargetSelected_val_calibrated_all_method_pool_q99_guard,40.17181866491242,0.2524280039942113,1.3278883857974073,7.476190476190476,,0.19047619047619047,0.4723621264383426,84,C:\Users\13411\MyPython\project\ExtremeScene\results\method_pool_risk_target_selection_expanded_fast\singleton\generated_samples_TargetSelected_val_calibrated_all_method_pool_q99_guard.npy,1.0376486626882402,0.07682095115963297,0.05235394962484443,0.6093894403142035,0.13205698309037825,0.16964906265514693,0.15579859464394746,0.057158806102776266,0.07070580012066677,0.6009455658821304,0.08867891345092915,0.09756960413355271,0.08301779852570684,41.495876422876066,0.6616227416076831,32.56402337391188,0.07370258074433889,0.7025871574878693,0.9568793594837199,0.4999999995992367,4.0,8.8,12.770667683986668,0.3475238719642668,1.227219128182956,2.2718474864959717,2.4097161769866946,2.2857142857142856,2.0,1.1999999999999993,0.5238095238095238,,,,,,,,,TargetSelected_val_calibrated_all_method_pool_q99_guard,0.9827721104390427,0.0,0.5139681270726729,0.3269230769230769
singleton,targeted_seed47_TransformerVAE_Augmented_TailWeighted_Copula,20.112585135377145,4.196697775059697,1.5864461389913533,7.619047619047619,,0.23809523809523808,0.4754181114042952,85,C:\Users\13411\MyPython\project\ExtremeScene\results\targeted_expanded_pool_multiseed\seed47\expanded_pool\singleton\generated_samples_TransformerVAE_Augmented_TailWeighted_Copula.npy,0.46171710273576155,0.05362956903680462,0.048905920624978734,0.5900778859883311,0.09860721796762044,0.08671421894751562,0.03386681418940332,0.034966638478692275,0.045791276793614756,0.361887267637832,0.06240114182770578,0.06047047212203637,0.015692806963407843,39.63843016779141,0.23259118619468847,16.30713213264285,0.060348611610021134,0.04129853844642639,0.903968578577043,0.3358778623262048,4.0,5.600000000000001,12.862630421493426,0.3475238719642668,1.3176804844822203,2.266011953353882,2.1311484813690185,2.4761904761904763,1.0,0.1999999999999993,0.5714285714285714,,,,,,,,,targeted_seed47_TransformerVAE_Augmented_TailWeighted_Copula,0.4896083179779996,0.2627201278767165,0.7854167721299831,0.35576923076923067
singleton,TargetSelected_val_calibrated_all_method_pool_duration_guard,40.17181866491242,0.2524280039942113,1.3754998991055236,7.333333333333333,,0.19047619047619047,0.4805315224786824,86,C:\Users\13411\MyPython\project\ExtremeScene\results\method_pool_risk_target_selection_expanded_fast\singleton\generated_samples_TargetSelected_val_calibrated_all_method_pool_duration_guard.npy,0.9702333971936866,0.07800341670549821,0.05543780452510388,0.5032518015504277,0.10320041724505735,0.1359113909927184,0.1658083393945523,0.06099378512804378,0.07430819779883298,0.5464311793795554,0.08073253969286644,0.08855246443888509,0.07966933778997368,38.25634067916726,0.548086559834271,32.56402337391188,0.07140618846242427,1.4119398891925812,2.256181031465532,0.45038167902831994,4.0,8.8,13.198963279227796,0.3475238719642668,1.1869527505976813,2.2718474864959717,2.4097161769866946,2.4285714285714284,2.0,1.1999999999999993,0.5238095238095238,,,,,,,,,TargetSelected_val_calibrated_all_method_pool_duration_guard,0.9827721104390427,0.0,0.5639534035417247,0.298076923076923
singleton,TargetSelected_val_calibrated_ganfix_model_pool_global_main,39.05920708501739,1.5568676805782289,1.2720160036447592,7.809523809523809,,0.19047619047619047,0.48565344241712793,87,C:\Users\13411\MyPython\project\ExtremeScene\results\method_pool_risk_target_selection_expanded_fast\singleton\generated_samples_TargetSelected_val_calibrated_ganfix_model_pool_global_main.npy,0.9856013359216157,0.07353831997621502,0.0517001708863328,0.5013845787388544,0.12098162275005016,0.13811625219538873,0.17935758116501255,0.06347006321076308,0.07060523167262446,0.5554478319418276,0.08599666864567608,0.08680721825144866,0.0942802852274133,38.72392443736769,0.5619203332960011,27.000965474436782,0.07071426145941757,0.6830388605594635,1.1641967356205,0.5114503812694482,6.0,9.200000000000006,13.399542418060879,6.174674510955818,1.241916475551469,2.2082788944244385,2.101136827468872,2.6666666666666665,2.0,1.1999999999999993,0.5238095238095238,,,,,,,,,TargetSelected_val_calibrated_ganfix_model_pool_global_main,0.9554181367456213,0.08688618642508314,0.4553101203252052,0.39423076923076916
singleton,TargetSelected_val_calibrated_all_method_pool_paper_weights,40.17181866491242,0.2524280039942113,1.4204257065929207,7.380952380952381,,0.2857142857142857,0.493765247581525,88,C:\Users\13411\MyPython\project\ExtremeScene\results\method_pool_risk_target_selection_expanded_fast\singleton\generated_samples_TargetSelected_val_calibrated_all_method_pool_paper_weights.npy,0.9752776985445981,0.08011434552891084,0.0540518631489866,0.5966943164538376,0.1393788777396227,0.13712422327494733,0.12556277783849307,0.052616594030222896,0.06619598338135772,0.5658449309456429,0.09070327243291881,0.08579068993509721,0.06568414413060143,39.06769135938109,0.5782642043473288,32.56402337391188,0.08544182353992028,1.4119398891925812,2.256181031465532,0.46946564847867245,4.0,8.8,12.885602636806404,0.3475238719642668,1.3583244035641353,2.2718474864959717,2.4097161769866946,2.2857142857142856,2.0,1.1999999999999993,0.6190476190476191,,,,,,,,,TargetSelected_val_calibrated_all_method_pool_paper_weights,0.9827721104390427,0.0,0.6111190731838642,0.30769230769230776
singleton,TargetSelected_val_calibrated_ganfix_model_pool_global_q99,39.05920708501739,1.5568676805782289,1.3786622270819775,7.190476190476191,,0.2857142857142857,0.4948942611944683,89,C:\Users\13411\MyPython\project\ExtremeScene\results\method_pool_risk_target_selection_expanded_fast\singleton\generated_samples_TargetSelected_val_calibrated_ganfix_model_pool_global_q99.npy,1.0346649945097626,0.067618511602118,0.05867195859403504,0.47317122492111396,0.11129588455161277,0.13048541151397583,0.1253363799160503,0.05623373478140274,0.054947272354855047,0.5443908664489756,0.07838271031171118,0.08136821415428865,0.09611293176196506,41.977982718249216,0.6418224191938902,27.000965474436782,0.10671097670721937,1.6759736835956573,2.308987790346146,0.46183206069853144,3.0,8.600000000000005,12.803866754025815,6.174674510955818,1.327566011320977,2.2082788944244385,2.101136827468872,2.2857142857142856,2.0,1.1999999999999993,0.5238095238095238,,,,,,,,,TargetSelected_val_calibrated_ganfix_model_pool_global_q99,0.9554181367456213,0.08688618642508314,0.5672733954345662,0.2692307692307693
singleton,targeted_seed46_RiskKNN_Bootstrap_Generator,11.31253099440221,10.275803625887516,1.4039101543049106,8.285714285714286,,0.38095238095238093,0.5042706819611633,90,C:\Users\13411\MyPython\project\ExtremeScene\results\targeted_expanded_pool_multiseed\seed46\expanded_pool\singleton\generated_samples_RiskKNN_Bootstrap_Generator.npy,0.6603588851356001,0.07665006834216762,0.023965243670607886,0.3612419675651287,0.086703248819493,0.03185145398558654,0.09928332066908571,0.062115092025590866,0.07615246113211098,0.37362805778993824,0.0751561363957505,0.043989719596101796,0.051588337405403535,41.83799985363031,0.29152276136548466,11.722512322217156,0.054622745243428285,0.1814156472682953,0.09050411581993068,0.39694656456733274,11.0,11.8,12.411776264008392,5.197180108864448,1.1723735736949104,0.9609572887420654,1.193657827377319,2.5714285714285716,2.0,3.6000000000000014,0.5238095238095238,,,,,,,,,targeted_seed46_RiskKNN_Bootstrap_Generator,0.27325568079295104,0.6676375293743697,0.5937801064130992,0.49038461538461553
singleton,targeted_seed46_Conditional_NormalizingFlow_Risk_Generator,24.845978993315896,9.504791632047581,1.298285959648811,7.0,,0.23809523809523808,0.5220165903317817,91,C:\Users\13411\MyPython\project\ExtremeScene\results\targeted_expanded_pool_multiseed\seed46\expanded_pool\singleton\generated_samples_Conditional_NormalizingFlow_Risk_Generator.npy,0.7118435498898621,0.08321126503465567,0.03315139845423584,0.39420998196497004,0.09967616657351676,0.18353882569484023,0.18430210722869209,0.16471027313951822,0.043085556654694934,0.43011854636117475,0.11586590158256356,0.08659192693459034,0.07080628540770213,34.906235759177825,0.0029846508849522093,18.79418416264187,0.03750177342699077,0.33465638756752014,0.5722857415676135,0.2786259539751471,2.0,1.1999999999999993,12.471819984886931,6.510740682834864,1.482933317621549,2.117286443710327,3.203458738327027,2.7142857142857144,1.0,0.1999999999999993,0.5714285714285714,,,,,,,,,targeted_seed46_Conditional_NormalizingFlow_Risk_Generator,0.6059805842839776,0.6162819220317738,0.48288981528668656,0.2307692307692308
singleton,targeted_seed45_Conditional_NormalizingFlow_Risk_Generator,16.256263199893638,13.272210398069308,1.3227513814067824,7.190476190476191,,0.23809523809523808,0.5461348302419516,92,C:\Users\13411\MyPython\project\ExtremeScene\results\targeted_expanded_pool_multiseed\seed45\expanded_pool\singleton\generated_samples_Conditional_NormalizingFlow_Risk_Generator.npy,0.8559937246892819,0.1020585713284377,0.033851159511219725,0.5672215489946582,0.14456433020163825,0.16651231033910954,0.2132162402267953,0.16812868494601335,0.05242289151074473,0.5454771713035784,0.1382505288253631,0.08426212045369134,0.05473665029457902,34.906806705734894,0.009467760930713427,9.146284203274405,0.0173280144630011,0.36047205328941345,0.6426589429378513,0.3396946562162753,5.0,6.600000000000001,11.1014070756786,9.347527429813624,1.3872733009713036,2.195068597793579,2.364340257644653,2.7142857142857144,1.0,0.1999999999999993,0.6666666666666666,,,,,,,,,targeted_seed45_Conditional_NormalizingFlow_Risk_Generator,0.394799194396406,0.8672223488847262,0.5085750074919864,0.2692307692307693
singleton,ganfix_Conditional_NormalizingFlow_Risk_Generator,15.1829325969683,15.265627803121767,1.1865154645084182,7.380952380952381,,0.3333333333333333,0.5480638306618225,93,C:\Users\13411\MyPython\project\ExtremeScene\results\model_pool_experiments_new_machine_margin_formal50_ganfix\singleton\generated_samples_Conditional_NormalizingFlow_Risk_Generator.npy,0.9392246831031071,0.09713746339626092,0.03884676440396053,0.569275352192264,0.14685792651408994,0.153525069297325,0.16385464037115788,0.18351776669213848,0.024255663188353427,0.5574515585555097,0.1425043855341631,0.07220916562987965,0.07193587862577984,34.25276873505057,0.009140585067669856,12.080798782941287,0.06627042777559673,0.7684023082256317,0.7064959704875946,0.3625954195566983,8.0,6.399999999999999,10.610996830696752,10.577756887928008,1.6304653152113868,2.667587995529175,2.8907067775726323,2.238095238095238,1.0,0.1999999999999993,0.5714285714285714,,,,,,,,,ganfix_Conditional_NormalizingFlow_Risk_Generator,0.36841095827941905,1.0,0.3655467880966023,0.30769230769230776
singleton,TargetSelected_val_calibrated_all_method_pool_global_main,40.17181866491242,1.5568676805782289,1.5464804285216989,7.238095238095238,,0.19047619047619047,0.5485890357961198,94,C:\Users\13411\MyPython\project\ExtremeScene\results\method_pool_risk_target_selection_expanded_fast\singleton\generated_samples_TargetSelected_val_calibrated_all_method_pool_global_main.npy,1.0345879755322898,0.0696438803403264,0.05441107064936457,0.46976060158617444,0.10616535711343672,0.11002930923950971,0.08646325300513742,0.04450975599818832,0.04943178328660942,0.5302706100412006,0.07343966448398381,0.07129072105849456,0.06392965519255223,39.744130119987,0.5817660849075441,32.56402337391188,0.12150715329169098,1.4119398891925812,1.3099769413471218,0.46564885458860195,3.0,8.600000000000005,12.12755505031149,6.174674510955818,1.335088991693088,2.2082788944244385,2.101136827468872,2.1904761904761907,2.0,1.1999999999999993,0.6190476190476191,,,,,,,,,TargetSelected_val_calibrated_all_method_pool_global_main,0.9827721104390427,0.08688618642508314,0.7434584946398363,0.27884615384615385
singleton,TargetSelected_val_calibrated_targeted_expanded_pool_global_main,40.17181866491242,1.5568676805782289,1.5482174355946925,7.523809523809524,,0.19047619047619047,0.5576987841716115,95,C:\Users\13411\MyPython\project\ExtremeScene\results\method_pool_risk_target_selection_expanded_fast\singleton\generated_samples_TargetSelected_val_calibrated_targeted_expanded_pool_global_main.npy,1.0716422767866227,0.07710708278251144,0.052852430234771486,0.46307275990743646,0.10479752500247226,0.10834719612062238,0.10009943169323031,0.048551092915159175,0.0526185216075889,0.5449381561290965,0.07681856690004762,0.07127271598766093,0.07105489692999811,40.10890008080635,0.5907228638667892,32.56402337391188,0.12180353278923035,1.4119398891925812,1.3099769413471218,0.4885496179290252,3.0,8.600000000000005,12.121786834883475,6.174674510955818,1.3484684973955154,2.2082788944244385,2.101136827468872,2.238095238095238,2.0,1.1999999999999993,0.6190476190476191,,,,,,,,,TargetSelected_val_calibrated_targeted_expanded_pool_global_main,0.9827721104390427,0.08688618642508314,0.745282103526418,0.3365384615384615
singleton,TargetSelected_val_calibrated_targeted_expanded_pool_global_q99,40.87255595586345,1.5568676805782289,1.5002703069809027,7.9523809523809526,,0.2857142857142857,0.5632635141410641,96,C:\Users\13411\MyPython\project\ExtremeScene\results\method_pool_risk_target_selection_expanded_fast\singleton\generated_samples_TargetSelected_val_calibrated_targeted_expanded_pool_global_q99.npy,1.0029186511796617,0.08402683988455227,0.051733317432029496,0.6123781739906581,0.12479668078064765,0.09994036064215528,0.1094819748611381,0.04907520243905539,0.07517521488731403,0.5749262666771527,0.08596624103475177,0.07561629765383293,0.061538507424681206,41.06172693172767,0.6119568442448848,36.06770982866709,0.07846077442558178,1.4119398891925812,1.3099769413471218,0.5229007629396597,6.0,9.200000000000006,14.677493829697069,6.174674510955818,1.283564397976512,2.2082788944244385,2.101136827468872,2.5238095238095237,2.0,1.1999999999999993,0.6190476190476191,,,,,,,,,TargetSelected_val_calibrated_targeted_expanded_pool_global_q99,1.0,0.08688618642508314,0.6949444790080032,0.4230769230769231
singleton,enhanced_gan,34.35355663621364,9.6773330548579,1.2164876533594604,6.809523809523809,3.571428571428572,0.5238095238095238,0.5683502351249764,97,C:\Users\13411\MyPython\project\ExtremeScene\results\tailweighted_month_evt_copula\singleton\generated_samples_enhanced_gan.npy,0.964622207892635,0.1200977773622014,0.0943844537952838,0.3356194009551059,0.1298529791094157,0.1715174383521155,0.1221839553838926,0.0461684309211125,0.0691144818218719,0.4741418547438778,0.0987063957975766,0.1116721246564237,0.0895697810964823,25.72569811087997,0.0856079855236421,26.583144634016257,0.0292694698453708,1.0409031212329865,0.7562402069568641,0.2709923661950061,2.0,1.1999999999999993,7.223148302127022,7.367890130156567,1.0921130641585304,1.0676286220550537,1.9069064617156992,1.9523809523809523,3.0,5.400000000000002,0.6666666666666666,0.8166398308439833,0.216848076220796,0.1430412578728189,0.1222333609507192,35.83500552182522,27.727563267494126,0.9653111845254898,6.0,enhanced_gan,0.8397279525762646,0.6277745701759986,0.39701329781257444,0.1923076923076923
singleton,TargetSelected_val_calibrated_all_method_pool_global_q99,40.87255595586345,1.5568676805782289,1.6101805566909857,7.523809523809524,,0.2857142857142857,0.5791302538257724,98,C:\Users\13411\MyPython\project\ExtremeScene\results\method_pool_risk_target_selection_expanded_fast\singleton\generated_samples_TargetSelected_val_calibrated_all_method_pool_global_q99.npy,0.987284423812987,0.07935501133389956,0.05553095003292829,0.5781883061395356,0.12063819266942331,0.11467646871428987,0.10248471466484164,0.04826424652281132,0.07562387701973258,0.5559858148724547,0.0827524835087114,0.08194376525565024,0.07682263729971218,41.01894082531959,0.6109062486948478,36.06770982866709,0.09721437945688909,1.6759736835956573,2.308987790346146,0.4885496179290252,6.0,9.200000000000006,14.48267377673488,6.174674510955818,1.290198951250031,2.2082788944244385,2.101136827468872,2.4761904761904763,2.0,1.1999999999999993,0.6190476190476191,,,,,,,,,TargetSelected_val_calibrated_all_method_pool_global_q99,1.0,0.08688618642508314,0.8103345146699128,0.3365384615384615
singleton,targeted_seed46_Conditional_Transformer_Risk_Generator,35.42974017124129,2.7102840418041794,1.7908389708637038,9.761904761904763,,0.23809523809523808,0.6772390306803447,99,C:\Users\13411\MyPython\project\ExtremeScene\results\targeted_expanded_pool_multiseed\seed46\expanded_pool\singleton\generated_samples_Conditional_Transformer_Risk_Generator.npy,0.7482193522352392,0.06648634672404213,0.03052279337825069,0.39751938814740806,0.06739079563191454,0.06842848632340072,0.05407232497471522,0.0893528239706202,0.04557590096939867,0.39993702178578755,0.07440998877552561,0.048175726890350025,0.041018088248257284,46.85409719751521,0.18662517906327683,37.40903542504056,0.05151616037611926,0.5162040293216705,0.31190696358680725,0.32442748065599336,15.0,12.599999999999998,14.898748513218896,0.799139902347811,0.7848266370239712,0.46101927757263184,0.7241008281707764,2.9047619047619047,1.0,1.0,0.5238095238095238,,,,,,,,,targeted_seed46_Conditional_Transformer_Risk_Generator,0.866186329100817,0.16371300393622942,1.0,0.7884615384615385
singleton,targeted_seed46_Expanded_ValSelected_Model_Ensemble,35.42974017124129,2.7102840418041794,1.7908389708637038,9.761904761904763,,0.23809523809523808,0.6772390306803447,99,C:\Users\13411\MyPython\project\ExtremeScene\results\targeted_expanded_pool_multiseed\seed46\expanded_pool\singleton\generated_samples_Expanded_ValSelected_Model_Ensemble.npy,0.7482193522352392,0.06648634672404213,0.03052279337825069,0.39751938814740806,0.06739079563191454,0.06842848632340072,0.05407232497471522,0.0893528239706202,0.04557590096939867,0.39993702178578755,0.07440998877552561,0.048175726890350025,0.041018088248257284,46.85409719751521,0.18662517906327683,37.40903542504056,0.05151616037611926,0.5162040293216705,0.31190696358680725,0.32442748065599336,15.0,12.599999999999998,14.898748513218896,0.799139902347811,0.7848266370239712,0.46101927757263184,0.7241008281707764,2.9047619047619047,1.0,1.0,0.5238095238095238,,,,,,,,,targeted_seed46_Expanded_ValSelected_Model_Ensemble,0.866186329100817,0.16371300393622942,1.0,0.7884615384615385
singleton,targeted_seed46_Expanded_ValSelected_Model_Ensemble_Margin_0.05,35.42974017124129,2.7102840418041794,1.7908389708637038,9.761904761904763,,0.23809523809523808,0.6772390306803447,99,C:\Users\13411\MyPython\project\ExtremeScene\results\targeted_expanded_pool_multiseed\seed46\expanded_pool\singleton\generated_samples_Expanded_ValSelected_Model_Ensemble_Margin_0.05.npy,0.7482193522352392,0.06648634672404213,0.03052279337825069,0.39751938814740806,0.06739079563191454,0.06842848632340072,0.05407232497471522,0.0893528239706202,0.04557590096939867,0.39993702178578755,0.07440998877552561,0.048175726890350025,0.041018088248257284,46.85409719751521,0.18662517906327683,37.40903542504056,0.05151616037611926,0.5162040293216705,0.31190696358680725,0.32442748065599336,15.0,12.599999999999998,14.898748513218896,0.799139902347811,0.7848266370239712,0.46101927757263184,0.7241008281707764,2.9047619047619047,1.0,1.0,0.5238095238095238,,,,,,,,,targeted_seed46_Expanded_ValSelected_Model_Ensemble_Margin_0.05,0.866186329100817,0.16371300393622942,1.0,0.7884615384615385
singleton,traditional_gaussian_copula,35.494865833236986,1.3560195739014418,1.779544286590646,10.80952380952381,7.0,0.1904761904761904,0.6794242153534166,102,C:\Users\13411\MyPython\project\ExtremeScene\results\tailweighted_month_evt_copula\singleton\generated_samples_traditional_gaussian_copula.npy,0.5406401119534932,0.039490104886039,0.0797697766933224,0.1923486676471179,0.0384743172381957,0.1052033531110803,0.0640551932048282,0.0353157071632636,0.1269093107334024,0.2656813242684798,0.0377600430958328,0.1039608135126017,0.0474576845176892,50.89193972139023,0.1158863172975689,9.1792592155346,0.0165900223167149,1.9263449013233185,2.6449506103992477,0.0648854961311986,6.0,9.200000000000006,16.290082943670114,5.170433977571882,1.421611372204054,2.257049322128296,2.763080930709839,3.4761904761904763,2.0,1.1999999999999993,0.6666666666666666,1.026932773148947,0.2000481926195181,0.1616758446019883,0.1081033910036792,63.046664729319936,43.25637610860054,2.1134984716773038,10.4,traditional_gaussian_copula,0.8677874679683137,0.07350808519655898,0.9881421976158189,1.0
