dataset,method,q99_cum_deficit_error,core_q99_cum_deficit_error,netload_ramp_max_mae,imbalance_duration_mae,max_imbalance_run_mae,extreme_degree_match_rate,risk_score,risk_rank,generated_path,load_wasserstein,load_js,load_acf_mae,wind_power_wasserstein,wind_power_js,wind_power_acf_mae,solar_power_wasserstein,solar_power_js,solar_power_acf_mae,mean_wasserstein,mean_js,acf_mae,corr_matrix_error,cum_deficit_mae,cum_deficit_relative_error,q95_cum_deficit_error,netload_ramp_max_relative_error,q95_netload_ramp_max_error,q99_netload_ramp_max_error,imbalance_duration_relative_error,q95_imbalance_duration_error,q99_imbalance_duration_error,core_cum_deficit_mae,core_q95_cum_deficit_error,core_netload_ramp_max_mae,core_q95_netload_ramp_max_error,core_q99_netload_ramp_max_error,core_imbalance_duration_mae,core_q95_imbalance_duration_error,core_q99_imbalance_duration_error,extreme_degree_adjacent_match_rate,highrisk_wasserstein,highrisk_js,highrisk_acf_mae,highrisk_corr_matrix_error,highrisk_cum_deficit_mae,highrisk_q99_cum_deficit_error,highrisk_netload_ramp_max_mae,highrisk_imbalance_duration_mae,model_name,norm_q99_cum_deficit_error,norm_core_q99_cum_deficit_error,norm_netload_ramp_max_mae,norm_imbalance_duration_mae
muswellbrook,TargetSelected_val_calibrated_riskfirst_evt_pool_global_q99,0.2953130018012189,11.650046316355471,1.127602535523086,7.833333333333333,,0.5416666666666666,0.15080367688645,1,C:\Users\13411\MyPython\project\ExtremeScene\results\method_pool_risk_target_selection_expanded_fast\muswellbrook\generated_samples_TargetSelected_val_calibrated_riskfirst_evt_pool_global_q99.npy,0.41116478597676315,0.09701055288230727,0.08297587647128214,0.533876293261225,0.21237224931934442,0.18095357737519782,0.38936350679343246,0.1991241533956728,0.11489292298928745,0.44480152867714023,0.1695023185324415,0.12627412561192247,0.16548025468780395,22.940948782248267,0.0146761277468125,13.426716742616179,0.02965646456071903,0.06238741390407032,0.9916280215978617,0.026809651457280727,0.0,1.5399999999999991,9.322283593016815,13.184514546662836,0.9241205006837845,1.0719527721405027,1.4945478248596191,2.9583333333333335,1.8499999999999979,2.0,0.8333333333333334,,,,,,,,,TargetSelected_val_calibrated_riskfirst_evt_pool_global_q99,0.0032493711831081858,0.24127486040611817,0.09027343451677715,0.36585365853658536
muswellbrook,TargetSelected_val_calibrated_riskfirst_evt_pool_global_main,8.540321789405837,11.458815665189526,1.1419278593481674,7.125,,0.4583333333333333,0.1650340830676754,2,C:\Users\13411\MyPython\project\ExtremeScene\results\method_pool_risk_target_selection_expanded_fast\muswellbrook\generated_samples_TargetSelected_val_calibrated_riskfirst_evt_pool_global_main.npy,0.5127856896983254,0.09865943699429666,0.12259247466515007,0.6151706666720135,0.31153535088428763,0.1921833218910927,0.48548765926133686,0.31093899026643906,0.14071882760760207,0.5378146718772252,0.2403779260483411,0.15183154138794827,0.17564634994972128,21.91118420384484,0.10428329708578751,13.469803349548073,0.029616510460945558,0.4176740888506183,1.0999308332800863,0.029490616603008755,0.30000000000000426,1.5399999999999991,8.516819568648426,13.627209995716477,0.95210300385952,0.9675822019577027,1.4663063764572137,2.75,1.8499999999999979,2.0,0.875,,,,,,,,,TargetSelected_val_calibrated_riskfirst_evt_pool_global_main,0.14549923359248557,0.2339515646813537,0.10967342312258221,0.15853658536585374
muswellbrook,TargetSelected_val_calibrated_rf_duration_pool_global_main,8.540321789405837,11.458815665189526,1.158066203109532,7.041666666666667,,0.4583333333333333,0.1668393616272572,3,C:\Users\13411\MyPython\project\ExtremeScene\results\method_pool_risk_target_selection_expanded_fast\muswellbrook\generated_samples_TargetSelected_val_calibrated_rf_duration_pool_global_main.npy,0.5152177578873105,0.09979990890473239,0.12810854957747955,0.6365336902025676,0.32891733498207787,0.1985914697522999,0.5038266627970425,0.3315108116162476,0.14384580581421885,0.5518593702956401,0.2534093518343526,0.15684860838133277,0.19789529280759421,21.86560451118034,0.10311444360964324,13.469803349548073,0.025714901228810545,0.4176740888506183,1.0999308332800863,0.03485254689446481,0.30000000000000426,1.5399999999999991,8.518020959868519,13.627209995716477,0.9623184154431025,0.9675822019577027,1.4663063764572137,2.75,1.8499999999999979,2.0,0.875,,,,,,,,,TargetSelected_val_calibrated_rf_duration_pool_global_main,0.14549923359248557,0.2339515646813537,0.13152868370237286,0.1341463414634148
muswellbrook,TargetSelected_empirical_rf_duration_pool_global_main,6.114155420200518,15.347023007921187,1.106929767789552,6.708333333333333,,0.4583333333333333,0.16700531577939182,4,C:\Users\13411\MyPython\project\ExtremeScene\results\method_pool_risk_target_selection_expanded_fast\muswellbrook\generated_samples_TargetSelected_empirical_rf_duration_pool_global_main.npy,0.5252734753820631,0.098603076587604,0.09666221661993364,0.6433824126229244,0.3403665603207871,0.19975982165312056,0.4995463691607424,0.32329404844874376,0.11910086614081346,0.5560674190552434,0.25408789511904495,0.13850763480462255,0.17953194940831496,19.99246197206236,0.08367242703520371,4.125859530028677,0.011612399297882981,0.4738088313490154,1.1151202341914175,0.06702412864320159,4.699999999999992,5.0,8.884267522939897,13.672462507566696,0.9294961343208948,0.9675822019577027,1.4663063764572137,2.7083333333333335,1.8499999999999979,0.46000000000000085,0.875,,,,,,,,,TargetSelected_empirical_rf_duration_pool_global_main,0.10364096017007701,0.38285286285930686,0.062277455970111445,0.036585365853658534
muswellbrook,TargetSelected_empirical_riskfirst_evt_pool_paper_weights,6.114155420200518,15.256828394512198,1.0652986927016173,7.125,,0.5,0.17016711932558704,5,C:\Users\13411\MyPython\project\ExtremeScene\results\method_pool_risk_target_selection_expanded_fast\muswellbrook\generated_samples_TargetSelected_empirical_riskfirst_evt_pool_paper_weights.npy,0.4634386129953243,0.09132728907665683,0.0476371189681298,0.5808351096628166,0.26674980196907233,0.1997093011633869,0.3959041652093658,0.20699316275951735,0.06412547546019527,0.4800592959558356,0.18835675126841553,0.10382396519723731,0.1346740073179405,20.926900062668565,0.07149545329240814,3.241108437632761,0.017806180661433114,0.4437113795429468,0.6787274232506748,0.02412868631155259,4.699999999999992,5.0,9.305234326443044,12.87303586035964,0.7736203223466873,0.8425011634826656,0.28063929557800327,2.75,1.8499999999999979,0.46000000000000085,0.8333333333333334,,,,,,,,,TargetSelected_empirical_riskfirst_evt_pool_paper_weights,0.10364096017007701,0.37939880451276253,0.005898808463428413,0.15853658536585374
muswellbrook,TargetSelected_empirical_rf_duration_pool_paper_weights,6.114155420200518,15.256828394512198,1.133312037748207,6.833333333333333,,0.5416666666666666,0.18038891304802984,6,C:\Users\13411\MyPython\project\ExtremeScene\results\method_pool_risk_target_selection_expanded_fast\muswellbrook\generated_samples_TargetSelected_empirical_rf_duration_pool_paper_weights.npy,0.5141236009421171,0.09115783890647217,0.048103789658787206,0.6387118699925918,0.34453496819605584,0.21504794493793508,0.44269208092902296,0.2605319982788422,0.05809980522193666,0.5318425172879105,0.2320749351271234,0.10708384660621965,0.1629413223541538,20.75528383030695,0.12531988923481047,5.141924203472229,0.02504063396757699,0.4437113795429468,0.6787274232506748,0.010723860582912224,4.699999999999992,5.0,9.022077856037535,12.87303586035964,0.8722856690486273,0.8939520835876467,0.34757674217224155,2.625,1.8499999999999979,0.46000000000000085,0.875,,,,,,,,,TargetSelected_empirical_rf_duration_pool_paper_weights,0.10364096017007701,0.37939880451276253,0.09800549554832157,0.07317073170731707
muswellbrook,TargetSelected_empirical_rf_duration_pool_core_ramp_guard,6.114155420200518,15.256828394512198,1.133312037748207,6.833333333333333,,0.5416666666666666,0.18038891304802984,6,C:\Users\13411\MyPython\project\ExtremeScene\results\method_pool_risk_target_selection_expanded_fast\muswellbrook\generated_samples_TargetSelected_empirical_rf_duration_pool_core_ramp_guard.npy,0.5141236009421171,0.09115783890647217,0.048103789658787206,0.6387118699925918,0.34453496819605584,0.21504794493793508,0.44269208092902296,0.2605319982788422,0.05809980522193666,0.5318425172879105,0.2320749351271234,0.10708384660621965,0.1629413223541538,20.75528383030695,0.12531988923481047,5.141924203472229,0.02504063396757699,0.4437113795429468,0.6787274232506748,0.010723860582912224,4.699999999999992,5.0,9.022077856037535,12.87303586035964,0.8722856690486273,0.8939520835876467,0.34757674217224155,2.625,1.8499999999999979,0.46000000000000085,0.875,,,,,,,,,TargetSelected_empirical_rf_duration_pool_core_ramp_guard,0.10364096017007701,0.37939880451276253,0.09800549554832157,0.07317073170731707
muswellbrook,TargetSelected_empirical_riskfirst_evt_pool_core_ramp_guard,6.114155420200518,15.256828394512198,1.0896011428655281,7.291666666666667,,0.5416666666666666,0.18571205634829593,8,C:\Users\13411\MyPython\project\ExtremeScene\results\method_pool_risk_target_selection_expanded_fast\muswellbrook\generated_samples_TargetSelected_empirical_riskfirst_evt_pool_core_ramp_guard.npy,0.5050191708185053,0.09516811822045006,0.05160046500026697,0.6005406308815711,0.29181050729024055,0.2014692198044651,0.4141897632300445,0.23075539750176913,0.06204421095773707,0.5065831883100403,0.20591134100415323,0.10503796525415639,0.13890542599271424,21.636298749573047,0.08968739520092038,3.241108437632761,0.02368154589872666,0.4437113795429468,0.6787274232506748,0.013404825728640364,4.699999999999992,5.0,9.236092476572255,12.87303586035964,0.808233454823494,0.8425011634826656,0.28063929557800327,2.7916666666666665,1.8499999999999979,0.46000000000000085,0.875,,,,,,,,,TargetSelected_empirical_riskfirst_evt_pool_core_ramp_guard,0.10364096017007701,0.37939880451276253,0.03881026387133708,0.20731707317073186
muswellbrook,TargetSelected_val_calibrated_rf_duration_pool_global_q99,8.540321789405837,11.458815665189526,1.1608341434718266,7.541666666666667,,0.5416666666666666,0.1897276980267517,9,C:\Users\13411\MyPython\project\ExtremeScene\results\method_pool_risk_target_selection_expanded_fast\muswellbrook\generated_samples_TargetSelected_val_calibrated_rf_duration_pool_global_q99.npy,0.5150086614820693,0.10237301053360458,0.0857425216161246,0.6358011204887322,0.3341936805994635,0.20711278508127975,0.4465272229327402,0.2783195294033356,0.1014461915067401,0.5324456683011806,0.2382954068454679,0.13143383273471482,0.1895419906905346,22.910666556492576,0.13752408992071627,13.469803349548073,0.03343413082795887,0.3875766370445488,1.0999308332800863,0.01876675602009642,0.30000000000000426,1.5399999999999991,8.510019820174692,13.627209995716477,0.9681764791409174,0.9675822019577027,1.4663063764572137,2.75,1.8499999999999979,2.0,0.875,,,,,,,,,TargetSelected_val_calibrated_rf_duration_pool_global_q99,0.14549923359248557,0.2339515646813537,0.13527715125157044,0.2804878048780489
muswellbrook,TargetSelected_empirical_rf_duration_pool_global_q99,6.114155420200518,15.347023007921187,1.1096977081518464,7.208333333333333,,0.5416666666666666,0.18989365217888624,10,C:\Users\13411\MyPython\project\ExtremeScene\results\method_pool_risk_target_selection_expanded_fast\muswellbrook\generated_samples_TargetSelected_empirical_rf_duration_pool_global_q99.npy,0.5204883957350697,0.09662942550354986,0.05662795725962969,0.6431658806072342,0.34361287177770583,0.2141674735296724,0.4434404389060513,0.2694447753625125,0.0767012518333347,0.5356982384161184,0.23656235754792274,0.11583222754087892,0.17117864729125531,21.037524017374604,0.11808207334627675,4.125859530028677,0.019331628897031303,0.4437113795429468,1.1151202341914175,0.013404825728640364,4.699999999999992,5.0,8.87626638324607,13.672462507566696,0.9353541980187098,0.9675822019577027,1.4663063764572137,2.7083333333333335,1.8499999999999979,0.46000000000000085,0.875,,,,,,,,,TargetSelected_empirical_rf_duration_pool_global_q99,0.10364096017007701,0.38285286285930686,0.06602592351930872,0.18292682926829268
muswellbrook,TargetSelected_val_calibrated_rf_duration_pool_core_ramp_guard,6.114155420200518,15.256828394512198,1.185294854056944,7.125,,0.5416666666666666,0.21079314969423152,11,C:\Users\13411\MyPython\project\ExtremeScene\results\method_pool_risk_target_selection_expanded_fast\muswellbrook\generated_samples_TargetSelected_val_calibrated_rf_duration_pool_core_ramp_guard.npy,0.534643280285376,0.09693150663893883,0.07225333856930287,0.6343359440841057,0.33748455587835274,0.21385976810989857,0.45103070999017225,0.27026998056184576,0.08485201710935471,0.540003311453218,0.23489534769304576,0.12365504126285204,0.17299476007873865,20.541819426851177,0.13315775298888888,5.141924203472229,0.03760801008879258,0.4437113795429468,0.6787274232506748,0.008042895437184196,4.699999999999992,5.0,8.734841154242018,12.87303586035964,0.8417070160309473,0.8939520835876467,0.34757674217224155,2.5833333333333335,1.8499999999999979,0.46000000000000085,0.875,,,,,,,,,TargetSelected_val_calibrated_rf_duration_pool_core_ramp_guard,0.10364096017007701,0.37939880451276253,0.16840292993800635,0.15853658536585374
muswellbrook,TargetSelected_val_calibrated_riskfirst_evt_pool_core_ramp_guard,6.114155420200518,15.256828394512198,1.141583959174265,7.583333333333333,,0.5416666666666666,0.21611629299449758,12,C:\Users\13411\MyPython\project\ExtremeScene\results\method_pool_risk_target_selection_expanded_fast\muswellbrook\generated_samples_TargetSelected_val_calibrated_riskfirst_evt_pool_core_ramp_guard.npy,0.5183875919492157,0.101249090891271,0.0776496577767402,0.59634564784183,0.2854671364444368,0.20028104297642857,0.42326658367505005,0.24031744857472945,0.08879642284515514,0.5126666078220319,0.20901122530347907,0.12224237453277464,0.1489588637172991,21.42283434611727,0.09752525895499879,3.241108437632761,0.03624892201994225,0.4437113795429468,0.6787274232506748,0.016085790874368393,4.699999999999992,5.0,8.948855774776737,12.87303586035964,0.7776548018058141,0.8425011634826656,0.28063929557800327,2.75,1.8499999999999979,0.46000000000000085,0.875,,,,,,,,,TargetSelected_val_calibrated_riskfirst_evt_pool_core_ramp_guard,0.10364096017007701,0.37939880451276253,0.10920769826102188,0.2926829268292683
muswellbrook,TargetSelected_empirical_riskfirst_evt_pool_global_main,12.361860618103123,15.347023007921187,1.1646830207416012,6.666666666666667,,0.5833333333333334,0.21706625903792465,13,C:\Users\13411\MyPython\project\ExtremeScene\results\method_pool_risk_target_selection_expanded_fast\muswellbrook\generated_samples_TargetSelected_empirical_riskfirst_evt_pool_global_main.npy,0.5242308168499559,0.09646241818049471,0.11398375191887328,0.6038023808419153,0.29585297602285765,0.18405755138997407,0.49290561658970683,0.3050381164342329,0.1426465646653721,0.5403129380938593,0.2324511702125284,0.14689595599140648,0.15881757706177094,18.358456732753545,0.15412157785683753,28.42858838306273,0.020632955787687916,0.8719891790300602,1.2223092046380044,0.053619302914561344,0.0,2.309999999999995,8.29158740376506,13.672462507566696,0.8675607790549597,0.9675822019577027,1.4663063764572137,2.7916666666666665,1.8499999999999979,0.46000000000000085,0.9166666666666666,,,,,,,,,TargetSelected_empirical_riskfirst_evt_pool_global_main,0.21143165241434778,0.38285286285930686,0.14048947148184956,0.024390243902439195
muswellbrook,TargetSelected_empirical_riskfirst_evt_pool_global_q99,11.005242276429414,15.347023007921187,1.1155759598186705,7.375,,0.625,0.22451642229639165,14,C:\Users\13411\MyPython\project\ExtremeScene\results\method_pool_risk_target_selection_expanded_fast\muswellbrook\generated_samples_TargetSelected_empirical_riskfirst_evt_pool_global_q99.npy,0.4761247949467765,0.09557783921933041,0.07893506393609782,0.5675737524439615,0.24771777934184466,0.1889164986797124,0.40938225184522203,0.21635951208662835,0.10939959880276873,0.48436026641198665,0.1865517102159345,0.12575038713952633,0.144445902766371,19.529555317762895,0.13353793474936396,22.2016153030484,0.024049788726818268,0.6839407417923207,1.1761597785353652,0.040214477185921096,0.0,2.309999999999995,8.567944125696833,13.672462507566696,0.7849689076344172,0.8425011634826656,1.4461457109451294,2.9166666666666665,1.8499999999999979,0.46000000000000085,0.8333333333333334,,,,,,,,,TargetSelected_empirical_riskfirst_evt_pool_global_q99,0.18802612582045944,0.38285286285930686,0.07398651252594465,0.2317073170731708
muswellbrook,extreme_conditioned_gaussian_copula,1.828995761877806,5.349720561462036,1.5080390332974882,8.541666666666666,3.9166666666666665,0.5,0.24625789000881976,15,C:\Users\13411\MyPython\project\ExtremeScene\results\evt_copula\muswellbrook\generated_samples_evt_copula.npy,0.4835082667845268,0.0576839780717538,0.0377331150962458,0.334367429682364,0.0583895933466576,0.0580786771902357,0.1458762830377088,0.0283117528077262,0.0697280621820472,0.3212506598348665,0.0481284414087125,0.0551799514895096,0.0481756194221508,30.016870767789328,0.2399414151575126,20.186990465750497,0.0334960021262146,0.415571017190814,1.2652124134171745,0.0241286863115525,0.8499999999999979,1.7700000000000031,11.687624517796989,8.98291329694667,0.7486656904220581,0.7817163467407222,0.4285036373138431,2.2916666666666665,1.0,0.5399999999999991,0.7083333333333334,0.4245062935092763,0.1651139675922733,0.0669287284590864,0.0972273367589479,15.38068066825127,5.267006643799206,1.1063465487211943,7.2,extreme_conditioned_gaussian_copula,0.029709762823747227,0.0,0.6054774056223923,0.5731707317073169
muswellbrook,targeted_seed46_Conditional_TCN_Risk_Generator,7.432236432667523,16.388915293109704,1.126825812961518,8.0,,0.20833333333333334,0.2492408261494337,16,C:\Users\13411\MyPython\project\ExtremeScene\results\targeted_expanded_pool_multiseed\seed46\expanded_pool\muswellbrook\generated_samples_Conditional_TCN_Risk_Generator.npy,0.4798495231403244,0.04747395471957783,0.0753987135162296,0.4504361017434686,0.14445609598794765,0.08653851869683275,0.40621826287466933,0.34326931180396475,0.022257096076906735,0.44550129591948745,0.1783997875038301,0.061398109429989696,0.1707929428985992,36.22533512413536,0.3782057800283652,7.700261853326495,0.08062584694702582,0.029615175351500156,1.3969772365689268,0.14477211786931565,1.6999999999999957,2.7699999999999996,13.940055076344292,1.77545724109428,0.8243805915117264,0.07439570426940945,0.36972182750701865,2.875,1.8499999999999979,2.7699999999999996,0.6666666666666666,,,,,,,,,targeted_seed46_Conditional_TCN_Risk_Generator,0.1263816081788121,0.4227527704905628,0.08922156238960686,0.41463414634146345
muswellbrook,TargetSelected_empirical_riskfirst_evt_pool_duration_guard,23.63941048210198,11.368621051780543,1.1200031589153998,7.5,,0.5,0.2511891030003015,17,C:\Users\13411\MyPython\project\ExtremeScene\results\method_pool_risk_target_selection_expanded_fast\muswellbrook\generated_samples_TargetSelected_empirical_riskfirst_evt_pool_duration_guard.npy,0.4351490233783369,0.08836276778124721,0.026743078466184903,0.5832628605852801,0.2793291700165458,0.20340462089653077,0.36990003329148957,0.18770336065265356,0.028373496655510966,0.46277063908503546,0.18513176615014884,0.08617373200607555,0.14563581066034492,22.42422269016743,0.10989305221752162,12.585052257152157,0.004580817912024214,0.4437113795429468,0.6787274232506748,0.053619302914561226,2.849999999999998,3.1599999999999966,9.413461303060908,12.87303586035964,0.8200041105349859,0.8425011634826656,0.28063929557800327,3.0,1.8499999999999979,2.0,0.8333333333333334,,,,,,,,,TargetSelected_empirical_riskfirst_evt_pool_duration_guard,0.40600147735868225,0.23049750633480967,0.07998202181291819,0.26829268292682934
muswellbrook,TargetSelected_empirical_riskfirst_evt_pool_q99_guard,23.63941048210198,11.368621051780543,1.1200031589153998,7.5,,0.5,0.2511891030003015,17,C:\Users\13411\MyPython\project\ExtremeScene\results\method_pool_risk_target_selection_expanded_fast\muswellbrook\generated_samples_TargetSelected_empirical_riskfirst_evt_pool_q99_guard.npy,0.4351490233783369,0.08836276778124721,0.026743078466184903,0.5832628605852801,0.2793291700165458,0.20340462089653077,0.36990003329148957,0.18770336065265356,0.028373496655510966,0.46277063908503546,0.18513176615014884,0.08617373200607555,0.14563581066034492,22.42422269016743,0.10989305221752162,12.585052257152157,0.004580817912024214,0.4437113795429468,0.6787274232506748,0.053619302914561226,2.849999999999998,3.1599999999999966,9.413461303060908,12.87303586035964,0.8200041105349859,0.8425011634826656,0.28063929557800327,3.0,1.8499999999999979,2.0,0.8333333333333334,,,,,,,,,TargetSelected_empirical_riskfirst_evt_pool_q99_guard,0.40600147735868225,0.23049750633480967,0.07998202181291819,0.26829268292682934
muswellbrook,TargetSelected_val_calibrated_riskfirst_evt_pool_paper_weights,23.63941048210198,11.368621051780543,1.1148528041376267,7.666666666666667,,0.5416666666666666,0.2567624664785913,19,C:\Users\13411\MyPython\project\ExtremeScene\results\method_pool_risk_target_selection_expanded_fast\muswellbrook\generated_samples_TargetSelected_val_calibrated_riskfirst_evt_pool_paper_weights.npy,0.4519362499316533,0.10051828923124909,0.06286291893636865,0.546778728797411,0.2326712761699867,0.18389092795088413,0.3731835608332571,0.18858442952992832,0.07745316640702843,0.45729951318744044,0.17392466497705472,0.10806900443142707,0.14183373625794415,23.213993764750853,0.07805892641375378,12.585052257152157,0.020965688162378364,0.4437113795429468,0.6787274232506748,0.005361930291456169,0.0,3.8500000000000014,9.326036196605349,12.869180113391938,0.7788534214099249,0.8425011634826656,0.28063929557800327,2.875,1.8499999999999979,2.0,0.8333333333333334,,,,,,,,,TargetSelected_val_calibrated_riskfirst_evt_pool_paper_weights,0.40600147735868225,0.23049750633480967,0.0730071830431506,0.3170731707317075
muswellbrook,RiskFirst_TCN_Empirical,1.532368868113167,15.992320539484083,1.1647910201669829,8.75,4.291666666666667,0.6666666666666666,0.25992799389468135,20,C:\Users\13411\MyPython\project\ExtremeScene\results\duration_aware_riskfirst\formal\muswellbrook\generated_samples_RiskFirst_TCN_Empirical.npy,0.8716807964223404,0.1366332709760875,0.2925753163993599,0.6257917376718038,0.3126608309176207,0.2203319776954883,0.6803113810259742,0.5546273280527055,0.2801503429675833,0.7259279717067061,0.3346404766488045,0.2643525456874772,0.2305311912951494,19.66975857368351,0.005909855490213,12.42915309870736,0.0304122788998323,0.2914244700223207,1.0873653548955913,0.2305630025326136,3.849999999999998,3.229999999999997,9.023816761574048,16.057257732907825,1.3668627987305324,2.740933465957642,2.204937543869019,2.958333333333333,1.0,0.2300000000000004,0.8333333333333334,0.7891632615127255,0.4011201319620109,0.2607387533470199,0.2000869284661073,12.710789087315346,8.331468056602958,0.4488372940570116,5.0,RiskFirst_TCN_Empirical,0.024592104867047868,0.4075649298071664,0.14063572909161956,0.6341463414634146
muswellbrook,TargetSelected_empirical_rf_duration_pool_duration_guard,23.63941048210198,11.368621051780543,1.1880165039619897,7.208333333333333,,0.5416666666666666,0.2614108967227443,21,C:\Users\13411\MyPython\project\ExtremeScene\results\method_pool_risk_target_selection_expanded_fast\muswellbrook\generated_samples_TargetSelected_empirical_rf_duration_pool_duration_guard.npy,0.4917320631168508,0.08853307620757032,0.03391170170650407,0.6414738525808963,0.35804124088962364,0.218743264671079,0.4185853144178543,0.23939978519306812,0.02334603228165415,0.5172637433718671,0.22865803409675403,0.0920003328864124,0.155556482172109,22.252606457805815,0.16371748815992396,14.485868022991625,0.011815271218167875,0.4437113795429468,0.6787274232506748,0.08847184980902616,4.699999999999996,2.6999999999999957,9.1303048326554,12.87303586035964,0.9186694572369257,0.8939520835876467,0.34757674217224155,2.875,1.8499999999999979,2.0,0.875,,,,,,,,,TargetSelected_empirical_rf_duration_pool_duration_guard,0.40600147735868225,0.23049750633480967,0.17208870889781136,0.18292682926829268
muswellbrook,TargetSelected_empirical_rf_duration_pool_q99_guard,23.63941048210198,11.368621051780543,1.1880165039619897,7.208333333333333,,0.5416666666666666,0.2614108967227443,21,C:\Users\13411\MyPython\project\ExtremeScene\results\method_pool_risk_target_selection_expanded_fast\muswellbrook\generated_samples_TargetSelected_empirical_rf_duration_pool_q99_guard.npy,0.4917320631168508,0.08853307620757032,0.03391170170650407,0.6414738525808963,0.35804124088962364,0.218743264671079,0.4185853144178543,0.23939978519306812,0.02334603228165415,0.5172637433718671,0.22865803409675403,0.0920003328864124,0.155556482172109,22.252606457805815,0.16371748815992396,14.485868022991625,0.011815271218167875,0.4437113795429468,0.6787274232506748,0.08847184980902616,4.699999999999996,2.6999999999999957,9.1303048326554,12.87303586035964,0.9186694572369257,0.8939520835876467,0.34757674217224155,2.875,1.8499999999999979,2.0,0.875,,,,,,,,,TargetSelected_empirical_rf_duration_pool_q99_guard,0.40600147735868225,0.23049750633480967,0.17208870889781136,0.18292682926829268
muswellbrook,TargetSelected_val_calibrated_rf_duration_pool_paper_weights,23.63941048210198,11.368621051780543,1.18169677000454,7.291666666666667,,0.5416666666666666,0.2629298173339221,23,C:\Users\13411\MyPython\project\ExtremeScene\results\method_pool_risk_target_selection_expanded_fast\muswellbrook\generated_samples_TargetSelected_val_calibrated_rf_duration_pool_paper_weights.npy,0.5540339703913089,0.10197237697598462,0.0632562655653046,0.6338404490164034,0.33804883063015184,0.21254113296568541,0.43361670482735704,0.257792315757451,0.0699580417097291,0.5404970414116897,0.23260450778786246,0.11525181341357303,0.1746502415821266,21.811376115491154,0.16571448301341377,14.485868022991625,0.038477883612645924,0.4437113795429468,0.6787274232506748,0.03485254689446481,0.30000000000000426,3.8500000000000014,8.52444032400762,12.87303586035964,0.8688288877407709,0.8939520835876467,0.34757674217224155,2.6666666666666665,1.8499999999999979,2.0,0.875,,,,,,,,,TargetSelected_val_calibrated_rf_duration_pool_paper_weights,0.40600147735868225,0.23049750633480967,0.16353024500105914,0.20731707317073186
muswellbrook,TargetSelected_val_calibrated_riskfirst_evt_pool_duration_guard,23.63941048210198,11.368621051780543,1.1355166920208528,7.666666666666667,,0.5,0.26375845474351883,24,C:\Users\13411\MyPython\project\ExtremeScene\results\method_pool_risk_target_selection_expanded_fast\muswellbrook\generated_samples_TargetSelected_val_calibrated_riskfirst_evt_pool_duration_guard.npy,0.4511153079845288,0.09630410840714286,0.022240310341371205,0.5822256830589916,0.2753865533160687,0.20413747166925814,0.37252536833388905,0.1928354901393753,0.03912032684311178,0.46862211979246987,0.1881753839541956,0.0884993696179137,0.13434026994840392,22.401529333245538,0.11047500456456287,12.585052257152157,0.008331372794376447,0.4437113795429468,0.6787274232506748,0.042895442331649006,2.849999999999998,3.1599999999999966,9.156266009157557,12.87303586035964,0.8002810627222061,0.8425011634826656,0.28063929557800327,3.0,1.8499999999999979,2.0,0.8333333333333334,,,,,,,,,TargetSelected_val_calibrated_riskfirst_evt_pool_duration_guard,0.40600147735868225,0.23049750633480967,0.10099113610286055,0.3170731707317075
muswellbrook,DurationAware_RiskFirst_TCN_Empirical,23.63941048210198,11.368621051780543,1.2303453024845414,7.0,3.0416666666666665,0.5416666666666666,0.26659543913780037,25,C:\Users\13411\MyPython\project\ExtremeScene\results\duration_aware_riskfirst\formal\muswellbrook\generated_samples_DurationAware_RiskFirst_TCN_Empirical.npy,0.5002590439937733,0.0960136798245526,0.0425441229214486,0.6448962707762366,0.3674479761329007,0.2204065223645232,0.4192161933991952,0.2378314733541456,0.0249569242699162,0.5214571693897351,0.2337643764371997,0.0959691898519627,0.1526665790945698,22.05875979379798,0.181119550944293,14.485868022991625,0.0015818523777451,0.4437113795429468,0.6787274232506748,0.1179624664120348,4.699999999999996,2.699999999999996,9.149858986590669,12.87303586035964,0.8798061360915502,0.8746991872787477,0.3475767421722415,2.833333333333333,1.8499999999999976,2.0,0.875,0.6990697674992218,0.3397939123723312,0.0837387378588973,0.2145805980382861,26.15069820044464,38.06656521408176,0.506615747883916,5.4,DurationAware_RiskFirst_TCN_Empirical,0.40600147735868225,0.23049750633480967,0.22941224441169425,0.1219512195121952
muswellbrook,TargetSelected_val_calibrated_riskfirst_evt_pool_q99_guard,23.63941048210198,11.368621051780543,1.1366860712005291,7.75,,0.5416666666666666,0.2678128976106307,26,C:\Users\13411\MyPython\project\ExtremeScene\results\method_pool_risk_target_selection_expanded_fast\muswellbrook\generated_samples_TargetSelected_val_calibrated_riskfirst_evt_pool_q99_guard.npy,0.411965306158419,0.09545949841662281,0.02115165449094372,0.5526191265477489,0.24547698154546807,0.1908259104290051,0.35718790058839056,0.17629392343768227,0.04019432993524657,0.4405907777648528,0.17241013446659104,0.08405729828506513,0.1297910796604348,23.632530750143626,0.07664388390730541,12.585052257152157,0.001946369349747242,0.4437113795429468,0.6787274232506748,0.03753351204019284,2.849999999999998,3.1599999999999966,9.674705411349777,12.869180113391938,0.8089709430932999,0.8425011634826656,0.28063929557800327,3.0833333333333335,1.8499999999999979,2.0,0.8333333333333334,,,,,,,,,TargetSelected_val_calibrated_riskfirst_evt_pool_q99_guard,0.40600147735868225,0.23049750633480967,0.10257476122984487,0.3414634146341464
muswellbrook,TargetSelected_val_calibrated_rf_duration_pool_duration_guard,23.63941048210198,11.368621051780543,1.2035300370674424,7.375,,0.5416666666666666,0.27398024846596153,27,C:\Users\13411\MyPython\project\ExtremeScene\results\method_pool_risk_target_selection_expanded_fast\muswellbrook\generated_samples_TargetSelected_val_calibrated_rf_duration_pool_duration_guard.npy,0.5118473023176193,0.09576211926545615,0.024554219515264538,0.6404622214397899,0.3540606990514251,0.2194761154438063,0.42032305103179246,0.244757945823896,0.0324606214175495,0.5242108582630672,0.2315269213802591,0.09216365212554012,0.16260758498461728,22.22991310088393,0.1642994405069652,14.485868022991625,0.01556582610052032,0.4437113795429468,0.6787274232506748,0.07774798922611381,4.699999999999996,2.6999999999999957,8.873109538752049,12.87303586035964,0.898946409424146,0.8939520835876467,0.34757674217224155,2.875,1.8499999999999979,2.0,0.875,,,,,,,,,TargetSelected_val_calibrated_rf_duration_pool_duration_guard,0.40600147735868225,0.23049750633480967,0.1930978231877534,0.2317073170731708
muswellbrook,TargetSelected_val_calibrated_rf_duration_pool_q99_guard,23.63941048210198,11.368621051780543,1.2035300370674424,7.375,,0.5416666666666666,0.27398024846596153,27,C:\Users\13411\MyPython\project\ExtremeScene\results\method_pool_risk_target_selection_expanded_fast\muswellbrook\generated_samples_TargetSelected_val_calibrated_rf_duration_pool_q99_guard.npy,0.5118473023176193,0.09576211926545615,0.024554219515264538,0.6404622214397899,0.3540606990514251,0.2194761154438063,0.42032305103179246,0.244757945823896,0.0324606214175495,0.5242108582630672,0.2315269213802591,0.09216365212554012,0.16260758498461728,22.22991310088393,0.1642994405069652,14.485868022991625,0.01556582610052032,0.4437113795429468,0.6787274232506748,0.07774798922611381,4.699999999999996,2.6999999999999957,8.873109538752049,12.87303586035964,0.898946409424146,0.8939520835876467,0.34757674217224155,2.875,1.8499999999999979,2.0,0.875,,,,,,,,,TargetSelected_val_calibrated_rf_duration_pool_q99_guard,0.40600147735868225,0.23049750633480967,0.1930978231877534,0.2317073170731708
muswellbrook,TargetSelected_val_calibrated_ganfix_model_pool_global_main,9.401117397376268,9.520738683882861,1.2825479810805216,9.458333333333334,,0.375,0.29727100428733066,29,C:\Users\13411\MyPython\project\ExtremeScene\results\method_pool_risk_target_selection_expanded_fast\muswellbrook\generated_samples_TargetSelected_val_calibrated_ganfix_model_pool_global_main.npy,0.6729834179083507,0.08542162567648662,0.03211140236347734,0.4147020470937369,0.12370903783789121,0.1306795463250721,0.23477102933993926,0.11387323601944858,0.02583273652055637,0.44081883144734224,0.10766796651127547,0.0628745617363686,0.07059271371422739,34.58836970700114,0.3459758659058895,5.971893508031698,0.08258450007648754,0.7328108455985767,0.21703101605176833,0.2171581768039734,3.849999999999998,4.770000000000003,15.238262303151204,5.110608309131926,0.9964233090480169,1.097715163230896,1.498683466911316,3.3333333333333335,0.15000000000000213,1.5399999999999991,0.7083333333333334,,,,,,,,,TargetSelected_val_calibrated_ganfix_model_pool_global_main,0.1603504071874096,0.15973171140505504,0.3001074260578773,0.8414634146341465
muswellbrook,TargetSelected_val_calibrated_targeted_expanded_pool_q99_guard,13.660151969728929,11.759564965240322,1.3351094510774904,8.041666666666666,,0.4166666666666667,0.30063646009685696,30,C:\Users\13411\MyPython\project\ExtremeScene\results\method_pool_risk_target_selection_expanded_fast\muswellbrook\generated_samples_TargetSelected_val_calibrated_targeted_expanded_pool_q99_guard.npy,0.5241201770733352,0.05249457693436116,0.035676814414800986,0.33387752133421605,0.094642837314217,0.1060248852643495,0.262507969158041,0.1147173517449723,0.014484541979957638,0.3735018891885307,0.08728492199785015,0.05206208055303604,0.11914065057550495,29.836747518880816,0.35891067908221286,5.601079461900227,0.11357421779332257,0.01725467704236472,1.1512489572167395,0.1420911527235875,2.5499999999999936,4.539999999999999,11.204274724832194,14.829595029685656,1.0548162211974461,1.3190092563629152,0.9429167556762699,3.375,2.0,2.0,0.7083333333333334,,,,,,,,,TargetSelected_val_calibrated_targeted_expanded_pool_q99_guard,0.2338308724629307,0.2454689446089922,0.37128849892551063,0.4268292682926828
muswellbrook,targeted_seed45_Expanded_ValSelected_Model_Ensemble,8.070168585483827,12.305375735370312,1.2759433926451795,9.208333333333334,,0.3333333333333333,0.3091623596471431,31,C:\Users\13411\MyPython\project\ExtremeScene\results\targeted_expanded_pool_multiseed\seed45\expanded_pool\muswellbrook\generated_samples_Expanded_ValSelected_Model_Ensemble.npy,0.9689927854471738,0.07627443908627635,0.040207583812585906,0.24201376200653613,0.054609334593333794,0.04996371267794907,0.04720290377481877,0.022129664788701355,0.06209037406709639,0.41940315040950954,0.051004479489437156,0.05075389018587712,0.08390946065691643,34.61339414231646,0.40130740824582456,8.327573060966671,0.17018819304997984,0.5139480497688051,0.7390525040030473,0.26541554942707857,1.3000000000000043,1.7700000000000031,15.457710624583294,3.621439900411822,1.1649480412403743,1.3756299734115602,1.2144667673110967,3.125,0.15000000000000213,0.0,0.6666666666666666,,,,,,,,,targeted_seed45_Expanded_ValSelected_Model_Ensemble,0.13738775302380762,0.2663711046709518,0.29116319959876336,0.7682926829268295
muswellbrook,targeted_seed45_Expanded_ValSelected_Model_Ensemble_Margin_0.05,8.070168585483827,12.305375735370312,1.2759433926451795,9.208333333333334,,0.3333333333333333,0.3091623596471431,31,C:\Users\13411\MyPython\project\ExtremeScene\results\targeted_expanded_pool_multiseed\seed45\expanded_pool\muswellbrook\generated_samples_Expanded_ValSelected_Model_Ensemble_Margin_0.05.npy,0.9689927854471738,0.07627443908627635,0.040207583812585906,0.24201376200653613,0.054609334593333794,0.04996371267794907,0.04720290377481877,0.022129664788701355,0.06209037406709639,0.41940315040950954,0.051004479489437156,0.05075389018587712,0.08390946065691643,34.61339414231646,0.40130740824582456,8.327573060966671,0.17018819304997984,0.5139480497688051,0.7390525040030473,0.26541554942707857,1.3000000000000043,1.7700000000000031,15.457710624583294,3.621439900411822,1.1649480412403743,1.3756299734115602,1.2144667673110967,3.125,0.15000000000000213,0.0,0.6666666666666666,,,,,,,,,targeted_seed45_Expanded_ValSelected_Model_Ensemble_Margin_0.05,0.13738775302380762,0.2663711046709518,0.29116319959876336,0.7682926829268295
muswellbrook,targeted_seed45_TailWeighted_Month_EVT_Copula_Risk_Selection_Fixed,8.070168585483827,12.305375735370312,1.2759433926451795,9.208333333333334,,0.3333333333333333,0.3091623596471431,31,C:\Users\13411\MyPython\project\ExtremeScene\results\targeted_expanded_pool_multiseed\seed45\expanded_pool\muswellbrook\generated_samples_TailWeighted_Month_EVT_Copula_Risk_Selection_Fixed.npy,0.9689927854471738,0.07627443908627635,0.040207583812585906,0.24201376200653613,0.054609334593333794,0.04996371267794907,0.04720290377481877,0.022129664788701355,0.06209037406709639,0.41940315040950954,0.051004479489437156,0.05075389018587712,0.08390946065691643,34.61339414231646,0.40130740824582456,8.327573060966671,0.17018819304997984,0.5139480497688051,0.7390525040030473,0.26541554942707857,1.3000000000000043,1.7700000000000031,15.457710624583294,3.621439900411822,1.1649480412403743,1.3756299734115602,1.2144667673110967,3.125,0.15000000000000213,0.0,0.6666666666666666,,,,,,,,,targeted_seed45_TailWeighted_Month_EVT_Copula_Risk_Selection_Fixed,0.13738775302380762,0.2663711046709518,0.29116319959876336,0.7682926829268295
muswellbrook,TargetSelected_val_calibrated_ganfix_model_pool_global_q99,7.771320433766277,23.55359541238731,1.0699400269174173,8.291666666666666,,0.4583333333333333,0.3268541931766833,34,C:\Users\13411\MyPython\project\ExtremeScene\results\method_pool_risk_target_selection_expanded_fast\muswellbrook\generated_samples_TargetSelected_val_calibrated_ganfix_model_pool_global_q99.npy,0.39858915408452356,0.06175527036550382,0.022752316154585967,0.37622859290611277,0.09573074514567448,0.13197883752722364,0.23354941589798695,0.0992956929239064,0.027199322095259323,0.3361223876295411,0.08559390281169489,0.06064349192568965,0.08023405739835718,27.275963016744083,0.22147944661639726,3.123178771739802,0.03764356211175576,0.44265078045427764,1.7424958750605573,0.08310991951756999,3.849999999999998,4.770000000000003,13.134198647792475,13.377651842896462,0.9322715848684311,1.1009212255477907,1.5676465272903441,3.375,2.0,3.539999999999999,0.75,,,,,,,,,TargetSelected_val_calibrated_ganfix_model_pool_global_q99,0.13223177204692513,0.6971286143571365,0.012184309021859437,0.4999999999999999
muswellbrook,ganfix_TransformerVAE_Augmented_TailWeighted_Copula,8.95201435828541,15.588403982619731,1.2208363059035037,9.458333333333334,,0.4166666666666667,0.3437628365191657,35,C:\Users\13411\MyPython\project\ExtremeScene\results\model_pool_experiments_new_machine_margin_formal50_ganfix\muswellbrook\generated_samples_TransformerVAE_Augmented_TailWeighted_Copula.npy,0.6837332196257733,0.06552743799304829,0.006969414784471709,0.307216770403708,0.08327207725208062,0.08986333361195471,0.17228177135367814,0.03247238014357109,0.11899683853928789,0.3877439204610531,0.060423965129566666,0.0719431956452381,0.06655820796044803,34.54858733220677,0.3799920758942154,4.286683097678093,0.17193706660069685,0.7226873602718102,0.2308507165312763,0.28150134030144697,1.1500000000000021,0.23000000000000043,14.720031393726744,1.7269554422162798,1.317686602473259,1.287045884132385,1.061385111808777,2.9583333333333335,0.15000000000000213,1.5399999999999991,0.625,,,,,,,,,ganfix_TransformerVAE_Augmented_TailWeighted_Copula,0.15260210185942122,0.39209669615314086,0.2165347396811005,0.8414634146341465
muswellbrook,targeted_seed47_Conditional_Transformer_Risk_Generator,18.994225000331298,17.093535542629304,1.2145637662518614,8.208333333333334,,0.25,0.35603014480457656,36,C:\Users\13411\MyPython\project\ExtremeScene\results\targeted_expanded_pool_multiseed\seed47\expanded_pool\muswellbrook\generated_samples_Conditional_Transformer_Risk_Generator.npy,0.5349121733948037,0.05403007416778583,0.08256597384130686,0.12544957531995518,0.032947547961161984,0.05604504422309466,0.048903635291565106,0.07262544486492171,0.012420025918480968,0.23642179466877464,0.05320102233128984,0.05034368132762749,0.09102974187919707,34.390830616450486,0.26324892385234483,15.521801050139672,0.11864259972249551,0.15713391564786505,1.271180135905742,0.06166219835174554,2.150000000000002,2.0,12.690903227363952,2.95010985782244,0.9115453908840815,0.9277453660964969,0.3487656831741339,3.0833333333333335,1.0,1.7699999999999996,0.6666666666666666,,,,,,,,,targeted_seed47_Conditional_Transformer_Risk_Generator,0.3258588101196472,0.4497366375088867,0.20804018840552888,0.4756097560975612
muswellbrook,targeted_seed47_Expanded_ValSelected_Model_Ensemble,18.994225000331298,17.093535542629304,1.2145637662518614,8.208333333333334,,0.25,0.35603014480457656,36,C:\Users\13411\MyPython\project\ExtremeScene\results\targeted_expanded_pool_multiseed\seed47\expanded_pool\muswellbrook\generated_samples_Expanded_ValSelected_Model_Ensemble.npy,0.5349121733948037,0.05403007416778583,0.08256597384130686,0.12544957531995518,0.032947547961161984,0.05604504422309466,0.048903635291565106,0.07262544486492171,0.012420025918480968,0.23642179466877464,0.05320102233128984,0.05034368132762749,0.09102974187919707,34.390830616450486,0.26324892385234483,15.521801050139672,0.11864259972249551,0.15713391564786505,1.271180135905742,0.06166219835174554,2.150000000000002,2.0,12.690903227363952,2.95010985782244,0.9115453908840815,0.9277453660964969,0.3487656831741339,3.0833333333333335,1.0,1.7699999999999996,0.6666666666666666,,,,,,,,,targeted_seed47_Expanded_ValSelected_Model_Ensemble,0.3258588101196472,0.4497366375088867,0.20804018840552888,0.4756097560975612
muswellbrook,targeted_seed47_Expanded_ValSelected_Model_Ensemble_Margin_0.05,18.994225000331298,17.093535542629304,1.2145637662518614,8.208333333333334,,0.25,0.35603014480457656,36,C:\Users\13411\MyPython\project\ExtremeScene\results\targeted_expanded_pool_multiseed\seed47\expanded_pool\muswellbrook\generated_samples_Expanded_ValSelected_Model_Ensemble_Margin_0.05.npy,0.5349121733948037,0.05403007416778583,0.08256597384130686,0.12544957531995518,0.032947547961161984,0.05604504422309466,0.048903635291565106,0.07262544486492171,0.012420025918480968,0.23642179466877464,0.05320102233128984,0.05034368132762749,0.09102974187919707,34.390830616450486,0.26324892385234483,15.521801050139672,0.11864259972249551,0.15713391564786505,1.271180135905742,0.06166219835174554,2.150000000000002,2.0,12.690903227363952,2.95010985782244,0.9115453908840815,0.9277453660964969,0.3487656831741339,3.0833333333333335,1.0,1.7699999999999996,0.6666666666666666,,,,,,,,,targeted_seed47_Expanded_ValSelected_Model_Ensemble_Margin_0.05,0.3258588101196472,0.4497366375088867,0.20804018840552888,0.4756097560975612
muswellbrook,ganfix_Conditional_Transformer_Risk_Generator,16.802371967998482,20.873332692962165,1.1412663302132084,8.125,,0.2916666666666667,0.3596361372881171,39,C:\Users\13411\MyPython\project\ExtremeScene\results\model_pool_experiments_new_machine_margin_formal50_ganfix\muswellbrook\generated_samples_Conditional_Transformer_Risk_Generator.npy,0.7963609706472468,0.0825726354367223,0.05430331023918187,0.23823356960632808,0.06434844571679443,0.08746687266377629,0.05698477646098954,0.09784174060051809,0.014199104816015884,0.36385977223818805,0.08158760725134494,0.051989762572991344,0.04105344161630622,32.962857909626656,0.2955446695384798,8.459865757985483,0.12948635512163026,0.009573119506240069,1.559632817804812,0.09919571039193838,0.15000000000000213,0.0,14.63544024266026,7.1370725017259815,0.8731235414743423,0.44460208415985125,0.39024942398071305,2.9166666666666665,1.0,1.7699999999999996,0.5833333333333334,,,,,,,,,ganfix_Conditional_Transformer_Risk_Generator,0.2880431084869625,0.5944863005087214,0.10877755104057436,0.451219512195122
muswellbrook,ganfix_ValSelected_Model_Ensemble,16.802371967998482,20.873332692962165,1.1412663302132084,8.125,,0.2916666666666667,0.3596361372881171,39,C:\Users\13411\MyPython\project\ExtremeScene\results\model_pool_experiments_new_machine_margin_formal50_ganfix\muswellbrook\generated_samples_ValSelected_Model_Ensemble.npy,0.7963609706472468,0.0825726354367223,0.05430331023918187,0.23823356960632808,0.06434844571679443,0.08746687266377629,0.05698477646098954,0.09784174060051809,0.014199104816015884,0.36385977223818805,0.08158760725134494,0.051989762572991344,0.04105344161630622,32.962857909626656,0.2955446695384798,8.459865757985483,0.12948635512163026,0.009573119506240069,1.559632817804812,0.09919571039193838,0.15000000000000213,0.0,14.63544024266026,7.1370725017259815,0.8731235414743423,0.44460208415985125,0.39024942398071305,2.9166666666666665,1.0,1.7699999999999996,0.5833333333333334,,,,,,,,,ganfix_ValSelected_Model_Ensemble,0.2880431084869625,0.5944863005087214,0.10877755104057436,0.451219512195122
muswellbrook,ganfix_ValSelected_Model_Ensemble_Margin_0.00,16.802371967998482,20.873332692962165,1.1412663302132084,8.125,,0.2916666666666667,0.3596361372881171,39,C:\Users\13411\MyPython\project\ExtremeScene\results\model_pool_experiments_new_machine_margin_formal50_ganfix\muswellbrook\generated_samples_ValSelected_Model_Ensemble_Margin_0.00.npy,0.7963609706472468,0.0825726354367223,0.05430331023918187,0.23823356960632808,0.06434844571679443,0.08746687266377629,0.05698477646098954,0.09784174060051809,0.014199104816015884,0.36385977223818805,0.08158760725134494,0.051989762572991344,0.04105344161630622,32.962857909626656,0.2955446695384798,8.459865757985483,0.12948635512163026,0.009573119506240069,1.559632817804812,0.09919571039193838,0.15000000000000213,0.0,14.63544024266026,7.1370725017259815,0.8731235414743423,0.44460208415985125,0.39024942398071305,2.9166666666666665,1.0,1.7699999999999996,0.5833333333333334,,,,,,,,,ganfix_ValSelected_Model_Ensemble_Margin_0.00,0.2880431084869625,0.5944863005087214,0.10877755104057436,0.451219512195122
muswellbrook,ganfix_ValSelected_Model_Ensemble_Margin_0.05,16.802371967998482,20.873332692962165,1.1412663302132084,8.125,,0.2916666666666667,0.3596361372881171,39,C:\Users\13411\MyPython\project\ExtremeScene\results\model_pool_experiments_new_machine_margin_formal50_ganfix\muswellbrook\generated_samples_ValSelected_Model_Ensemble_Margin_0.05.npy,0.7963609706472468,0.0825726354367223,0.05430331023918187,0.23823356960632808,0.06434844571679443,0.08746687266377629,0.05698477646098954,0.09784174060051809,0.014199104816015884,0.36385977223818805,0.08158760725134494,0.051989762572991344,0.04105344161630622,32.962857909626656,0.2955446695384798,8.459865757985483,0.12948635512163026,0.009573119506240069,1.559632817804812,0.09919571039193838,0.15000000000000213,0.0,14.63544024266026,7.1370725017259815,0.8731235414743423,0.44460208415985125,0.39024942398071305,2.9166666666666665,1.0,1.7699999999999996,0.5833333333333334,,,,,,,,,ganfix_ValSelected_Model_Ensemble_Margin_0.05,0.2880431084869625,0.5944863005087214,0.10877755104057436,0.451219512195122
muswellbrook,ganfix_ValSelected_Model_Ensemble_Margin_0.10,16.802371967998482,20.873332692962165,1.1412663302132084,8.125,,0.2916666666666667,0.3596361372881171,39,C:\Users\13411\MyPython\project\ExtremeScene\results\model_pool_experiments_new_machine_margin_formal50_ganfix\muswellbrook\generated_samples_ValSelected_Model_Ensemble_Margin_0.10.npy,0.7963609706472468,0.0825726354367223,0.05430331023918187,0.23823356960632808,0.06434844571679443,0.08746687266377629,0.05698477646098954,0.09784174060051809,0.014199104816015884,0.36385977223818805,0.08158760725134494,0.051989762572991344,0.04105344161630622,32.962857909626656,0.2955446695384798,8.459865757985483,0.12948635512163026,0.009573119506240069,1.559632817804812,0.09919571039193838,0.15000000000000213,0.0,14.63544024266026,7.1370725017259815,0.8731235414743423,0.44460208415985125,0.39024942398071305,2.9166666666666665,1.0,1.7699999999999996,0.5833333333333334,,,,,,,,,ganfix_ValSelected_Model_Ensemble_Margin_0.10,0.2880431084869625,0.5944863005087214,0.10877755104057436,0.451219512195122
muswellbrook,TargetSelected_val_calibrated_all_method_pool_global_q99,9.540061713783018,23.55359541238731,1.0924424494054013,9.291666666666666,,0.3333333333333333,0.38752982272089376,44,C:\Users\13411\MyPython\project\ExtremeScene\results\method_pool_risk_target_selection_expanded_fast\muswellbrook\generated_samples_TargetSelected_val_calibrated_all_method_pool_global_q99.npy,0.5755306170494469,0.06341403799594024,0.027046084221624203,0.33687678311899716,0.08888205697566755,0.11567189296955378,0.2579733098963246,0.10166372015952702,0.03256675179646912,0.39012690335492284,0.08465327171037827,0.05842824299588237,0.10949693677664246,32.203705805875835,0.388135825372112,6.485383373013178,0.08434352035289744,0.01725467704236472,1.2007018485665313,0.19034852534669267,3.849999999999998,4.770000000000003,12.689580332631424,13.72003496534062,1.0357788254817326,1.1009212255477907,0.6266296958923343,3.375,2.0,3.539999999999999,0.7083333333333334,,,,,,,,,TargetSelected_val_calibrated_all_method_pool_global_q99,0.16274759200559186,0.6971286143571365,0.042658087150740355,0.7926829268292681
muswellbrook,TargetSelected_val_calibrated_targeted_expanded_pool_global_main,9.540061713783018,21.696296986752017,1.1309128526966863,9.625,,0.375,0.3938506338715009,45,C:\Users\13411\MyPython\project\ExtremeScene\results\method_pool_risk_target_selection_expanded_fast\muswellbrook\generated_samples_TargetSelected_val_calibrated_targeted_expanded_pool_global_main.npy,0.6207351016777534,0.0814720015531795,0.02284534725413433,0.4286207518242817,0.121294389990102,0.13020973659076981,0.22259437057426923,0.0865355852314081,0.025524111202630446,0.42398340802543477,0.09643399225822986,0.0595263983491782,0.0852045564352905,34.51290994730069,0.33033411886302233,6.101856051566173,0.0737443044165584,0.508983808383344,0.5225936737656589,0.19034852534669267,3.849999999999998,3.229999999999997,13.737353400340199,5.533905370612565,0.9527618835369746,1.1811530590057364,1.6927783012390134,3.125,1.0,1.0,0.5833333333333334,,,,,,,,,TargetSelected_val_calibrated_targeted_expanded_pool_global_main,0.16274759200559186,0.626002225689121,0.0947564127889336,0.8902439024390244
muswellbrook,TargetSelected_val_calibrated_all_method_pool_global_main,9.540061713783018,22.91553329126379,1.1171048363418474,9.416666666666666,,0.3333333333333333,0.3940368573016849,46,C:\Users\13411\MyPython\project\ExtremeScene\results\method_pool_risk_target_selection_expanded_fast\muswellbrook\generated_samples_TargetSelected_val_calibrated_all_method_pool_global_main.npy,0.6507496916585498,0.07380698893647726,0.035253684224521194,0.43533498258114345,0.1265542034913996,0.14366119437648786,0.20131343140005142,0.07995667173162892,0.021259571885983385,0.42913270187991487,0.09343928805316859,0.06672481682899747,0.09997090505371739,33.701069540430545,0.32732287413095323,3.473148099945149,0.06901655055049624,0.508983808383344,0.5225936737656589,0.21447721165824526,0.4500000000000064,1.5399999999999991,14.05357625730418,10.758010507148384,0.9580808828274409,1.2521570682525636,1.6927783012390134,3.0416666666666665,0.8499999999999979,1.7699999999999996,0.625,,,,,,,,,TargetSelected_val_calibrated_all_method_pool_global_main,0.16274759200559186,0.6726936319143735,0.07605698489302543,0.8292682926829267
muswellbrook,ganfix_TailWeighted_Month_EVT_Copula_Risk_Selection_Fixed,10.657310118523,19.318842627760404,1.3719031598787599,8.291666666666666,,0.375,0.39537287788597164,47,C:\Users\13411\MyPython\project\ExtremeScene\results\model_pool_experiments_new_machine_margin_formal50_ganfix\muswellbrook\generated_samples_TailWeighted_Month_EVT_Copula_Risk_Selection_Fixed.npy,0.6560101797459302,0.053305193939876094,0.0359835752485671,0.2245882814318907,0.05186291885962912,0.08876833068242584,0.16718386469144914,0.03277371872658765,0.10356513714315367,0.3492607752897567,0.045980610508697624,0.07610568102471554,0.11244850504704601,31.076209669714142,0.32942878274232124,14.807828141769406,0.2141903692123403,0.8552281569689502,0.6698389714956274,0.2332439676783418,1.0,0.23000000000000043,14.81645277111331,10.845597685248897,1.2258442093928654,0.9391178369522097,0.6315190458297733,2.7916666666666665,1.0,2.539999999999999,0.75,,,,,,,,,ganfix_TailWeighted_Month_EVT_Copula_Risk_Selection_Fixed,0.18202330607035896,0.534956144755593,0.42111617055274425,0.4999999999999999
muswellbrook,TargetSelected_val_calibrated_targeted_expanded_pool_global_q99,9.540061713783018,23.96716858472795,1.1354985947158032,9.041666666666666,,0.375,0.3958827600694003,48,C:\Users\13411\MyPython\project\ExtremeScene\results\method_pool_risk_target_selection_expanded_fast\muswellbrook\generated_samples_TargetSelected_val_calibrated_targeted_expanded_pool_global_q99.npy,0.5787747883134418,0.05848039979685146,0.030482259698593375,0.3393173708701161,0.09582998481187804,0.11109950282581588,0.25420342895197506,0.1025261515874397,0.027158920405797246,0.3907651960451776,0.0856121787320564,0.05624689431006883,0.11744842815820661,32.701947474197,0.38437316300691077,6.485383373013178,0.08671341925285354,0.01725467704236472,1.2007018485665313,0.17962466476378033,3.849999999999998,4.770000000000003,12.697130713828878,15.156255211273198,1.066983347137769,1.2582327365875243,0.7016570854187014,3.4166666666666665,2.0,3.539999999999999,0.625,,,,,,,,,TargetSelected_val_calibrated_targeted_expanded_pool_global_q99,0.16274759200559186,0.7129666540563855,0.1009666279300579,0.7195121951219511
muswellbrook,targeted_seed45_RiskKNN_Bootstrap_Generator,26.6256877981629,16.540938975203026,1.2454045260383282,8.791666666666666,,0.5,0.4252321085159096,49,C:\Users\13411\MyPython\project\ExtremeScene\results\targeted_expanded_pool_multiseed\seed45\expanded_pool\muswellbrook\generated_samples_RiskKNN_Bootstrap_Generator.npy,0.45803348057799875,0.06482900786964994,0.053833299105401966,0.41584481964862247,0.10669548673082878,0.07326902028107542,0.08823376243011202,0.03981138358755696,0.06962987879489185,0.32070402088557776,0.07044529272934523,0.06557739939378975,0.09945839002747903,29.54782085189591,0.25856487852585597,18.01095913713496,0.06300316082107742,0.1528143201023333,1.8066314503550522,0.22252010709542946,1.3000000000000043,1.0,13.72593443513506,0.9949244806545678,1.0487375905116398,0.7787266731262208,0.4754894065856936,3.125,0.8499999999999979,0.23000000000000043,0.6666666666666666,,,,,,,,,targeted_seed45_RiskKNN_Bootstrap_Generator,0.4575232583863196,0.4285746111544366,0.24980611256595048,0.646341463414634
muswellbrook,ordinary_conditional_tcn,13.326988388992078,25.87056483446814,1.380067699191083,7.25,4.416666666666667,0.2916666666666667,0.4414939026008273,50,C:\Users\13411\MyPython\project\ExtremeScene\results\expanded_model_pool_formal50\muswellbrook\generated_samples_Conditional_TCN_Risk_Generator.npy,0.5137170175159418,0.057473658090985,0.0685239689111145,0.4747164839257797,0.1978649007125032,0.0910406249930346,0.4138533644126828,0.288437478577857,0.0256679395546053,0.4674289552848014,0.1812586791271151,0.0617441778195848,0.2275804729538329,32.745098196034064,0.3474180841380028,12.768233234020627,0.1256112438348641,0.0908010032027952,1.058500802218913,0.0857908846632981,3.849999999999998,4.0,12.381154613398238,11.133059891526225,0.7368779728809992,0.2968436717987064,0.2119198083877558,2.875,2.0,3.539999999999999,0.6666666666666666,0.6557364781960602,0.2763286664149054,0.0783894288755562,0.1982544733338106,27.1500857633686,54.523506138424736,0.8341155488044023,6.8,ordinary_conditional_tcn,0.22808285269236578,0.7858583873285743,0.43217295164647396,0.19512195121951226
muswellbrook,targeted_seed45_Conditional_TCN_Risk_Generator,18.221222195054224,23.35943765022609,1.3639101377436116,7.458333333333333,,0.3333333333333333,0.44165221114042064,51,C:\Users\13411\MyPython\project\ExtremeScene\results\targeted_expanded_pool_multiseed\seed45\expanded_pool\muswellbrook\generated_samples_Conditional_TCN_Risk_Generator.npy,0.43904944536862545,0.051933762389735086,0.0436951861057528,0.3595357294435855,0.11523386308472758,0.08617345068939174,0.3807591581396789,0.23427555355614715,0.01784747680229258,0.3931147776506299,0.1338143930102033,0.04923870453247905,0.17264937035320324,32.85422447683085,0.2639860711739886,14.064535555609325,0.14825191153101222,0.3846659567207098,1.057559265792369,0.10455764068339465,2.6999999999999957,3.7699999999999996,13.390475547180957,9.222034525854419,0.746047243475914,0.5831461548805232,0.1742192816734316,3.2083333333333335,2.0,3.539999999999999,0.625,,,,,,,,,targeted_seed45_Conditional_TCN_Risk_Generator,0.31252231218188425,0.6896932231115603,0.4102916656241833,0.25609756097560976
muswellbrook,targeted_seed47_RiskKNN_Bootstrap_Generator,27.191634749075376,16.75231965242623,1.3820956626344316,8.0,,0.4583333333333333,0.4421120548294819,52,C:\Users\13411\MyPython\project\ExtremeScene\results\targeted_expanded_pool_multiseed\seed47\expanded_pool\muswellbrook\generated_samples_RiskKNN_Bootstrap_Generator.npy,0.4304428602810259,0.05606023751656253,0.04854048421411353,0.3638585823549268,0.08623187827408922,0.05937895091235404,0.09969321506357826,0.0361149730224455,0.0650803819984163,0.297998219233177,0.05946902960436575,0.05766660570829463,0.1133896614339739,29.375319856720964,0.21219114497989355,19.13560858339831,0.07842557152292541,0.07071728073060513,1.0910443171858777,0.21447721165824526,1.1500000000000021,1.0,12.97939221290357,2.5279508352202527,1.0947058151165645,0.9070951461791994,0.42718219280242975,3.0416666666666665,0.8499999999999979,0.23000000000000043,0.7083333333333334,,,,,,,,,targeted_seed47_RiskKNN_Bootstrap_Generator,0.46728745366763175,0.4366695645542616,0.43491930964677766,0.41463414634146345
muswellbrook,TargetSelected_empirical_targeted_expanded_pool_core_ramp_guard,26.16241972579499,26.393689161350807,1.1602262547918751,7.416666666666667,,0.4166666666666667,0.4468255428115559,53,C:\Users\13411\MyPython\project\ExtremeScene\results\method_pool_risk_target_selection_expanded_fast\muswellbrook\generated_samples_TargetSelected_empirical_targeted_expanded_pool_core_ramp_guard.npy,0.3276483391722044,0.05193031921896427,0.030691091615090812,0.3544818485043597,0.10290876751932072,0.12268680427775173,0.24575315887203164,0.0972447204963353,0.02805464858444029,0.3092944488495319,0.08402793574487344,0.06047751482576094,0.0931792416863075,23.16045714549291,0.03373077040160772,22.583954765775005,0.05621190377634431,0.08967564962804353,1.0604747661948197,0.08042895437184207,0.4500000000000064,3.8500000000000014,10.604781791510653,13.919460666257955,1.156380092104276,1.2114427328109736,0.7252036714553838,3.125,1.8499999999999979,2.7699999999999996,0.6666666666666666,,,,,,,,,TargetSelected_empirical_targeted_expanded_pool_core_ramp_guard,0.4495305659283,0.8058917560548862,0.134453921451766,0.2439024390243904
muswellbrook,targeted_seed46_RiskKNN_Bootstrap_Generator,28.495651773762347,18.59653753095739,1.3840969436860178,7.541666666666667,,0.375,0.4506046990657376,54,C:\Users\13411\MyPython\project\ExtremeScene\results\targeted_expanded_pool_multiseed\seed46\expanded_pool\muswellbrook\generated_samples_RiskKNN_Bootstrap_Generator.npy,0.4882142712120656,0.061973550301880995,0.05013805339197053,0.2746245537526664,0.06973843846962242,0.04328619566362705,0.09831850744703169,0.04126103068462043,0.06947098199506528,0.28705244413725456,0.05765767315204128,0.05429841035022095,0.09108444833938314,30.115314506099427,0.23441054632300115,20.11043781051842,0.08705893584389619,0.42902278564870233,1.129803172051905,0.2171581768039734,0.5499999999999936,1.0,12.333959517223235,9.289288731670297,0.9834207445383072,0.7399204492568972,0.3926728391647343,2.875,1.0,2.539999999999999,0.6666666666666666,,,,,,,,,targeted_seed46_RiskKNN_Bootstrap_Generator,0.4897854578686799,0.5072950256037116,0.4376295331692511,0.2804878048780489
muswellbrook,targeted_seed45_TransformerVAE_Augmented_TailWeighted_Copula,10.901888091086391,20.9214702949334,1.3557221342246824,9.375,,0.3333333333333333,0.45713357218445105,55,C:\Users\13411\MyPython\project\ExtremeScene\results\targeted_expanded_pool_multiseed\seed45\expanded_pool\muswellbrook\generated_samples_TransformerVAE_Augmented_TailWeighted_Copula.npy,0.772968298031224,0.0811522915077945,0.012122037790851673,0.1364505337809937,0.04306051279083829,0.06881960121454847,0.10525174677258275,0.024565591937498018,0.0786834618562376,0.3382235261949335,0.04959279874537694,0.05320836695387925,0.055096742899573656,36.322186043070566,0.40442645936917754,2.3544756104632114,0.14389107487808644,0.6588286902755502,0.9229464623332015,0.3351206432160082,3.4500000000000064,3.770000000000003,14.237057656352462,7.6985288646631105,1.1717990587155025,1.3487001180648805,0.8456362676620488,2.7916666666666665,1.3999999999999915,0.46000000000000085,0.6666666666666666,,,,,,,,,targeted_seed45_TransformerVAE_Augmented_TailWeighted_Copula,0.18624297203333662,0.5963297596642856,0.39920310826163324,0.8170731707317074
muswellbrook,TargetSelected_empirical_targeted_expanded_pool_paper_weights,26.16241972579499,26.396425491383155,1.1550993438868318,7.958333333333333,,0.4583333333333333,0.46890169494079054,56,C:\Users\13411\MyPython\project\ExtremeScene\results\method_pool_risk_target_selection_expanded_fast\muswellbrook\generated_samples_TargetSelected_empirical_targeted_expanded_pool_paper_weights.npy,0.3219813166393175,0.051768143117155205,0.03178000997409993,0.32280861716760595,0.08579122526448088,0.1321649002969524,0.24091598641788786,0.09397309474048364,0.029566100372683538,0.29523530674160375,0.07717748770737325,0.06450367021457863,0.09833937506621532,23.365163680306143,0.06533038833690914,22.315288581860045,0.057041379378977505,0.08967564962804353,1.0604747661948197,0.10455764068339465,0.4500000000000064,3.8500000000000014,10.711375082475419,13.873067611550997,1.1071363240480423,1.2114427328109736,0.7252036714553838,3.0416666666666665,1.8499999999999979,2.7699999999999996,0.7083333333333334,,,,,,,,,TargetSelected_empirical_targeted_expanded_pool_paper_weights,0.4495305659283,0.8059965455010616,0.1275108314137819,0.40243902439024387
muswellbrook,targeted_seed47_TailWeighted_Month_EVT_Copula_Risk_Selection_Fixed,31.188207429835686,12.278026918367537,1.6864811866447174,7.333333333333333,,0.4583333333333333,0.4851787902039459,57,C:\Users\13411\MyPython\project\ExtremeScene\results\targeted_expanded_pool_multiseed\seed47\expanded_pool\muswellbrook\generated_samples_TailWeighted_Month_EVT_Copula_Risk_Selection_Fixed.npy,0.44806481401125586,0.04971190453298377,0.037342941401904035,0.15708359520606419,0.053955469549956434,0.0893299740308766,0.09351207012889597,0.027432696159595128,0.0733958808062543,0.23288682644873868,0.043700023414178446,0.06668959874634499,0.05736524900947975,31.159315640714453,0.3011316029078702,18.54719262505668,0.18835799680884052,1.0665270354598748,0.22071628898382123,0.14477211786931565,2.150000000000002,2.0,14.469986999459692,1.7144200312337006,1.2591870774825413,1.3948736429214477,0.8999837923049929,2.875,0.0,1.5399999999999991,0.75,,,,,,,,,targeted_seed47_TailWeighted_Month_EVT_Copula_Risk_Selection_Fixed,0.5362397044889917,0.2653237648568967,0.8471316805275468,0.2195121951219512
muswellbrook,targeted_seed47_Conditional_TCN_Risk_Generator,16.211432013572775,29.650421498570974,1.197822712895383,8.333333333333334,,0.20833333333333334,0.48570885890277354,58,C:\Users\13411\MyPython\project\ExtremeScene\results\targeted_expanded_pool_multiseed\seed47\expanded_pool\muswellbrook\generated_samples_Conditional_TCN_Risk_Generator.npy,0.5264953140307357,0.06219561129899211,0.07009788267850368,0.49333152934882984,0.18749924628894496,0.11536775078413242,0.44684783959386276,0.30208057674830635,0.022291718812254706,0.4888915609911428,0.1839251447787478,0.06925245075829693,0.2256779112706148,35.77837636825294,0.3407551583773477,2.6944199386473713,0.10556341262678139,0.23702566288411653,1.1587274917960162,0.11796246641203491,3.5499999999999936,0.15000000000000213,13.296363161130222,13.138041409317967,0.7058442483345667,0.3305663824081422,0.2571085023880002,2.75,2.0,1.2300000000000004,0.625,,,,,,,,,targeted_seed47_Conditional_TCN_Risk_Generator,0.27784771277851444,0.9306103294449343,0.18536871177222403,0.5121951219512197
muswellbrook,TargetSelected_empirical_ganfix_model_pool_q99_guard,25.821310581817173,29.739984209262126,1.246175757056335,7.125,,0.5416666666666666,0.4997988201362961,59,C:\Users\13411\MyPython\project\ExtremeScene\results\method_pool_risk_target_selection_expanded_fast\muswellbrook\generated_samples_TargetSelected_empirical_ganfix_model_pool_q99_guard.npy,0.3782405248946614,0.07182990315527113,0.03115211162520529,0.4015628395007095,0.13147043159845118,0.15997047014077226,0.3328414721970182,0.16949283857257355,0.02713311659868942,0.370881612197463,0.12426439110876529,0.07275189945488898,0.105947183328746,20.110467307992376,0.023623060163140048,21.242708905544617,0.0013921705563496626,0.45422097183764,0.6787274232506748,0.04557640747737703,4.699999999999996,2.6999999999999957,11.877672574394248,13.377651842896462,0.965330645442009,0.921351432800293,0.35770182132720985,3.4166666666666665,1.8499999999999979,3.539999999999999,0.8333333333333334,,,,,,,,,TargetSelected_empirical_ganfix_model_pool_q99_guard,0.44364546258306486,0.9340401886871833,0.25085054780137456,0.15853658536585374
muswellbrook,TargetSelected_empirical_ganfix_model_pool_core_ramp_guard,25.821310581817173,29.739984209262126,1.2682119232971065,6.958333333333333,,0.5,0.4999423352776783,60,C:\Users\13411\MyPython\project\ExtremeScene\results\method_pool_risk_target_selection_expanded_fast\muswellbrook\generated_samples_TargetSelected_empirical_ganfix_model_pool_core_ramp_guard.npy,0.4245253892408477,0.0762204223501155,0.025716269271678083,0.43123307716774023,0.13722961382988524,0.16711990173124616,0.31272392638617963,0.15616554006936054,0.02278300794330501,0.3894941309315892,0.12320519208312042,0.07187305964874309,0.09731123195415561,21.18667485866396,0.009946277005397719,21.16063114282977,0.019721387810403487,0.40621673949062753,0.6787274232506748,0.013404825728640364,0.4500000000000064,3.8500000000000014,11.563382532655424,13.744857575940522,0.9463880807161331,0.921351432800293,0.35770182132720985,3.2916666666666665,1.8499999999999979,3.539999999999999,0.7916666666666666,,,,,,,,,TargetSelected_empirical_ganfix_model_pool_core_ramp_guard,0.44364546258306486,0.9340401886871833,0.28069290104983013,0.1097560975609756
muswellbrook,TargetSelected_empirical_ganfix_model_pool_paper_weights,25.821310581817173,29.739984209262126,1.248546783880253,7.166666666666667,,0.5,0.5024308258387878,61,C:\Users\13411\MyPython\project\ExtremeScene\results\method_pool_risk_target_selection_expanded_fast\muswellbrook\generated_samples_TargetSelected_empirical_ganfix_model_pool_paper_weights.npy,0.43743329440002093,0.07635072319965076,0.025311917639276,0.4304730873166893,0.13536351930721816,0.1644325896326259,0.3298228927167455,0.17192329561133737,0.023654272550247896,0.3992430914778186,0.12787917937273544,0.07113292660738327,0.10093918961006608,21.62828693842684,0.02127105311430146,21.16063114282977,0.014967139751584925,0.40621673949062753,0.6787274232506748,0.026809651457280727,0.4500000000000064,3.8500000000000014,11.82033226536573,13.377651842896462,0.9575093140204748,0.921351432800293,0.35770182132720985,3.375,1.8499999999999979,3.539999999999999,0.7916666666666666,,,,,,,,,TargetSelected_empirical_ganfix_model_pool_paper_weights,0.44364546258306486,0.9340401886871833,0.2540614974406096,0.17073170731707332
muswellbrook,TargetSelected_val_calibrated_ganfix_model_pool_paper_weights,23.60127081356231,29.739984209262126,1.2034698787513964,7.791666666666667,,0.4583333333333333,0.5031179634917227,62,C:\Users\13411\MyPython\project\ExtremeScene\results\method_pool_risk_target_selection_expanded_fast\muswellbrook\generated_samples_TargetSelected_val_calibrated_ganfix_model_pool_paper_weights.npy,0.326302208006382,0.06013960848910204,0.024154954715753976,0.38177787078354786,0.10609028430723248,0.1484320928415818,0.2524881463275927,0.11096695224609507,0.02347066508680909,0.3201894083725075,0.09239894834747653,0.06535257088138162,0.09334488652233543,25.02723532141047,0.16381268692717296,12.32617164230821,0.06992576593544042,0.00483693145215458,0.568127211630344,0.050938337768833206,0.0,3.8500000000000014,12.813415000125124,13.377651842896462,0.9751958499352137,1.1009212255477907,1.5676465272903441,3.3333333333333335,2.0,3.539999999999999,0.75,,,,,,,,,TargetSelected_val_calibrated_ganfix_model_pool_paper_weights,0.4053434595515619,0.9340401886871833,0.19301635412917661,0.353658536585366
muswellbrook,TargetSelected_val_calibrated_ganfix_model_pool_core_ramp_guard,23.60127081356231,29.739984209262126,1.2034698787513964,7.791666666666667,,0.4583333333333333,0.5031179634917227,62,C:\Users\13411\MyPython\project\ExtremeScene\results\method_pool_risk_target_selection_expanded_fast\muswellbrook\generated_samples_TargetSelected_val_calibrated_ganfix_model_pool_core_ramp_guard.npy,0.326302208006382,0.06013960848910204,0.024154954715753976,0.38177787078354786,0.10609028430723248,0.1484320928415818,0.2524881463275927,0.11096695224609507,0.02347066508680909,0.3201894083725075,0.09239894834747653,0.06535257088138162,0.09334488652233543,25.02723532141047,0.16381268692717296,12.32617164230821,0.06992576593544042,0.00483693145215458,0.568127211630344,0.050938337768833206,0.0,3.8500000000000014,12.813415000125124,13.377651842896462,0.9751958499352137,1.1009212255477907,1.5676465272903441,3.3333333333333335,2.0,3.539999999999999,0.75,,,,,,,,,TargetSelected_val_calibrated_ganfix_model_pool_core_ramp_guard,0.4053434595515619,0.9340401886871833,0.19301635412917661,0.353658536585366
muswellbrook,ganfix_GAN_Augmented_TailWeighted_Month_EVT_Copula_Risk_Selection_Fixed,22.80552811763617,20.085558131334786,1.498701261424382,8.208333333333334,,0.20833333333333334,0.5063291951458364,64,C:\Users\13411\MyPython\project\ExtremeScene\results\model_pool_experiments_new_machine_margin_formal50_ganfix\muswellbrook\generated_samples_GAN_Augmented_TailWeighted_Month_EVT_Copula_Risk_Selection_Fixed.npy,0.8758138147769148,0.07279060105436194,0.03345144234968688,0.26172828804744686,0.0421303799700639,0.04020090864494649,0.04389656580432286,0.026390911639473033,0.0779523409953171,0.3938128895428949,0.04710396422129962,0.05053489732998349,0.059039742284088405,35.42759614639915,0.39981736258062067,3.6150272676800057,0.20556171348154562,1.2181954648345705,0.21624808043241384,0.20107238592960502,2.5499999999999936,2.229999999999997,13.835028648393177,8.379888892427793,1.3022608707348506,1.3301121950149537,1.7080124425888061,3.0833333333333335,1.0,1.7699999999999996,0.625,,,,,,,,,ganfix_GAN_Augmented_TailWeighted_Month_EVT_Copula_Risk_Selection_Fixed,0.3916146337947072,0.5643179878241733,0.5928317809821522,0.4756097560975612
muswellbrook,targeted_seed45_GAN_Augmented_TailWeighted_Month_EVT_Copula_Risk_Selection_Fixed,22.80552811763617,20.085558131334786,1.498701261424382,8.208333333333334,,0.20833333333333334,0.5063291951458364,64,C:\Users\13411\MyPython\project\ExtremeScene\results\targeted_expanded_pool_multiseed\seed45\expanded_pool\muswellbrook\generated_samples_GAN_Augmented_TailWeighted_Month_EVT_Copula_Risk_Selection_Fixed.npy,0.8758138147769148,0.07279060105436194,0.03345144234968688,0.26172828804744686,0.0421303799700639,0.04020090864494649,0.04389656580432286,0.026390911639473033,0.0779523409953171,0.3938128895428949,0.04710396422129962,0.05053489732998349,0.059039742284088405,35.42759614639915,0.39981736258062067,3.6150272676800057,0.20556171348154562,1.2181954648345705,0.21624808043241384,0.20107238592960502,2.5499999999999936,2.229999999999997,13.835028648393177,8.379888892427793,1.3022608707348506,1.3301121950149537,1.7080124425888061,3.0833333333333335,1.0,1.7699999999999996,0.625,,,,,,,,,targeted_seed45_GAN_Augmented_TailWeighted_Month_EVT_Copula_Risk_Selection_Fixed,0.3916146337947072,0.5643179878241733,0.5928317809821522,0.4756097560975612
muswellbrook,targeted_seed46_GAN_Augmented_TailWeighted_Month_EVT_Copula_Risk_Selection_Fixed,22.80552811763617,20.085558131334786,1.498701261424382,8.208333333333334,,0.20833333333333334,0.5063291951458364,64,C:\Users\13411\MyPython\project\ExtremeScene\results\targeted_expanded_pool_multiseed\seed46\expanded_pool\muswellbrook\generated_samples_GAN_Augmented_TailWeighted_Month_EVT_Copula_Risk_Selection_Fixed.npy,0.8758138147769148,0.07279060105436194,0.03345144234968688,0.26172828804744686,0.0421303799700639,0.04020090864494649,0.04389656580432286,0.026390911639473033,0.0779523409953171,0.3938128895428949,0.04710396422129962,0.05053489732998349,0.059039742284088405,35.42759614639915,0.39981736258062067,3.6150272676800057,0.20556171348154562,1.2181954648345705,0.21624808043241384,0.20107238592960502,2.5499999999999936,2.229999999999997,13.835028648393177,8.379888892427793,1.3022608707348506,1.3301121950149537,1.7080124425888061,3.0833333333333335,1.0,1.7699999999999996,0.625,,,,,,,,,targeted_seed46_GAN_Augmented_TailWeighted_Month_EVT_Copula_Risk_Selection_Fixed,0.3916146337947072,0.5643179878241733,0.5928317809821522,0.4756097560975612
muswellbrook,targeted_seed47_GAN_Augmented_TailWeighted_Month_EVT_Copula_Risk_Selection_Fixed,22.80552811763617,20.085558131334786,1.498701261424382,8.208333333333334,,0.20833333333333334,0.5063291951458364,64,C:\Users\13411\MyPython\project\ExtremeScene\results\targeted_expanded_pool_multiseed\seed47\expanded_pool\muswellbrook\generated_samples_GAN_Augmented_TailWeighted_Month_EVT_Copula_Risk_Selection_Fixed.npy,0.8758138147769148,0.07279060105436194,0.03345144234968688,0.26172828804744686,0.0421303799700639,0.04020090864494649,0.04389656580432286,0.026390911639473033,0.0779523409953171,0.3938128895428949,0.04710396422129962,0.05053489732998349,0.059039742284088405,35.42759614639915,0.39981736258062067,3.6150272676800057,0.20556171348154562,1.2181954648345705,0.21624808043241384,0.20107238592960502,2.5499999999999936,2.229999999999997,13.835028648393177,8.379888892427793,1.3022608707348506,1.3301121950149537,1.7080124425888061,3.0833333333333335,1.0,1.7699999999999996,0.625,,,,,,,,,targeted_seed47_GAN_Augmented_TailWeighted_Month_EVT_Copula_Risk_Selection_Fixed,0.3916146337947072,0.5643179878241733,0.5928317809821522,0.4756097560975612
muswellbrook,TargetSelected_empirical_ganfix_model_pool_global_main,34.21947710461298,27.84845353597809,1.1325903906545136,7.708333333333333,,0.375,0.5086894721812742,68,C:\Users\13411\MyPython\project\ExtremeScene\results\method_pool_risk_target_selection_expanded_fast\muswellbrook\generated_samples_TargetSelected_empirical_ganfix_model_pool_global_main.npy,0.3023831408332896,0.06277016586767031,0.0316304503642049,0.5146573400383607,0.17825991059253762,0.14485472794587553,0.2574096585065878,0.12078820646892668,0.032758116900027716,0.3581500464594127,0.12060609430971155,0.06974776507003605,0.10840670374619937,25.219280972036206,0.01813561763371694,21.790947539033823,0.0416686187012905,0.14134053923189693,1.6590039047598832,0.013404825728640364,0.0,1.5399999999999991,13.524901995911256,13.242339326113463,0.8825037727753321,1.019152760505675,0.6162907075881963,3.4583333333333335,1.0,1.7699999999999996,0.7083333333333334,,,,,,,,,TargetSelected_empirical_ganfix_model_pool_global_main,0.588537731728337,0.8616028549832826,0.09702820906139732,0.3292682926829268
muswellbrook,targeted_seed46_TailWeighted_Month_EVT_Copula_Risk_Selection_Fixed,15.47741357574067,15.310289379659991,1.725642275598754,8.666666666666666,,0.4166666666666667,0.5104937350670328,69,C:\Users\13411\MyPython\project\ExtremeScene\results\targeted_expanded_pool_multiseed\seed46\expanded_pool\muswellbrook\generated_samples_TailWeighted_Month_EVT_Copula_Risk_Selection_Fixed.npy,0.8064050078047096,0.07580427134510107,0.027740998118736745,0.19574104246028046,0.05131760479928341,0.07878689356074196,0.06731482415553999,0.0352891242205639,0.04835958202085618,0.35648695814017667,0.05413700012164946,0.05162915790011163,0.05464845135613224,34.795469840178804,0.404089856241375,2.174321002126959,0.22764632052574582,1.662920471653342,1.5282161739468583,0.23056300253261366,1.0,4.079999999999998,15.292919090586347,7.29878260543444,1.614002193013827,1.8857517004013054,1.6691249227523808,3.0,0.0,0.7699999999999996,0.625,,,,,,,,,targeted_seed46_TailWeighted_Month_EVT_Copula_Risk_Selection_Fixed,0.26518380610754316,0.3814461259101822,0.9001653633102755,0.6097560975609755
muswellbrook,targeted_seed46_TransformerVAE_Augmented_TailWeighted_Copula,23.69176453824744,23.32405863398923,1.3875685693443909,8.25,,0.25,0.5123264010421382,70,C:\Users\13411\MyPython\project\ExtremeScene\results\targeted_expanded_pool_multiseed\seed46\expanded_pool\muswellbrook\generated_samples_TransformerVAE_Augmented_TailWeighted_Copula.npy,0.8008769133852587,0.07425261861010125,0.029709274696399793,0.11024637723824494,0.03690493972666211,0.045410347018480714,0.11126745887101053,0.03222176030620733,0.08310527494278602,0.3407969164981714,0.04779310621432356,0.05274163221922218,0.054628297841245704,32.595344693189325,0.3650127741979566,4.692604006031303,0.1757878094744735,1.277540392801165,0.10418620139360346,0.3002680963215433,1.0,2.539999999999999,14.540730434447093,11.51371508501791,1.184562827150027,1.3337911367416382,0.7286112689971929,3.125,0.0,0.7699999999999996,0.625,,,,,,,,,targeted_seed46_TransformerVAE_Augmented_TailWeighted_Copula,0.40690473379844017,0.6883383618653424,0.4423309625427457,0.48780487804878053
muswellbrook,TargetSelected_val_calibrated_targeted_expanded_pool_core_ramp_guard,15.189611014973934,26.68019942796672,1.3630416322557721,8.625,,0.4166666666666667,0.5150376915147094,71,C:\Users\13411\MyPython\project\ExtremeScene\results\method_pool_risk_target_selection_expanded_fast\muswellbrook\generated_samples_TargetSelected_val_calibrated_targeted_expanded_pool_core_ramp_guard.npy,0.4899651170535772,0.05643114030279409,0.034613301696299906,0.3627152560727188,0.1036895406111488,0.11130999192416881,0.23411549220106653,0.09751869588706184,0.023695252960405037,0.3622652884424542,0.08587979226700158,0.05653951552695791,0.10474703414068848,30.058136521943258,0.27021925614565234,2.984079025945121,0.13525583109881423,0.6488359894603484,1.309847057163716,0.10455764068339465,0.0,3.8500000000000014,12.130620121034857,14.829595029685656,1.0726970086495082,1.3190092563629152,0.9429167556762699,3.4583333333333335,2.0,3.539999999999999,0.6666666666666666,,,,,,,,,TargetSelected_val_calibrated_targeted_expanded_pool_core_ramp_guard,0.2602183930043233,0.8168638434154457,0.40911549698926103,0.5975609756097562
muswellbrook,TargetSelected_val_calibrated_all_method_pool_q99_guard,13.660151969728929,30.285323850224998,1.2922979814369076,8.458333333333334,,0.4166666666666667,0.5172714540761046,72,C:\Users\13411\MyPython\project\ExtremeScene\results\method_pool_risk_target_selection_expanded_fast\muswellbrook\generated_samples_TargetSelected_val_calibrated_all_method_pool_q99_guard.npy,0.5027090434881825,0.05215448603200488,0.031980800241478625,0.30840704553001735,0.07892108884726662,0.10631904398903168,0.25256729769526587,0.10753442077594831,0.022400994899975112,0.3545611289044886,0.07953666521840659,0.05356694637682847,0.10597144078849635,29.891429012294186,0.34849408481242156,5.601079461900227,0.1168718705079281,0.01725467704236472,1.1512489572167395,0.1420911527235875,2.5499999999999936,4.539999999999999,12.274123149923275,14.92179737718589,1.071968083580335,1.2521570682525636,0.9310663080215456,3.4166666666666665,2.0,3.539999999999999,0.7083333333333334,,,,,,,,,TargetSelected_val_calibrated_all_method_pool_q99_guard,0.2338308724629307,0.954924306567127,0.31331130878542246,0.5487804878048783
muswellbrook,TargetSelected_empirical_targeted_expanded_pool_duration_guard,26.16241972579499,26.396425491383155,1.2381277518094673,8.583333333333334,,0.375,0.5244509070539308,73,C:\Users\13411\MyPython\project\ExtremeScene\results\method_pool_risk_target_selection_expanded_fast\muswellbrook\generated_samples_TargetSelected_empirical_targeted_expanded_pool_duration_guard.npy,0.36897123632607637,0.061104706645355784,0.023620152865023114,0.3696482075309311,0.10802511524846314,0.11191542640469176,0.2415892924503135,0.10201120276836413,0.024963433129608303,0.3267362454357737,0.09038034155406101,0.05349967079977439,0.0976496380016526,25.006715118419596,0.0883992567860557,22.583954765775005,0.025643103550042387,0.005116596445440713,1.3952661105990396,0.11260053612057885,0.30000000000000426,3.8500000000000014,11.011647458871385,13.929573190290547,1.1553513060013454,0.9215147256851197,0.5004679059982302,3.3333333333333335,1.8499999999999979,2.7699999999999996,0.7083333333333334,,,,,,,,,TargetSelected_empirical_targeted_expanded_pool_duration_guard,0.4495305659283,0.8059965455010616,0.23995158230536734,0.5853658536585368
muswellbrook,TargetSelected_val_calibrated_ganfix_model_pool_duration_guard,22.258648759214523,29.739984209262126,1.2006876630766783,8.458333333333334,,0.4583333333333333,0.5244950909786109,74,C:\Users\13411\MyPython\project\ExtremeScene\results\method_pool_risk_target_selection_expanded_fast\muswellbrook\generated_samples_TargetSelected_val_calibrated_ganfix_model_pool_duration_guard.npy,0.3401213360053522,0.06384360033979944,0.03330947441060674,0.3986206242374869,0.12358686964741247,0.16239966144648008,0.260784322080983,0.11217830169467877,0.02429752194163616,0.33317542744127404,0.09986959056063023,0.07333555259957432,0.08875252433843092,26.478056956197054,0.1500233032416735,7.3643075284142725,0.061669844942393574,0.010501810535788358,0.568127211630344,0.03485254689446481,1.6999999999999957,4.309999999999995,12.689036724125316,13.377651842896462,1.038147861758868,1.1009212255477907,1.5676465272903441,3.375,2.0,3.539999999999999,0.75,,,,,,,,,TargetSelected_val_calibrated_ganfix_model_pool_duration_guard,0.38217940873988837,0.9340401886871833,0.18924855431903043,0.5487804878048783
muswellbrook,TargetSelected_empirical_ganfix_model_pool_global_q99,25.821310581817173,30.039737055012488,1.2498791885930889,7.625,,0.5,0.5264476434698393,75,C:\Users\13411\MyPython\project\ExtremeScene\results\method_pool_risk_target_selection_expanded_fast\muswellbrook\generated_samples_TargetSelected_empirical_ganfix_model_pool_global_q99.npy,0.44351126032846944,0.0724662891328993,0.031472746990575944,0.4621481251411347,0.1383883901353707,0.1553203915741982,0.28308529264732996,0.14763162410500372,0.021102367571603223,0.39624822603897797,0.1194954344577579,0.06929850204545912,0.0835410092082295,22.999499118951235,0.056434654052433655,21.16063114282977,0.015289262182821261,0.40621673949062753,1.8716403362154947,0.06166219835174554,0.4500000000000064,3.8500000000000014,12.58509823013025,13.671810881130284,0.9396790613730749,0.853112816810607,0.35770182132720985,3.5416666666666665,1.8499999999999979,3.539999999999999,0.7916666666666666,,,,,,,,,TargetSelected_empirical_ganfix_model_pool_global_q99,0.44364546258306486,0.9455194087828398,0.2558658989719787,0.30487804878048785
muswellbrook,TargetSelected_empirical_all_method_pool_global_q99,25.821310581817173,30.594203959252077,1.1554617548730068,8.208333333333334,,0.5416666666666666,0.5264614265507597,76,C:\Users\13411\MyPython\project\ExtremeScene\results\method_pool_risk_target_selection_expanded_fast\muswellbrook\generated_samples_TargetSelected_empirical_all_method_pool_global_q99.npy,0.408522778639087,0.06507084112490137,0.03160046890340952,0.35379311544130787,0.08753924075327248,0.1427317574770766,0.2352497026321779,0.09966117469408328,0.026057507703540043,0.3325218655708576,0.08409041885741904,0.06679657802800872,0.09669945951499087,23.396633692908058,0.13004404179575565,20.753128923235607,0.06378856983621109,0.005116596445440713,0.475796426236629,0.1581769435979559,0.4500000000000064,3.8500000000000014,11.739155139270608,16.06331082359031,1.0841677139202754,0.9755838155746464,0.4989292049407963,3.25,1.8499999999999979,3.539999999999999,0.8333333333333334,,,,,,,,,TargetSelected_empirical_all_method_pool_global_q99,0.44364546258306486,0.9667530608390552,0.12800162443795807,0.4756097560975612
muswellbrook,TargetSelected_empirical_ganfix_model_pool_duration_guard,25.821310581817173,29.739984209262126,1.2573509412565425,7.708333333333333,,0.5,0.5291920587016709,77,C:\Users\13411\MyPython\project\ExtremeScene\results\method_pool_risk_target_selection_expanded_fast\muswellbrook\generated_samples_TargetSelected_empirical_ganfix_model_pool_duration_guard.npy,0.4093702565188761,0.07200814941163722,0.03347748599632649,0.47231938599833045,0.1778527574731335,0.162624850037653,0.3280737492328222,0.15355694260754554,0.02896354236729919,0.4032544639166762,0.13447261649743877,0.0750219594670929,0.0994004963318745,22.360136381868063,0.016722987735362398,21.16063114282977,0.018346506948100864,0.3718019995838402,0.6700412753224372,0.008042895437184196,0.30000000000000426,3.8500000000000014,11.749332621302779,13.377651842896462,0.9860528359810511,0.921351432800293,0.35770182132720985,3.4166666666666665,1.8499999999999979,3.539999999999999,0.7916666666666666,,,,,,,,,TargetSelected_empirical_ganfix_model_pool_duration_guard,0.44364546258306486,0.9340401886871833,0.26598447767262945,0.3292682926829268
muswellbrook,TargetSelected_empirical_all_method_pool_core_ramp_guard,25.821310581817173,30.948721369288894,1.2376209909465008,7.666666666666667,,0.5416666666666666,0.5345697975640888,78,C:\Users\13411\MyPython\project\ExtremeScene\results\method_pool_risk_target_selection_expanded_fast\muswellbrook\generated_samples_TargetSelected_empirical_all_method_pool_core_ramp_guard.npy,0.40927601550464277,0.060081069280689174,0.02672737101862477,0.3241351643206414,0.09316708027362926,0.12415985473304285,0.25094351243384416,0.10116237485340811,0.029439832732618822,0.32811823075304275,0.08480350813590885,0.060109019494762155,0.09121253994070538,22.800876410300077,0.08778984164828206,20.753128923235607,0.027443557468643628,0.005116596445440713,1.0638244125246992,0.1340482572864033,0.4500000000000064,3.8500000000000014,11.237968525548665,17.429989439422428,1.1842969805002213,0.9755838155746464,0.6613830232620241,3.375,1.8499999999999979,3.539999999999999,0.75,,,,,,,,,TargetSelected_empirical_all_method_pool_core_ramp_guard,0.44364546258306486,0.9803295236992075,0.2392653042786043,0.3170731707317075
muswellbrook,TargetSelected_val_calibrated_all_method_pool_paper_weights,15.189611014973934,30.285323850224998,1.3184514581904903,8.541666666666666,,0.4166666666666667,0.5377007962431021,79,C:\Users\13411\MyPython\project\ExtremeScene\results\method_pool_risk_target_selection_expanded_fast\muswellbrook\generated_samples_TargetSelected_val_calibrated_all_method_pool_paper_weights.npy,0.5291683347895741,0.05665416510009628,0.03124684357846969,0.3012395346131935,0.08451955801787815,0.10510010372061164,0.22108522768561067,0.08534488976479511,0.029538065667019244,0.3504976990294595,0.07550620429425652,0.05529500432203353,0.0925765615640693,29.216203817416744,0.3115238106772911,2.984079025945121,0.1389835037527185,0.6488359894603484,1.309847057163716,0.1420911527235875,0.0,3.8500000000000014,12.366686280595834,14.92179737718589,1.1275018205245335,1.2521570682525636,0.9310663080215456,3.375,2.0,3.539999999999999,0.7083333333333334,,,,,,,,,TargetSelected_val_calibrated_all_method_pool_paper_weights,0.2602183930043233,0.954924306567127,0.3487295064622775,0.5731707317073169
muswellbrook,targeted_seed47_TransformerVAE_Augmented_TailWeighted_Copula,18.165781147507772,22.992315003581048,1.4062779293453787,9.458333333333334,,0.3333333333333333,0.5392964634081688,80,C:\Users\13411\MyPython\project\ExtremeScene\results\targeted_expanded_pool_multiseed\seed47\expanded_pool\muswellbrook\generated_samples_TransformerVAE_Augmented_TailWeighted_Copula.npy,0.8083053882475251,0.078244793571456,0.031820397380992245,0.24656044608154504,0.06032167675920671,0.05256239801397341,0.06228596655436949,0.03078061158524889,0.06487973254209081,0.37238393362781325,0.05644902730530387,0.04975417597901882,0.05696249895849944,34.18633425115582,0.35738767439906555,2.2765719702728546,0.10188392332608039,0.5141681041568518,0.996562204062938,0.286863270592903,1.1500000000000021,1.7700000000000031,14.466453720992499,8.49571366755952,0.9181013256311417,1.152820658683777,1.2536383485794071,3.3333333333333335,0.15000000000000213,1.5399999999999991,0.6666666666666666,,,,,,,,,targeted_seed47_TransformerVAE_Augmented_TailWeighted_Copula,0.31156579635655596,0.6756340349414234,0.46766800729461233,0.8414634146341465
muswellbrook,TargetSelected_empirical_targeted_expanded_pool_global_main,41.458761944583955,26.352908230784294,1.134616771004706,7.958333333333333,,0.2916666666666667,0.5406387652894344,81,C:\Users\13411\MyPython\project\ExtremeScene\results\method_pool_risk_target_selection_expanded_fast\muswellbrook\generated_samples_TargetSelected_empirical_targeted_expanded_pool_global_main.npy,0.36350775758425397,0.08024966383084998,0.03465230476634365,0.4701140323929765,0.14684307422864568,0.1449044853930611,0.27772728006274755,0.12260950783899693,0.020090941365071488,0.370449690013326,0.11656741529949753,0.06654924384149208,0.10117177225233641,24.636519640115697,0.03103092547882735,26.056047725811737,0.046316062913350796,0.06455096937716132,0.4867170426249503,0.06166219835174554,0.30000000000000426,1.5399999999999991,11.91712560620145,13.108274159645529,0.8662191381057104,0.8454968690872189,0.47843381881713887,3.5,1.8499999999999979,3.539999999999999,0.75,,,,,,,,,TargetSelected_empirical_targeted_expanded_pool_global_main,0.7134359942961496,0.8043300251678721,0.09977242316676571,0.40243902439024387
muswellbrook,TargetSelected_val_calibrated_all_method_pool_core_ramp_guard,15.189611014973934,30.285323850224998,1.331380998318006,8.666666666666666,,0.4166666666666667,0.5475660402320374,82,C:\Users\13411\MyPython\project\ExtremeScene\results\method_pool_risk_target_selection_expanded_fast\muswellbrook\generated_samples_TargetSelected_val_calibrated_all_method_pool_core_ramp_guard.npy,0.5256927747072446,0.05635599897119937,0.03298884892524585,0.3130680599499977,0.08445847141182329,0.10662537072083339,0.22363318922649952,0.0884022573652455,0.0282779208029881,0.3541313412945806,0.07640557591608939,0.05596404681635578,0.08715206078688939,29.419348885718637,0.30631432361484023,2.984079025945121,0.1358576555321878,0.6488359894603484,1.309847057163716,0.1340482572864033,0.0,3.8500000000000014,12.448088205356354,14.92179737718589,1.1058504432439804,1.2521570682525636,0.9310663080215456,3.4166666666666665,2.0,3.539999999999999,0.7083333333333334,,,,,,,,,TargetSelected_val_calibrated_all_method_pool_core_ramp_guard,0.2602183930043233,0.954924306567127,0.36623926290582387,0.6097560975609755
muswellbrook,TargetSelected_val_calibrated_ganfix_model_pool_q99_guard,22.258648759214523,29.739984209262126,1.2477461615635548,8.625,,0.4166666666666667,0.5477443403709595,83,C:\Users\13411\MyPython\project\ExtremeScene\results\method_pool_risk_target_selection_expanded_fast\muswellbrook\generated_samples_TargetSelected_val_calibrated_ganfix_model_pool_q99_guard.npy,0.38809815711445284,0.06270942611468468,0.03195953542438214,0.38269961040242806,0.11692789221871665,0.15018942153035642,0.24169602112088898,0.09937596907466857,0.023137755736084703,0.3374979295459233,0.0930044291360233,0.06842890423027441,0.0795660655985196,27.682722776019574,0.1809159606682197,7.3643075284142725,0.03786680456208128,0.00483693145215458,0.568127211630344,0.04557640747737715,1.6999999999999957,4.309999999999995,12.961120294694458,13.112210425202367,1.006507510940234,1.1009212255477907,1.5676465272903441,3.4583333333333335,2.0,3.539999999999999,0.7916666666666666,,,,,,,,,TargetSelected_val_calibrated_ganfix_model_pool_q99_guard,0.38217940873988837,0.9340401886871833,0.2529772592054985,0.5975609756097562
muswellbrook,TargetSelected_empirical_targeted_expanded_pool_q99_guard,26.624779386478167,26.396425491383155,1.2731285844056401,8.791666666666666,,0.4166666666666667,0.5478402742455909,84,C:\Users\13411\MyPython\project\ExtremeScene\results\method_pool_risk_target_selection_expanded_fast\muswellbrook\generated_samples_TargetSelected_empirical_targeted_expanded_pool_q99_guard.npy,0.36187788181834757,0.050202481918236445,0.022981994118090553,0.29411475573821616,0.07738449377013155,0.11735139788460462,0.24433797404307603,0.09384667919237347,0.036528271512465633,0.3001102038665466,0.07381121829358049,0.05895388783838693,0.10118888896391344,24.105232283653635,0.08103717579718736,24.292675250908502,0.03410491187491927,0.25259437821805353,0.9968598362803451,0.13136729214067516,0.4500000000000064,3.8500000000000014,11.556650298628986,13.873067611550997,1.1909824858109157,0.9215147256851197,0.6480093336105348,3.2916666666666665,1.8499999999999979,2.7699999999999996,0.7916666666666666,,,,,,,,,TargetSelected_empirical_targeted_expanded_pool_q99_guard,0.45750758569991096,0.8059965455010616,0.2873512614924162,0.646341463414634
muswellbrook,TargetSelected_empirical_all_method_pool_duration_guard,25.821310581817173,30.948721369288894,1.2320810504315887,8.125,,0.5,0.5528161405219929,85,C:\Users\13411\MyPython\project\ExtremeScene\results\method_pool_risk_target_selection_expanded_fast\muswellbrook\generated_samples_TargetSelected_empirical_all_method_pool_duration_guard.npy,0.44569233887725407,0.06549012189577687,0.0259498825630614,0.3771047132753732,0.10509389913027974,0.11541137677799392,0.24673524426493207,0.10810459583224266,0.025144922404297363,0.35651076547251975,0.09289620561943308,0.055502060581784224,0.09562312272483009,23.113786110540207,0.10376329086210277,20.753128923235607,0.029027863100206178,0.005116596445440713,1.3952661105990396,0.12064343155776305,0.0,3.8500000000000014,11.13657027060014,17.429989439422428,1.192255104581515,0.9755838155746464,0.5138415956497195,3.4166666666666665,1.8499999999999979,3.539999999999999,0.7916666666666666,,,,,,,,,TargetSelected_empirical_all_method_pool_duration_guard,0.44364546258306486,0.9803295236992075,0.23176287123217204,0.451219512195122
muswellbrook,TargetSelected_val_calibrated_targeted_expanded_pool_paper_weights,15.189611014973934,31.462369613620286,1.3615076035008922,8.291666666666666,,0.4166666666666667,0.5548250297116958,86,C:\Users\13411\MyPython\project\ExtremeScene\results\method_pool_risk_target_selection_expanded_fast\muswellbrook\generated_samples_TargetSelected_val_calibrated_targeted_expanded_pool_paper_weights.npy,0.5370983097495304,0.053173006057466055,0.0348899168628821,0.31629108546163753,0.09512961738051554,0.10052771357687375,0.21727426975879824,0.08295828864329077,0.024130234276347372,0.356887888323322,0.07708697069375746,0.053182621572034405,0.10052805294563348,29.7144454857379,0.30776114831208956,2.984079025945121,0.1413534026526746,0.6488359894603484,1.309847057163716,0.13136729214067516,0.0,3.8500000000000014,12.37423666179329,15.156255211273198,1.15870634218057,1.3190092563629152,0.9429167556762699,3.4166666666666665,2.0,3.539999999999999,0.7083333333333334,,,,,,,,,TargetSelected_val_calibrated_targeted_expanded_pool_paper_weights,0.2602183930043233,1.0,0.4070380472415951,0.4999999999999999
muswellbrook,traditional_gaussian_copula,0.1069747250174089,23.84946904876237,1.6311152594377445,10.0,5.583333333333333,0.3333333333333333,0.5555759551653614,87,C:\Users\13411\MyPython\project\ExtremeScene\results\tailweighted_month_evt_copula\muswellbrook\generated_samples_traditional_gaussian_copula.npy,0.7217611055131312,0.0560523346188708,0.1358636432503594,0.3779470458684955,0.0401755592156037,0.0925539560744538,0.1185336103820175,0.0339511597218877,0.1467067203225842,0.4060805872545481,0.0433930178521207,0.1250414398824658,0.0462633273937675,34.12470092974521,0.4185524678901718,34.87505378573638,0.2164983862422283,1.394401612505317,0.3096793587133293,0.3592493295275606,6.0,0.1599999999999966,11.528986998735718,14.73640184448227,1.4095828235149384,1.7588099479675292,1.8561361265182497,3.125,1.0,2.539999999999999,0.6666666666666666,1.2277088851762257,0.2467222579155943,0.1377532743945815,0.0690273268169264,59.56253984714044,88.83784227874874,1.4186442725360393,12.2,traditional_gaussian_copula,0.0,0.7084592777373271,0.7721526873766532,1.0
muswellbrook,targeted_seed46_Conditional_Transformer_Risk_Generator,40.8673984200188,23.258866108507895,1.4646014849713538,6.666666666666667,,0.375,0.5570441439859393,88,C:\Users\13411\MyPython\project\ExtremeScene\results\targeted_expanded_pool_multiseed\seed46\expanded_pool\muswellbrook\generated_samples_Conditional_Transformer_Risk_Generator.npy,0.4831835260545766,0.06431209361938406,0.048030908900135255,0.19238024289478306,0.0475479155578041,0.06571727577152671,0.05429949218446214,0.0845899805603744,0.008546293040910797,0.24328775371127395,0.06548332991252086,0.04076482590419092,0.055384579992810906,30.510869292217098,0.18428413098227928,27.017573885194423,0.1323917331716351,0.3336581733077759,1.0960287770628918,0.042895442331649006,2.6999999999999957,3.7699999999999996,14.250834840052603,11.143205054571098,0.8614632040262222,0.5799203634262082,0.1293235158920294,2.875,1.0,1.7699999999999996,0.75,,,,,,,,,targeted_seed46_Conditional_Transformer_Risk_Generator,0.7032332907975452,0.6858417738956148,0.5466523519705018,0.024390243902439195
muswellbrook,TargetSelected_empirical_all_method_pool_paper_weights,25.821310581817173,30.91066003303571,1.2367730279511306,8.208333333333334,,0.5416666666666666,0.5576259233950825,89,C:\Users\13411\MyPython\project\ExtremeScene\results\method_pool_risk_target_selection_expanded_fast\muswellbrook\generated_samples_TargetSelected_empirical_all_method_pool_paper_weights.npy,0.41408175919894824,0.058577990879950234,0.02741835444701402,0.2920799324357951,0.07426108489147196,0.13380619115415202,0.24635183529881036,0.09866240083971571,0.03021788738340285,0.3175045089778512,0.0771671588703793,0.06381414432818962,0.09595800253388363,22.99336945669346,0.11970266438073893,20.753128923235607,0.027238553764411935,0.005116596445440713,1.0638244125246992,0.1581769435979559,0.4500000000000064,3.8500000000000014,11.344066104551047,17.25764501121667,1.147845521569252,0.9755838155746464,0.6613830232620241,3.2916666666666665,1.8499999999999979,3.539999999999999,0.8333333333333334,,,,,,,,,TargetSelected_empirical_all_method_pool_paper_weights,0.44364546258306486,0.9788719413536875,0.23811695519769044,0.4756097560975612
muswellbrook,TargetSelected_val_calibrated_all_method_pool_duration_guard,15.189611014973934,30.285323850224998,1.307147097841759,9.083333333333334,,0.4166666666666667,0.5576540675633982,90,C:\Users\13411\MyPython\project\ExtremeScene\results\method_pool_risk_target_selection_expanded_fast\muswellbrook\generated_samples_TargetSelected_val_calibrated_all_method_pool_duration_guard.npy,0.5365862851548526,0.05930213025454813,0.030720446822367267,0.3159479672753218,0.08603120633619872,0.1007854741236326,0.23446376985115153,0.09079389318555967,0.0346072421215205,0.36233267409377534,0.07870907659210218,0.05537105435584012,0.0963569609234592,29.957722557674234,0.32126071516754884,0.9658984613428174,0.1362505593222263,0.4201877679675814,1.2479775384068494,0.16085790874368402,3.0,4.539999999999999,12.573294774209062,14.92179737718589,1.1302937120199203,1.4560832023620605,0.9800073528289799,3.4583333333333335,2.0,3.539999999999999,0.7083333333333334,,,,,,,,,TargetSelected_val_calibrated_all_method_pool_duration_guard,0.2602183930043233,0.954924306567127,0.3334206405239499,0.7317073170731709
muswellbrook,targeted_seed45_Conditional_NormalizingFlow_Risk_Generator,45.3182069425132,29.294995134767177,1.0910450534332388,7.458333333333333,,0.5833333333333334,0.5577124900512344,91,C:\Users\13411\MyPython\project\ExtremeScene\results\targeted_expanded_pool_multiseed\seed45\expanded_pool\muswellbrook\generated_samples_Conditional_NormalizingFlow_Risk_Generator.npy,0.49390592508845854,0.07603104137240335,0.048041502299608775,0.37549254130917015,0.10753409222767486,0.13686264862143158,0.18018060467555327,0.16337052416376205,0.06083776520740786,0.3498596903577273,0.11564521925461342,0.08191397204281607,0.07036966820084063,25.416540325052008,0.058180986385903244,36.050171259878894,0.10042300395939079,0.07712427116930431,1.1328093090653413,0.07774798922611394,3.5499999999999936,4.77,10.776666626323255,14.762268610585412,1.5735170195500057,2.6731576442718494,2.323634977340699,2.6666666666666665,1.0,2.539999999999999,0.7083333333333334,,,,,,,,,targeted_seed45_Conditional_NormalizingFlow_Risk_Generator,0.7800224023976616,0.9169990576396931,0.040765671574745775,0.25609756097560976
muswellbrook,TargetSelected_val_calibrated_targeted_expanded_pool_duration_guard,15.189611014973934,30.42395342385087,1.3537259099442356,8.833333333333334,,0.375,0.5640409023928725,92,C:\Users\13411\MyPython\project\ExtremeScene\results\method_pool_risk_target_selection_expanded_fast\muswellbrook\generated_samples_TargetSelected_val_calibrated_targeted_expanded_pool_duration_guard.npy,0.49353788596474446,0.05906109936333408,0.03468913361366845,0.3300133926203233,0.09829666448979721,0.0998264535725732,0.22553788228578003,0.08899374042273767,0.031721509490995364,0.3496963869569493,0.08211716809195631,0.055412365559079,0.08465210059230704,30.399468201863623,0.29021862642360263,0.9658984613428174,0.13776881759034762,0.4201877679675814,1.2479775384068494,0.14477211786931565,3.0,4.539999999999999,12.386749757403573,14.571615346272353,1.181254451473554,1.4638117551803589,0.9800073528289799,3.375,1.8499999999999979,2.7699999999999996,0.7083333333333334,,,,,,,,,TargetSelected_val_calibrated_targeted_expanded_pool_duration_guard,0.2602183930043233,0.9602332115866434,0.39649973284281764,0.6585365853658539
muswellbrook,ganfix_Conditional_NormalizingFlow_Risk_Generator,40.214867029188156,19.67968274404064,1.3500753408976987,8.875,,0.3333333333333333,0.5707237508293783,93,C:\Users\13411\MyPython\project\ExtremeScene\results\model_pool_experiments_new_machine_margin_formal50_ganfix\muswellbrook\generated_samples_Conditional_NormalizingFlow_Risk_Generator.npy,0.7203557022191862,0.09046744712428006,0.04451213472323808,0.3663767764379305,0.10065689400909869,0.13623129903966613,0.1788144551104173,0.16391914047258976,0.020305842128098998,0.42184897792251136,0.11834782720198951,0.06701642529700107,0.09645158731482745,28.403303193586964,0.17848776110691283,19.580275526292766,0.07893113124589259,0.2689537014812222,1.0184518012404435,0.2171581768039734,0.30000000000000426,0.0,12.590882862398885,6.3881152900074625,1.0345448007186253,1.3317810297012325,0.8140779066085821,3.0416666666666665,1.8499999999999979,2.0,0.75,,,,,,,,,ganfix_Conditional_NormalizingFlow_Risk_Generator,0.691975267555289,0.5487747395507623,0.3915559704000081,0.6707317073170732
muswellbrook,TargetSelected_empirical_targeted_expanded_pool_global_q99,43.53588936312245,26.352908230784294,1.1738754601586454,8.166666666666666,,0.4166666666666667,0.5738274785822889,94,C:\Users\13411\MyPython\project\ExtremeScene\results\method_pool_risk_target_selection_expanded_fast\muswellbrook\generated_samples_TargetSelected_empirical_targeted_expanded_pool_global_q99.npy,0.3522711738392159,0.07454934852865919,0.031447679801947466,0.358876413999867,0.0930294180286842,0.14200974805311004,0.24435636924570442,0.09506698542416532,0.025062371640651657,0.31850131902826245,0.08754858399383623,0.06617326649856971,0.07788598414988175,24.089529362241596,0.08390614643957972,24.292675250908502,0.06158069702352589,0.07017438076436555,0.475796426236629,0.11796246641203491,0.30000000000000426,1.5399999999999991,11.523499348460897,13.119345048863288,0.959294006228447,0.9215147256851197,0.48555551528930696,3.25,1.8499999999999979,2.7699999999999996,0.7916666666666666,,,,,,,,,TargetSelected_empirical_targeted_expanded_pool_global_q99,0.7492723526440086,0.8043300251678721,0.15293828046709412,0.4634146341463413
muswellbrook,TargetSelected_empirical_all_method_pool_q99_guard,25.821310581817173,30.948721369288894,1.2796604647980228,8.333333333333334,,0.625,0.5780710200514653,95,C:\Users\13411\MyPython\project\ExtremeScene\results\method_pool_risk_target_selection_expanded_fast\muswellbrook\generated_samples_TargetSelected_empirical_all_method_pool_q99_guard.npy,0.41625495586130357,0.0569856203426622,0.024141100589238598,0.2976519186912035,0.073119196608224,0.12074247769581804,0.24850259709021177,0.10282611746651323,0.03578110676709856,0.3208031572142396,0.07764364480579981,0.06022156168405173,0.09903193550535438,22.493860557586277,0.0891809065245017,21.054667832376822,0.033857459221735345,0.25259437821805353,0.9968598362803451,0.13941018757785936,0.4500000000000064,3.8500000000000014,11.776960092321849,17.447171223353777,1.251799389719963,0.9755838155746464,0.6613830232620241,3.375,1.8499999999999979,3.539999999999999,0.8333333333333334,,,,,,,,,TargetSelected_empirical_all_method_pool_q99_guard,0.44364546258306486,0.9803295236992075,0.29619702349640253,0.5121951219512197
muswellbrook,TargetSelected_empirical_all_method_pool_global_main,46.03968890570873,27.84845353597809,1.060942899348447,8.583333333333334,,0.4166666666666667,0.5840267403065087,96,C:\Users\13411\MyPython\project\ExtremeScene\results\method_pool_risk_target_selection_expanded_fast\muswellbrook\generated_samples_TargetSelected_empirical_all_method_pool_global_main.npy,0.4161583618433386,0.07536549303036882,0.03207163051326127,0.45583866510747206,0.13875636992411414,0.13780258302497655,0.22773175104040366,0.11357439968209337,0.024712048005787222,0.3665762593304048,0.10923208754552545,0.06486208718134169,0.11806377555362554,25.150259112234135,0.062013079097804444,26.056047725811737,0.0271151278344276,0.420629682019352,1.6164970856904972,0.13941018757785936,0.4500000000000064,1.5399999999999991,11.927996180164284,13.303951595112498,0.870610828200976,0.5474343538284301,0.20576070308685335,3.4583333333333335,1.0,1.7699999999999996,0.7083333333333334,,,,,,,,,TargetSelected_empirical_all_method_pool_global_main,0.7924700192091446,0.8616028549832826,0.0,0.5853658536585368
muswellbrook,targeted_seed45_Conditional_Transformer_Risk_Generator,41.471900456237336,24.217983005958644,1.3079327981977258,9.083333333333334,,0.4166666666666667,0.6242475906586541,97,C:\Users\13411\MyPython\project\ExtremeScene\results\targeted_expanded_pool_multiseed\seed45\expanded_pool\muswellbrook\generated_samples_Conditional_Transformer_Risk_Generator.npy,0.4743663629999868,0.07783680122134337,0.04753111901490529,0.34141373463595903,0.06472054467759364,0.13400950063181735,0.08462412421044133,0.061013922403046615,0.010600904612031599,0.30013474061546236,0.06785708943399454,0.06404717475291807,0.07444779544221557,32.65395162863897,0.21608988363462794,22.48141465684205,0.1360903558036558,0.2412337657064203,1.1262618482112874,0.14477211786931565,2.849999999999998,0.0799999999999983,13.019597248729818,8.786324145952484,0.9414936552445093,0.3937184810638428,0.07736998081207247,3.4166666666666665,1.8499999999999979,3.539999999999999,0.6666666666666666,,,,,,,,,targeted_seed45_Conditional_Transformer_Risk_Generator,0.7136626710072487,0.7225717470030915,0.33448467077830585,0.7317073170731709
muswellbrook,enhanced_gan,58.06842824035727,31.287932574398724,1.252758061736434,7.166666666666667,4.666666666666667,0.3333333333333333,0.6885468530509192,98,C:\Users\13411\MyPython\project\ExtremeScene\results\tailweighted_month_evt_copula\muswellbrook\generated_samples_enhanced_gan.npy,0.8186625736179174,0.0853020608498126,0.0882433830260845,0.2614667731923638,0.0929011900099911,0.1119243495220276,0.2036195965757643,0.0503336847587428,0.1274244358703886,0.4279163144620152,0.0761789785395155,0.1091973894728336,0.0940769006710934,27.104397456199735,0.4638339115814838,43.83354126056749,0.0020482889090258,0.0896262969821695,1.009935154020786,0.1447721178693155,5.549999999999994,6.77,13.928857426114805,19.91063601622793,1.0769833872715633,1.2521901369094848,1.5999124097824091,3.25,2.849999999999998,3.0,0.5833333333333334,1.40927116642663,0.2585753474024958,0.2576710423656705,0.1076563839256236,64.95990226839281,103.23190615982932,1.4076077584177256,10.0,enhanced_gan,1.0,0.9933198260018301,0.25976459661123685,0.17073170731707332
muswellbrook,targeted_seed46_Conditional_NormalizingFlow_Risk_Generator,49.88323504251983,28.849325294359858,1.4046976379177067,7.791666666666667,,0.5416666666666666,0.6970449520215003,99,C:\Users\13411\MyPython\project\ExtremeScene\results\targeted_expanded_pool_multiseed\seed46\expanded_pool\muswellbrook\generated_samples_Conditional_NormalizingFlow_Risk_Generator.npy,0.6319404316169246,0.07535432454524667,0.026516456531295658,0.3703952817660239,0.099323246710647,0.10710238218797884,0.23486029743290365,0.17118181652950049,0.03258734778574012,0.4123986702719507,0.11528646259513138,0.055402062168338206,0.05547312680585048,25.215165518180573,0.051945565232285495,35.98780437451212,0.19518379617993106,1.440782492980361,0.05462451785802891,0.1260053618492191,3.5499999999999936,5.539999999999999,13.009872341035733,12.779539873585257,1.9190409531195958,2.6075071096420293,2.348501791954041,3.0833333333333335,1.0,2.539999999999999,0.7083333333333334,,,,,,,,,targeted_seed46_Conditional_NormalizingFlow_Risk_Generator,0.858782126716833,0.8999318562417375,0.46552790658449716,0.353658536585366
muswellbrook,targeted_seed46_Expanded_ValSelected_Model_Ensemble,49.88323504251983,28.849325294359858,1.4046976379177067,7.791666666666667,,0.5416666666666666,0.6970449520215003,99,C:\Users\13411\MyPython\project\ExtremeScene\results\targeted_expanded_pool_multiseed\seed46\expanded_pool\muswellbrook\generated_samples_Expanded_ValSelected_Model_Ensemble.npy,0.6319404316169246,0.07535432454524667,0.026516456531295658,0.3703952817660239,0.099323246710647,0.10710238218797884,0.23486029743290365,0.17118181652950049,0.03258734778574012,0.4123986702719507,0.11528646259513138,0.055402062168338206,0.05547312680585048,25.215165518180573,0.051945565232285495,35.98780437451212,0.19518379617993106,1.440782492980361,0.05462451785802891,0.1260053618492191,3.5499999999999936,5.539999999999999,13.009872341035733,12.779539873585257,1.9190409531195958,2.6075071096420293,2.348501791954041,3.0833333333333335,1.0,2.539999999999999,0.7083333333333334,,,,,,,,,targeted_seed46_Expanded_ValSelected_Model_Ensemble,0.858782126716833,0.8999318562417375,0.46552790658449716,0.353658536585366
muswellbrook,targeted_seed46_Expanded_ValSelected_Model_Ensemble_Margin_0.05,49.88323504251983,28.849325294359858,1.4046976379177067,7.791666666666667,,0.5416666666666666,0.6970449520215003,99,C:\Users\13411\MyPython\project\ExtremeScene\results\targeted_expanded_pool_multiseed\seed46\expanded_pool\muswellbrook\generated_samples_Expanded_ValSelected_Model_Ensemble_Margin_0.05.npy,0.6319404316169246,0.07535432454524667,0.026516456531295658,0.3703952817660239,0.099323246710647,0.10710238218797884,0.23486029743290365,0.17118181652950049,0.03258734778574012,0.4123986702719507,0.11528646259513138,0.055402062168338206,0.05547312680585048,25.215165518180573,0.051945565232285495,35.98780437451212,0.19518379617993106,1.440782492980361,0.05462451785802891,0.1260053618492191,3.5499999999999936,5.539999999999999,13.009872341035733,12.779539873585257,1.9190409531195958,2.6075071096420293,2.348501791954041,3.0833333333333335,1.0,2.539999999999999,0.7083333333333334,,,,,,,,,targeted_seed46_Expanded_ValSelected_Model_Ensemble_Margin_0.05,0.858782126716833,0.8999318562417375,0.46552790658449716,0.353658536585366
muswellbrook,targeted_seed47_Conditional_NormalizingFlow_Risk_Generator,48.353201775914926,23.962369101436927,1.7993620869140916,6.583333333333333,,0.4583333333333333,0.7135502662320439,102,C:\Users\13411\MyPython\project\ExtremeScene\results\targeted_expanded_pool_multiseed\seed47\expanded_pool\muswellbrook\generated_samples_Conditional_NormalizingFlow_Risk_Generator.npy,0.5432103657060199,0.06830068742954427,0.03539660650362731,0.3787765521297438,0.11165857972726528,0.11681842817792217,0.14711774765173358,0.11149531875612534,0.02700533015205936,0.3563682218291658,0.09715152863764497,0.05974012161120295,0.04581325319805966,23.97759711624704,0.04170368232794978,29.786288005076372,0.25451591109889826,1.4769512977451074,0.4641146925091748,0.04825737262310529,0.15000000000000213,1.5399999999999991,10.868244299153517,11.882654297512687,1.6427679012219112,2.2316467046737674,1.8960373544692994,2.375,2.0,1.2300000000000004,0.75,,,,,,,,,targeted_seed47_Conditional_NormalizingFlow_Risk_Generator,0.8323846992230595,0.7127828548837533,1.0,0.0
